txn_id,source,marketplace,type,business_date,order_id,customer_id,customer_basis,gross_cents,fee_cents,source_file,source_row,shipping_cents,handling_cents,units
amazon:113-9880767-4510484:sale,amazon,amazon,sale,2026-09-01,113-9880767-4510484,,order,2999,690,amazon_daterange_2026-09-01_2026-09-20.csv,1,399,0,1
amazon:111-7402472-4289671:sale,amazon,amazon,sale,2026-09-01,111-7402472-4289671,,order,599,330,amazon_daterange_2026-09-01_2026-09-20.csv,2,399,0,1
amazon:112-3902698-2647535:sale,amazon,amazon,sale,2026-09-01,112-3902698-2647535,,order,2249,577,amazon_daterange_2026-09-01_2026-09-20.csv,3,399,0,1
amazon:114-5690633-7856484:sale,amazon,amazon,sale,2026-09-01,114-5690633-7856484,,order,3199,720,amazon_daterange_2026-09-01_2026-09-20.csv,4,399,0,1
amazon:112-4938183-2009147:sale,amazon,amazon,sale,2026-09-01,112-4938183-2009147,,order,3349,742,amazon_daterange_2026-09-01_2026-09-20.csv,5,399,0,1
amazon:113-5851051-2522376:sale,amazon,amazon,sale,2026-09-01,113-5851051-2522376,,order,5798,1350,amazon_daterange_2026-09-01_2026-09-20.csv,6,798,0,2
amazon:114-8965891-9942545:sale,amazon,amazon,sale,2026-09-01,114-8965891-9942545,,order,5548,1312,amazon_daterange_2026-09-01_2026-09-20.csv,8,798,0,2
amazon:113-8773453-9395244:sale,amazon,amazon,sale,2026-09-01,113-8773453-9395244,,order,2949,682,amazon_daterange_2026-09-01_2026-09-20.csv,10,399,0,1
amazon:113-3318770-8136248:sale,amazon,amazon,sale,2026-09-01,113-3318770-8136248,,order,1249,427,amazon_daterange_2026-09-01_2026-09-20.csv,11,399,0,1
amazon:111-2217869-1394892:sale,amazon,amazon,sale,2026-09-01,111-2217869-1394892,,order,3349,742,amazon_daterange_2026-09-01_2026-09-20.csv,12,399,0,1
amazon:111-4896975-2941364:sale,amazon,amazon,sale,2026-09-01,111-4896975-2941364,,order,949,382,amazon_daterange_2026-09-01_2026-09-20.csv,13,399,0,1
amazon:113-4417668-6133196:sale,amazon,amazon,sale,2026-09-01,113-4417668-6133196,,order,3099,705,amazon_daterange_2026-09-01_2026-09-20.csv,14,399,0,1
amazon:113-9661463-8584264:sale,amazon,amazon,sale,2026-09-02,113-9661463-8584264,,order,1648,727,amazon_daterange_2026-09-01_2026-09-20.csv,15,798,0,2
amazon:113-6401671-3888481:sale,amazon,amazon,sale,2026-09-02,113-6401671-3888481,,order,1299,435,amazon_daterange_2026-09-01_2026-09-20.csv,17,399,0,1
amazon:112-1222846-9541993:sale,amazon,amazon,sale,2026-09-02,112-1222846-9541993,,order,1349,442,amazon_daterange_2026-09-01_2026-09-20.csv,18,399,0,1
amazon:113-9101913-2552442:sale,amazon,amazon,sale,2026-09-02,113-9101913-2552442,,order,2649,637,amazon_daterange_2026-09-01_2026-09-20.csv,19,399,0,1
amazon:114-9283098-5725206:sale,amazon,amazon,sale,2026-09-02,114-9283098-5725206,,order,3399,750,amazon_daterange_2026-09-01_2026-09-20.csv,20,399,0,1
amazon:113-6940463-3312474:sale,amazon,amazon,sale,2026-09-02,113-6940463-3312474,,order,899,375,amazon_daterange_2026-09-01_2026-09-20.csv,21,399,0,1
amazon:112-2619193-9322485:sale,amazon,amazon,sale,2026-09-02,112-2619193-9322485,,order,649,337,amazon_daterange_2026-09-01_2026-09-20.csv,22,399,0,1
amazon:111-4150010-9250935:sale,amazon,amazon,sale,2026-09-02,111-4150010-9250935,,order,449,307,amazon_daterange_2026-09-01_2026-09-20.csv,23,399,0,1
amazon:114-5078319-2201999:sale,amazon,amazon,sale,2026-09-02,114-5078319-2201999,,order,1999,540,amazon_daterange_2026-09-01_2026-09-20.csv,24,399,0,1
amazon:111-3596450-6813132:sale,amazon,amazon,sale,2026-09-02,111-3596450-6813132,,order,2899,675,amazon_daterange_2026-09-01_2026-09-20.csv,25,399,0,1
amazon:113-2500320-3814505:sale,amazon,amazon,sale,2026-09-02,113-2500320-3814505,,order,3948,1072,amazon_daterange_2026-09-01_2026-09-20.csv,26,798,0,2
amazon:114-2599954-9158206:sale,amazon,amazon,sale,2026-09-02,114-2599954-9158206,,order,3399,750,amazon_daterange_2026-09-01_2026-09-20.csv,28,399,0,1
amazon:112-6150718-5904884:sale,amazon,amazon,sale,2026-09-02,112-6150718-5904884,,order,2949,682,amazon_daterange_2026-09-01_2026-09-20.csv,29,399,0,1
amazon:112-9358325-8654489:sale,amazon,amazon,sale,2026-09-02,112-9358325-8654489,,order,2799,660,amazon_daterange_2026-09-01_2026-09-20.csv,30,399,0,1
amazon:111-8973041-2024200:sale,amazon,amazon,sale,2026-09-02,111-8973041-2024200,,order,1299,435,amazon_daterange_2026-09-01_2026-09-20.csv,31,399,0,1
amazon:113-4373907-6485661:sale,amazon,amazon,sale,2026-09-02,113-4373907-6485661,,order,899,375,amazon_daterange_2026-09-01_2026-09-20.csv,32,399,0,1
amazon:112-9596752-4825691:sale,amazon,amazon,sale,2026-09-03,112-9596752-4825691,,order,499,315,amazon_daterange_2026-09-01_2026-09-20.csv,33,399,0,1
amazon:112-8836723-6708242:sale,amazon,amazon,sale,2026-09-03,112-8836723-6708242,,order,1949,532,amazon_daterange_2026-09-01_2026-09-20.csv,34,399,0,1
amazon:112-6721510-7466642:sale,amazon,amazon,sale,2026-09-03,112-6721510-7466642,,order,549,322,amazon_daterange_2026-09-01_2026-09-20.csv,35,399,0,1
amazon:112-8130007-8752631:sale,amazon,amazon,sale,2026-09-03,112-8130007-8752631,,order,2749,652,amazon_daterange_2026-09-01_2026-09-20.csv,36,399,0,1
amazon:114-1575740-9067193:sale,amazon,amazon,sale,2026-09-03,114-1575740-9067193,,order,3149,712,amazon_daterange_2026-09-01_2026-09-20.csv,37,399,0,1
amazon:114-8515079-9827505:sale,amazon,amazon,sale,2026-09-03,114-8515079-9827505,,order,2249,577,amazon_daterange_2026-09-01_2026-09-20.csv,38,399,0,1
amazon:114-1714973-7676914:sale,amazon,amazon,sale,2026-09-03,114-1714973-7676914,,order,1799,510,amazon_daterange_2026-09-01_2026-09-20.csv,39,399,0,1
amazon:113-6733625-7894522:sale,amazon,amazon,sale,2026-09-03,113-6733625-7894522,,order,1399,450,amazon_daterange_2026-09-01_2026-09-20.csv,40,399,0,1
amazon:114-7299131-9056468:sale,amazon,amazon,sale,2026-09-03,114-7299131-9056468,,order,2349,592,amazon_daterange_2026-09-01_2026-09-20.csv,41,399,0,1
amazon:111-4529067-3615765:sale,amazon,amazon,sale,2026-09-03,111-4529067-3615765,,order,849,367,amazon_daterange_2026-09-01_2026-09-20.csv,42,399,0,1
amazon:112-2577014-2679281:sale,amazon,amazon,sale,2026-09-03,112-2577014-2679281,,order,799,360,amazon_daterange_2026-09-01_2026-09-20.csv,43,399,0,1
amazon:111-7982316-8322407:sale,amazon,amazon,sale,2026-09-03,111-7982316-8322407,,order,799,360,amazon_daterange_2026-09-01_2026-09-20.csv,44,399,0,1
amazon:114-5713908-9974841:sale,amazon,amazon,sale,2026-09-03,114-5713908-9974841,,order,2449,607,amazon_daterange_2026-09-01_2026-09-20.csv,45,399,0,1
amazon:111-8593255-2189057:sale,amazon,amazon,sale,2026-09-03,111-8593255-2189057,,order,2549,622,amazon_daterange_2026-09-01_2026-09-20.csv,46,399,0,1
amazon:111-5538629-8204692:sale,amazon,amazon,sale,2026-09-03,111-5538629-8204692,,order,2899,675,amazon_daterange_2026-09-01_2026-09-20.csv,47,399,0,1
amazon:111-8516927-6536259:sale,amazon,amazon,sale,2026-09-04,111-8516927-6536259,,order,1899,525,amazon_daterange_2026-09-01_2026-09-20.csv,48,399,0,1
amazon:113-6389465-7836277:sale,amazon,amazon,sale,2026-09-04,113-6389465-7836277,,order,2299,585,amazon_daterange_2026-09-01_2026-09-20.csv,49,399,0,1
amazon:111-4808639-1531702:sale,amazon,amazon,sale,2026-09-04,111-4808639-1531702,,order,1949,532,amazon_daterange_2026-09-01_2026-09-20.csv,50,399,0,1
amazon:114-9905338-5229360:sale,amazon,amazon,sale,2026-09-04,114-9905338-5229360,,order,2599,630,amazon_daterange_2026-09-01_2026-09-20.csv,51,399,0,1
amazon:111-6274905-8977229:sale,amazon,amazon,sale,2026-09-04,111-6274905-8977229,,order,1549,472,amazon_daterange_2026-09-01_2026-09-20.csv,52,399,0,1
amazon:114-6311105-3067602:sale,amazon,amazon,sale,2026-09-04,114-6311105-3067602,,order,3948,1072,amazon_daterange_2026-09-01_2026-09-20.csv,53,798,0,2
amazon:114-4446143-2987355:sale,amazon,amazon,sale,2026-09-04,114-4446143-2987355,,order,2499,615,amazon_daterange_2026-09-01_2026-09-20.csv,55,399,0,1
amazon:114-9964447-9811238:sale,amazon,amazon,sale,2026-09-04,114-9964447-9811238,,order,2899,675,amazon_daterange_2026-09-01_2026-09-20.csv,56,399,0,1
amazon:112-4820527-5515810:sale,amazon,amazon,sale,2026-09-04,112-4820527-5515810,,order,2849,667,amazon_daterange_2026-09-01_2026-09-20.csv,57,399,0,1
amazon:112-7642539-4638470:sale,amazon,amazon,sale,2026-09-04,112-7642539-4638470,,order,2099,555,amazon_daterange_2026-09-01_2026-09-20.csv,58,399,0,1
amazon:112-7013132-4504187:sale,amazon,amazon,sale,2026-09-04,112-7013132-4504187,,order,1099,405,amazon_daterange_2026-09-01_2026-09-20.csv,59,399,0,1
amazon:111-7403538-9356698:sale,amazon,amazon,sale,2026-09-04,111-7403538-9356698,,order,2449,607,amazon_daterange_2026-09-01_2026-09-20.csv,60,399,0,1
amazon:113-5569168-6494314:sale,amazon,amazon,sale,2026-09-04,113-5569168-6494314,,order,849,367,amazon_daterange_2026-09-01_2026-09-20.csv,61,399,0,1
amazon:113-1796993-8924158:sale,amazon,amazon,sale,2026-09-04,113-1796993-8924158,,order,1249,427,amazon_daterange_2026-09-01_2026-09-20.csv,62,399,0,1
amazon:113-8381198-2126902:sale,amazon,amazon,sale,2026-09-04,113-8381198-2126902,,order,3449,757,amazon_daterange_2026-09-01_2026-09-20.csv,63,399,0,1
amazon:114-7387432-5321665:sale,amazon,amazon,sale,2026-09-04,114-7387432-5321665,,order,1549,472,amazon_daterange_2026-09-01_2026-09-20.csv,64,399,0,1
amazon:111-2893076-4334138:sale,amazon,amazon,sale,2026-09-04,111-2893076-4334138,,order,849,367,amazon_daterange_2026-09-01_2026-09-20.csv,65,399,0,1
amazon:111-7781186-6302481:sale,amazon,amazon,sale,2026-09-05,111-7781186-6302481,,order,3199,720,amazon_daterange_2026-09-01_2026-09-20.csv,66,399,0,1
amazon:112-3559371-2172013:sale,amazon,amazon,sale,2026-09-05,112-3559371-2172013,,order,1249,427,amazon_daterange_2026-09-01_2026-09-20.csv,67,399,0,1
amazon:112-8088128-2519140:sale,amazon,amazon,sale,2026-09-05,112-8088128-2519140,,order,1899,525,amazon_daterange_2026-09-01_2026-09-20.csv,68,399,0,1
amazon:114-3345974-8099308:sale,amazon,amazon,sale,2026-09-05,114-3345974-8099308,,order,2299,585,amazon_daterange_2026-09-01_2026-09-20.csv,69,399,0,1
amazon:114-9142308-1775928:sale,amazon,amazon,sale,2026-09-05,114-9142308-1775928,,order,1599,480,amazon_daterange_2026-09-01_2026-09-20.csv,70,399,0,1
amazon:112-3300089-8322705:sale,amazon,amazon,sale,2026-09-05,112-3300089-8322705,,order,2949,682,amazon_daterange_2026-09-01_2026-09-20.csv,71,399,0,1
amazon:111-9514347-8016003:sale,amazon,amazon,sale,2026-09-05,111-9514347-8016003,,order,1349,442,amazon_daterange_2026-09-01_2026-09-20.csv,72,399,0,1
amazon:113-6748373-9703359:sale,amazon,amazon,sale,2026-09-05,113-6748373-9703359,,order,1849,517,amazon_daterange_2026-09-01_2026-09-20.csv,73,399,0,1
amazon:111-3577273-9791531:sale,amazon,amazon,sale,2026-09-05,111-3577273-9791531,,order,2549,622,amazon_daterange_2026-09-01_2026-09-20.csv,74,399,0,1
amazon:113-9385053-9352423:sale,amazon,amazon,sale,2026-09-05,113-9385053-9352423,,order,849,367,amazon_daterange_2026-09-01_2026-09-20.csv,75,399,0,1
amazon:114-3764962-6387946:sale,amazon,amazon,sale,2026-09-06,114-3764962-6387946,,order,1749,502,amazon_daterange_2026-09-01_2026-09-20.csv,76,399,0,1
amazon:112-3146213-4165989:sale,amazon,amazon,sale,2026-09-06,112-3146213-4165989,,order,3449,757,amazon_daterange_2026-09-01_2026-09-20.csv,77,399,0,1
amazon:113-1709530-9362899:sale,amazon,amazon,sale,2026-09-06,113-1709530-9362899,,order,2249,577,amazon_daterange_2026-09-01_2026-09-20.csv,78,399,0,1
amazon:111-4784209-6969497:sale,amazon,amazon,sale,2026-09-06,111-4784209-6969497,,order,849,367,amazon_daterange_2026-09-01_2026-09-20.csv,79,399,0,1
amazon:111-4652065-1145115:sale,amazon,amazon,sale,2026-09-06,111-4652065-1145115,,order,2648,877,amazon_daterange_2026-09-01_2026-09-20.csv,80,798,0,2
amazon:113-4820459-8640474:sale,amazon,amazon,sale,2026-09-06,113-4820459-8640474,,order,2999,690,amazon_daterange_2026-09-01_2026-09-20.csv,82,399,0,1
amazon:113-6155834-5409053:sale,amazon,amazon,sale,2026-09-06,113-6155834-5409053,,order,2499,615,amazon_daterange_2026-09-01_2026-09-20.csv,83,399,0,1
amazon:114-7111459-7514945:sale,amazon,amazon,sale,2026-09-06,114-7111459-7514945,,order,1849,517,amazon_daterange_2026-09-01_2026-09-20.csv,84,399,0,1
amazon:114-9508761-8736434:sale,amazon,amazon,sale,2026-09-06,114-9508761-8736434,,order,2099,555,amazon_daterange_2026-09-01_2026-09-20.csv,85,399,0,1
amazon:114-3733575-4486711:sale,amazon,amazon,sale,2026-09-06,114-3733575-4486711,,order,2849,667,amazon_daterange_2026-09-01_2026-09-20.csv,86,399,0,1
amazon:112-3478920-6335710:sale,amazon,amazon,sale,2026-09-06,112-3478920-6335710,,order,3349,742,amazon_daterange_2026-09-01_2026-09-20.csv,87,399,0,1
amazon:111-2266902-4562413:sale,amazon,amazon,sale,2026-09-06,111-2266902-4562413,,order,849,367,amazon_daterange_2026-09-01_2026-09-20.csv,88,399,0,1
amazon:111-2379814-8474787:sale,amazon,amazon,sale,2026-09-06,111-2379814-8474787,,order,2599,630,amazon_daterange_2026-09-01_2026-09-20.csv,89,399,0,1
amazon:111-1465557-8739187:sale,amazon,amazon,sale,2026-09-06,111-1465557-8739187,,order,5798,1349,amazon_daterange_2026-09-01_2026-09-20.csv,90,798,0,2
amazon:114-6079216-4278282:sale,amazon,amazon,sale,2026-09-06,114-6079216-4278282,,order,2699,645,amazon_daterange_2026-09-01_2026-09-20.csv,92,399,0,1
amazon:112-1213169-3577508:sale,amazon,amazon,sale,2026-09-06,112-1213169-3577508,,order,1149,412,amazon_daterange_2026-09-01_2026-09-20.csv,93,399,0,1
amazon:112-7662910-3443375:sale,amazon,amazon,sale,2026-09-06,112-7662910-3443375,,order,2799,660,amazon_daterange_2026-09-01_2026-09-20.csv,94,399,0,1
amazon:112-4419968-2060043:sale,amazon,amazon,sale,2026-09-06,112-4419968-2060043,,order,2099,555,amazon_daterange_2026-09-01_2026-09-20.csv,95,399,0,1
amazon:114-8829328-2231720:sale,amazon,amazon,sale,2026-09-07,114-8829328-2231720,,order,2849,667,amazon_daterange_2026-09-01_2026-09-20.csv,96,399,0,1
amazon:111-9755718-6080807:sale,amazon,amazon,sale,2026-09-07,111-9755718-6080807,,order,2199,570,amazon_daterange_2026-09-01_2026-09-20.csv,97,399,0,1
amazon:111-6644989-7322175:sale,amazon,amazon,sale,2026-09-07,111-6644989-7322175,,order,1949,532,amazon_daterange_2026-09-01_2026-09-20.csv,98,399,0,1
amazon:113-2508849-9327673:sale,amazon,amazon,sale,2026-09-07,113-2508849-9327673,,order,2598,869,amazon_daterange_2026-09-01_2026-09-20.csv,99,798,0,2
amazon:111-7041052-7894087:sale,amazon,amazon,sale,2026-09-07,111-7041052-7894087,,order,749,352,amazon_daterange_2026-09-01_2026-09-20.csv,101,399,0,1
amazon:112-6540435-9842224:sale,amazon,amazon,sale,2026-09-07,112-6540435-9842224,,order,2299,585,amazon_daterange_2026-09-01_2026-09-20.csv,102,399,0,1
amazon:114-6957673-6809141:sale,amazon,amazon,sale,2026-09-07,114-6957673-6809141,,order,2999,690,amazon_daterange_2026-09-01_2026-09-20.csv,103,399,0,1
amazon:112-8005611-5615451:sale,amazon,amazon,sale,2026-09-07,112-8005611-5615451,,order,649,337,amazon_daterange_2026-09-01_2026-09-20.csv,104,399,0,1
amazon:112-1117080-7666608:sale,amazon,amazon,sale,2026-09-07,112-1117080-7666608,,order,799,360,amazon_daterange_2026-09-01_2026-09-20.csv,105,399,0,1
amazon:113-4764247-7763793:sale,amazon,amazon,sale,2026-09-07,113-4764247-7763793,,order,3298,975,amazon_daterange_2026-09-01_2026-09-20.csv,106,798,0,2
amazon:112-1872480-7676805:sale,amazon,amazon,sale,2026-09-07,112-1872480-7676805,,order,3499,765,amazon_daterange_2026-09-01_2026-09-20.csv,108,399,0,1
amazon:114-1306398-6139114:sale,amazon,amazon,sale,2026-09-07,114-1306398-6139114,,order,2549,622,amazon_daterange_2026-09-01_2026-09-20.csv,109,399,0,1
amazon:112-8619347-7006223:sale,amazon,amazon,sale,2026-09-08,112-8619347-7006223,,order,3149,712,amazon_daterange_2026-09-01_2026-09-20.csv,110,399,0,1
amazon:114-9470081-3176906:sale,amazon,amazon,sale,2026-09-08,114-9470081-3176906,,order,1799,510,amazon_daterange_2026-09-01_2026-09-20.csv,111,399,0,1
amazon:113-1974635-6197564:sale,amazon,amazon,sale,2026-09-08,113-1974635-6197564,,order,1599,480,amazon_daterange_2026-09-01_2026-09-20.csv,112,399,0,1
amazon:113-5501842-7720931:refund,amazon,amazon,refund,2026-09-08,113-5501842-7720931,,order,-3299,0,amazon_daterange_2026-09-01_2026-09-20.csv,113,-399,0,0
amazon:113-2146842-8445621:sale,amazon,amazon,sale,2026-09-08,113-2146842-8445621,,order,949,382,amazon_daterange_2026-09-01_2026-09-20.csv,114,399,0,1
amazon:114-6745966-1738131:sale,amazon,amazon,sale,2026-09-08,114-6745966-1738131,,order,2199,570,amazon_daterange_2026-09-01_2026-09-20.csv,115,399,0,1
amazon:113-6009875-2399200:sale,amazon,amazon,sale,2026-09-08,113-6009875-2399200,,order,1649,487,amazon_daterange_2026-09-01_2026-09-20.csv,116,399,0,1
amazon:112-9644048-3712443:sale,amazon,amazon,sale,2026-09-08,112-9644048-3712443,,order,1699,495,amazon_daterange_2026-09-01_2026-09-20.csv,117,399,0,1
amazon:111-3056542-8919378:sale,amazon,amazon,sale,2026-09-08,111-3056542-8919378,,order,1549,472,amazon_daterange_2026-09-01_2026-09-20.csv,118,399,0,1
amazon:114-9736629-6459444:sale,amazon,amazon,sale,2026-09-08,114-9736629-6459444,,order,549,322,amazon_daterange_2026-09-01_2026-09-20.csv,119,399,0,1
amazon:114-7638525-5644945:sale,amazon,amazon,sale,2026-09-08,114-7638525-5644945,,order,2999,690,amazon_daterange_2026-09-01_2026-09-20.csv,120,399,0,1
amazon:112-1453937-2250321:sale,amazon,amazon,sale,2026-09-08,112-1453937-2250321,,order,749,352,amazon_daterange_2026-09-01_2026-09-20.csv,121,399,0,1
amazon:111-9731380-4511356:sale,amazon,amazon,sale,2026-09-08,111-9731380-4511356,,order,549,322,amazon_daterange_2026-09-01_2026-09-20.csv,122,399,0,1
amazon:113-6266458-2303521:sale,amazon,amazon,sale,2026-09-08,113-6266458-2303521,,order,899,375,amazon_daterange_2026-09-01_2026-09-20.csv,123,399,0,1
amazon:112-8499574-5785035:sale,amazon,amazon,sale,2026-09-09,112-8499574-5785035,,order,1549,472,amazon_daterange_2026-09-01_2026-09-20.csv,124,399,0,1
amazon:113-1026406-1868068:sale,amazon,amazon,sale,2026-09-09,113-1026406-1868068,,order,1349,442,amazon_daterange_2026-09-01_2026-09-20.csv,125,399,0,1
amazon:112-3738843-4803364:sale,amazon,amazon,sale,2026-09-09,112-3738843-4803364,,order,1949,532,amazon_daterange_2026-09-01_2026-09-20.csv,126,399,0,1
amazon:111-3630971-2921134:sale,amazon,amazon,sale,2026-09-09,111-3630971-2921134,,order,3349,742,amazon_daterange_2026-09-01_2026-09-20.csv,127,399,0,1
amazon:113-3525410-7179536:sale,amazon,amazon,sale,2026-09-09,113-3525410-7179536,,order,3299,735,amazon_daterange_2026-09-01_2026-09-20.csv,128,399,0,1
amazon:114-3247879-7310447:sale,amazon,amazon,sale,2026-09-09,114-3247879-7310447,,order,3299,735,amazon_daterange_2026-09-01_2026-09-20.csv,129,399,0,1
amazon:112-9761518-3397423:sale,amazon,amazon,sale,2026-09-09,112-9761518-3397423,,order,449,307,amazon_daterange_2026-09-01_2026-09-20.csv,130,399,0,1
amazon:111-5975657-1514571:sale,amazon,amazon,sale,2026-09-09,111-5975657-1514571,,order,3099,705,amazon_daterange_2026-09-01_2026-09-20.csv,131,399,0,1
amazon:113-4638594-9822399:sale,amazon,amazon,sale,2026-09-09,113-4638594-9822399,,order,3299,735,amazon_daterange_2026-09-01_2026-09-20.csv,132,399,0,1
amazon:111-7495051-4782698:sale,amazon,amazon,sale,2026-09-09,111-7495051-4782698,,order,3548,1012,amazon_daterange_2026-09-01_2026-09-20.csv,133,798,0,2
amazon:113-8884027-1392223:sale,amazon,amazon,sale,2026-09-09,113-8884027-1392223,,order,3049,697,amazon_daterange_2026-09-01_2026-09-20.csv,135,399,0,1
amazon:114-4687120-9746958:sale,amazon,amazon,sale,2026-09-10,114-4687120-9746958,,order,4998,1229,amazon_daterange_2026-09-01_2026-09-20.csv,136,798,0,2
amazon:114-9398186-9206556:sale,amazon,amazon,sale,2026-09-10,114-9398186-9206556,,order,3299,735,amazon_daterange_2026-09-01_2026-09-20.csv,138,399,0,1
amazon:112-5986762-8004590:sale,amazon,amazon,sale,2026-09-10,112-5986762-8004590,,order,1999,540,amazon_daterange_2026-09-01_2026-09-20.csv,139,399,0,1
amazon:114-1987070-3179106:sale,amazon,amazon,sale,2026-09-10,114-1987070-3179106,,order,3349,742,amazon_daterange_2026-09-01_2026-09-20.csv,140,399,0,1
amazon:113-5130170-4298321:sale,amazon,amazon,sale,2026-09-10,113-5130170-4298321,,order,2899,675,amazon_daterange_2026-09-01_2026-09-20.csv,141,399,0,1
amazon:114-5464546-2348894:sale,amazon,amazon,sale,2026-09-10,114-5464546-2348894,,order,1249,427,amazon_daterange_2026-09-01_2026-09-20.csv,142,399,0,1
amazon:112-6019646-2502765:sale,amazon,amazon,sale,2026-09-10,112-6019646-2502765,,order,2349,592,amazon_daterange_2026-09-01_2026-09-20.csv,143,399,0,1
amazon:112-9271796-2743524:sale,amazon,amazon,sale,2026-09-10,112-9271796-2743524,,order,799,360,amazon_daterange_2026-09-01_2026-09-20.csv,144,399,0,1
amazon:112-2691927-1161707:sale,amazon,amazon,sale,2026-09-10,112-2691927-1161707,,order,4748,1192,amazon_daterange_2026-09-01_2026-09-20.csv,145,798,0,2
amazon:114-8590121-3343655:sale,amazon,amazon,sale,2026-09-10,114-8590121-3343655,,order,3149,712,amazon_daterange_2026-09-01_2026-09-20.csv,147,399,0,1
amazon:113-4778179-5025830:sale,amazon,amazon,sale,2026-09-10,113-4778179-5025830,,order,2499,615,amazon_daterange_2026-09-01_2026-09-20.csv,148,399,0,1
amazon:114-9436005-5874070:sale,amazon,amazon,sale,2026-09-10,114-9436005-5874070,,order,1949,532,amazon_daterange_2026-09-01_2026-09-20.csv,149,399,0,1
amazon:111-7421593-5231313:sale,amazon,amazon,sale,2026-09-10,111-7421593-5231313,,order,749,352,amazon_daterange_2026-09-01_2026-09-20.csv,150,399,0,1
amazon:113-7689597-3006410:sale,amazon,amazon,sale,2026-09-10,113-7689597-3006410,,order,649,337,amazon_daterange_2026-09-01_2026-09-20.csv,151,399,0,1
amazon:113-8975686-9098661:sale,amazon,amazon,sale,2026-09-11,113-8975686-9098661,,order,1449,457,amazon_daterange_2026-09-01_2026-09-20.csv,152,399,0,1
amazon:112-1558636-7922256:sale,amazon,amazon,sale,2026-09-11,112-1558636-7922256,,order,1899,525,amazon_daterange_2026-09-01_2026-09-20.csv,153,399,0,1
amazon:114-5637909-9394160:sale,amazon,amazon,sale,2026-09-11,114-5637909-9394160,,order,2599,630,amazon_daterange_2026-09-01_2026-09-20.csv,154,399,0,1
amazon:114-8403893-2591150:sale,amazon,amazon,sale,2026-09-11,114-8403893-2591150,,order,1699,495,amazon_daterange_2026-09-01_2026-09-20.csv,155,399,0,1
amazon:111-4651328-3875373:sale,amazon,amazon,sale,2026-09-11,111-4651328-3875373,,order,949,382,amazon_daterange_2026-09-01_2026-09-20.csv,156,399,0,1
amazon:112-8659309-2263677:sale,amazon,amazon,sale,2026-09-11,112-8659309-2263677,,order,2249,577,amazon_daterange_2026-09-01_2026-09-20.csv,157,399,0,1
amazon:113-3454985-6510415:sale,amazon,amazon,sale,2026-09-11,113-3454985-6510415,,order,1149,412,amazon_daterange_2026-09-01_2026-09-20.csv,158,399,0,1
amazon:111-3788513-7919312:sale,amazon,amazon,sale,2026-09-11,111-3788513-7919312,,order,3199,720,amazon_daterange_2026-09-01_2026-09-20.csv,159,399,0,1
amazon:112-8498063-3302030:sale,amazon,amazon,sale,2026-09-11,112-8498063-3302030,,order,4098,1095,amazon_daterange_2026-09-01_2026-09-20.csv,160,798,0,2
amazon:113-1538846-1704662:sale,amazon,amazon,sale,2026-09-11,113-1538846-1704662,,order,2849,667,amazon_daterange_2026-09-01_2026-09-20.csv,162,399,0,1
amazon:112-7751708-8824006:sale,amazon,amazon,sale,2026-09-12,112-7751708-8824006,,order,2349,592,amazon_daterange_2026-09-01_2026-09-20.csv,163,399,0,1
amazon:113-6379044-5520915:sale,amazon,amazon,sale,2026-09-12,113-6379044-5520915,,order,1849,517,amazon_daterange_2026-09-01_2026-09-20.csv,164,399,0,1
amazon:112-6846124-5466867:sale,amazon,amazon,sale,2026-09-12,112-6846124-5466867,,order,1549,472,amazon_daterange_2026-09-01_2026-09-20.csv,165,399,0,1
amazon:114-9823466-4877296:sale,amazon,amazon,sale,2026-09-12,114-9823466-4877296,,order,3349,742,amazon_daterange_2026-09-01_2026-09-20.csv,166,399,0,1
amazon:111-6406855-2755925:sale,amazon,amazon,sale,2026-09-12,111-6406855-2755925,,order,799,360,amazon_daterange_2026-09-01_2026-09-20.csv,167,399,0,1
amazon:113-2506824-7493738:sale,amazon,amazon,sale,2026-09-12,113-2506824-7493738,,order,3049,697,amazon_daterange_2026-09-01_2026-09-20.csv,168,399,0,1
amazon:111-4095014-9174731:sale,amazon,amazon,sale,2026-09-12,111-4095014-9174731,,order,2199,570,amazon_daterange_2026-09-01_2026-09-20.csv,169,399,0,1
amazon:114-8455085-9084174:sale,amazon,amazon,sale,2026-09-12,114-8455085-9084174,,order,2849,667,amazon_daterange_2026-09-01_2026-09-20.csv,170,399,0,1
amazon:114-2747161-4206931:sale,amazon,amazon,sale,2026-09-12,114-2747161-4206931,,order,1649,487,amazon_daterange_2026-09-01_2026-09-20.csv,171,399,0,1
amazon:111-5040714-3317580:sale,amazon,amazon,sale,2026-09-12,111-5040714-3317580,,order,2499,615,amazon_daterange_2026-09-01_2026-09-20.csv,172,399,0,1
amazon:114-4753207-2628954:sale,amazon,amazon,sale,2026-09-12,114-4753207-2628954,,order,1649,487,amazon_daterange_2026-09-01_2026-09-20.csv,173,399,0,1
amazon:114-7048052-8998519:sale,amazon,amazon,sale,2026-09-12,114-7048052-8998519,,order,799,360,amazon_daterange_2026-09-01_2026-09-20.csv,174,399,0,1
amazon:112-4497377-2210223:sale,amazon,amazon,sale,2026-09-12,112-4497377-2210223,,order,1149,412,amazon_daterange_2026-09-01_2026-09-20.csv,175,399,0,1
amazon:112-4531306-1044556:sale,amazon,amazon,sale,2026-09-12,112-4531306-1044556,,order,2649,637,amazon_daterange_2026-09-01_2026-09-20.csv,176,399,0,1
amazon:114-4619643-2202540:sale,amazon,amazon,sale,2026-09-12,114-4619643-2202540,,order,549,322,amazon_daterange_2026-09-01_2026-09-20.csv,177,399,0,1
amazon:112-4948235-9460527:sale,amazon,amazon,sale,2026-09-12,112-4948235-9460527,,order,3199,720,amazon_daterange_2026-09-01_2026-09-20.csv,178,399,0,1
amazon:114-7368079-3722387:sale,amazon,amazon,sale,2026-09-12,114-7368079-3722387,,order,3249,727,amazon_daterange_2026-09-01_2026-09-20.csv,179,399,0,1
amazon:111-9271395-4328438:sale,amazon,amazon,sale,2026-09-12,111-9271395-4328438,,order,3499,765,amazon_daterange_2026-09-01_2026-09-20.csv,180,399,0,1
amazon:112-6807426-5644498:sale,amazon,amazon,sale,2026-09-13,112-6807426-5644498,,order,499,315,amazon_daterange_2026-09-01_2026-09-20.csv,181,399,0,1
amazon:113-6191970-1561202:sale,amazon,amazon,sale,2026-09-13,113-6191970-1561202,,order,2099,555,amazon_daterange_2026-09-01_2026-09-20.csv,182,399,0,1
amazon:111-4685981-2088644:sale,amazon,amazon,sale,2026-09-13,111-4685981-2088644,,order,1799,510,amazon_daterange_2026-09-01_2026-09-20.csv,183,399,0,1
amazon:114-1774449-1869370:sale,amazon,amazon,sale,2026-09-13,114-1774449-1869370,,order,899,375,amazon_daterange_2026-09-01_2026-09-20.csv,184,399,0,1
amazon:111-5418388-6101642:sale,amazon,amazon,sale,2026-09-13,111-5418388-6101642,,order,2649,637,amazon_daterange_2026-09-01_2026-09-20.csv,185,399,0,1
amazon:113-5150021-1688070:sale,amazon,amazon,sale,2026-09-13,113-5150021-1688070,,order,3249,727,amazon_daterange_2026-09-01_2026-09-20.csv,186,399,0,1
amazon:111-5864616-9941135:sale,amazon,amazon,sale,2026-09-13,111-5864616-9941135,,order,1049,397,amazon_daterange_2026-09-01_2026-09-20.csv,187,399,0,1
amazon:111-8567705-1676995:sale,amazon,amazon,sale,2026-09-13,111-8567705-1676995,,order,1449,457,amazon_daterange_2026-09-01_2026-09-20.csv,188,399,0,1
amazon:112-6268742-2225827:sale,amazon,amazon,sale,2026-09-13,112-6268742-2225827,,order,2299,585,amazon_daterange_2026-09-01_2026-09-20.csv,189,399,0,1
amazon:111-4459930-2454740:sale,amazon,amazon,sale,2026-09-13,111-4459930-2454740,,order,6648,1477,amazon_daterange_2026-09-01_2026-09-20.csv,190,798,0,2
amazon:113-2796037-5458081:sale,amazon,amazon,sale,2026-09-13,113-2796037-5458081,,order,1149,412,amazon_daterange_2026-09-01_2026-09-20.csv,192,399,0,1
amazon:111-9417820-2056553:sale,amazon,amazon,sale,2026-09-13,111-9417820-2056553,,order,1799,510,amazon_daterange_2026-09-01_2026-09-20.csv,193,399,0,1
amazon:113-5512933-6896333:sale,amazon,amazon,sale,2026-09-13,113-5512933-6896333,,order,2699,645,amazon_daterange_2026-09-01_2026-09-20.csv,194,399,0,1
amazon:112-6186550-3036237:sale,amazon,amazon,sale,2026-09-13,112-6186550-3036237,,order,1449,457,amazon_daterange_2026-09-01_2026-09-20.csv,195,399,0,1
amazon:111-9270919-9157193:sale,amazon,amazon,sale,2026-09-13,111-9270919-9157193,,order,5098,1245,amazon_daterange_2026-09-01_2026-09-20.csv,196,798,0,2
amazon:113-9017016-4910624:sale,amazon,amazon,sale,2026-09-13,113-9017016-4910624,,order,2099,555,amazon_daterange_2026-09-01_2026-09-20.csv,198,399,0,1
amazon:112-2988064-9603537:sale,amazon,amazon,sale,2026-09-13,112-2988064-9603537,,order,2949,682,amazon_daterange_2026-09-01_2026-09-20.csv,199,399,0,1
amazon:112-4980192-3092978:sale,amazon,amazon,sale,2026-09-13,112-4980192-3092978,,order,1299,435,amazon_daterange_2026-09-01_2026-09-20.csv,200,399,0,1
amazon:112-4397758-7117432:sale,amazon,amazon,sale,2026-09-13,112-4397758-7117432,,order,2249,577,amazon_daterange_2026-09-01_2026-09-20.csv,201,399,0,1
amazon:111-8253876-1129952:sale,amazon,amazon,sale,2026-09-14,111-8253876-1129952,,order,849,367,amazon_daterange_2026-09-01_2026-09-20.csv,202,399,0,1
amazon:111-5397831-7835261:sale,amazon,amazon,sale,2026-09-14,111-5397831-7835261,,order,4598,1169,amazon_daterange_2026-09-01_2026-09-20.csv,203,798,0,2
amazon:114-1430692-6858857:sale,amazon,amazon,sale,2026-09-14,114-1430692-6858857,,order,599,330,amazon_daterange_2026-09-01_2026-09-20.csv,205,399,0,1
amazon:112-5965200-8159111:sale,amazon,amazon,sale,2026-09-14,112-5965200-8159111,,order,549,322,amazon_daterange_2026-09-01_2026-09-20.csv,206,399,0,1
amazon:111-9290489-4107062:sale,amazon,amazon,sale,2026-09-14,111-9290489-4107062,,order,1799,510,amazon_daterange_2026-09-01_2026-09-20.csv,207,399,0,1
amazon:112-5495195-6500530:sale,amazon,amazon,sale,2026-09-14,112-5495195-6500530,,order,2849,667,amazon_daterange_2026-09-01_2026-09-20.csv,208,399,0,1
amazon:112-1648741-1430813:sale,amazon,amazon,sale,2026-09-14,112-1648741-1430813,,order,1899,525,amazon_daterange_2026-09-01_2026-09-20.csv,209,399,0,1
amazon:113-1792278-9463130:sale,amazon,amazon,sale,2026-09-14,113-1792278-9463130,,order,2999,690,amazon_daterange_2026-09-01_2026-09-20.csv,210,399,0,1
amazon:112-7649908-7594995:sale,amazon,amazon,sale,2026-09-14,112-7649908-7594995,,order,2449,607,amazon_daterange_2026-09-01_2026-09-20.csv,211,399,0,1
amazon:113-3051545-5315546:sale,amazon,amazon,sale,2026-09-14,113-3051545-5315546,,order,3299,735,amazon_daterange_2026-09-01_2026-09-20.csv,212,399,0,1
amazon:113-1478971-4927652:sale,amazon,amazon,sale,2026-09-14,113-1478971-4927652,,order,2648,877,amazon_daterange_2026-09-01_2026-09-20.csv,213,798,0,2
amazon:114-8718893-7078230:sale,amazon,amazon,sale,2026-09-14,114-8718893-7078230,,order,1599,480,amazon_daterange_2026-09-01_2026-09-20.csv,215,399,0,1
amazon:111-1206796-2390047:sale,amazon,amazon,sale,2026-09-14,111-1206796-2390047,,order,849,367,amazon_daterange_2026-09-01_2026-09-20.csv,216,399,0,1
amazon:112-4241093-1982582:sale,amazon,amazon,sale,2026-09-14,112-4241093-1982582,,order,449,307,amazon_daterange_2026-09-01_2026-09-20.csv,217,399,0,1
amazon:112-1775714-5526311:sale,amazon,amazon,sale,2026-09-14,112-1775714-5526311,,order,499,315,amazon_daterange_2026-09-01_2026-09-20.csv,218,399,0,1
amazon:112-3263372-1872752:sale,amazon,amazon,sale,2026-09-14,112-3263372-1872752,,order,3049,697,amazon_daterange_2026-09-01_2026-09-20.csv,219,399,0,1
amazon:112-6016150-9880923:sale,amazon,amazon,sale,2026-09-15,112-6016150-9880923,,order,1949,532,amazon_daterange_2026-09-01_2026-09-20.csv,220,399,0,1
amazon:112-3634331-2530012:sale,amazon,amazon,sale,2026-09-15,112-3634331-2530012,,order,2099,555,amazon_daterange_2026-09-01_2026-09-20.csv,221,399,0,1
amazon:111-1748321-2529770:sale,amazon,amazon,sale,2026-09-15,111-1748321-2529770,,order,5048,1237,amazon_daterange_2026-09-01_2026-09-20.csv,222,798,0,2
amazon:114-9917871-9334952:sale,amazon,amazon,sale,2026-09-15,114-9917871-9334952,,order,1099,405,amazon_daterange_2026-09-01_2026-09-20.csv,224,399,0,1
amazon:112-4631077-3051217:sale,amazon,amazon,sale,2026-09-15,112-4631077-3051217,,order,549,322,amazon_daterange_2026-09-01_2026-09-20.csv,225,399,0,1
amazon:112-1241594-4894793:sale,amazon,amazon,sale,2026-09-15,112-1241594-4894793,,order,1849,517,amazon_daterange_2026-09-01_2026-09-20.csv,226,399,0,1
amazon:113-3747608-5280241:sale,amazon,amazon,sale,2026-09-15,113-3747608-5280241,,order,2399,600,amazon_daterange_2026-09-01_2026-09-20.csv,227,399,0,1
amazon:112-7463776-4166730:sale,amazon,amazon,sale,2026-09-15,112-7463776-4166730,,order,899,375,amazon_daterange_2026-09-01_2026-09-20.csv,228,399,0,1
amazon:111-4655178-9620118:sale,amazon,amazon,sale,2026-09-15,111-4655178-9620118,,order,2699,645,amazon_daterange_2026-09-01_2026-09-20.csv,229,399,0,1
amazon:112-6016107-4186371:sale,amazon,amazon,sale,2026-09-15,112-6016107-4186371,,order,2599,630,amazon_daterange_2026-09-01_2026-09-20.csv,230,399,0,1
amazon:114-6114828-8265835:sale,amazon,amazon,sale,2026-09-15,114-6114828-8265835,,order,1949,532,amazon_daterange_2026-09-01_2026-09-20.csv,231,399,0,1
amazon:113-4057990-1314096:sale,amazon,amazon,sale,2026-09-16,113-4057990-1314096,,order,3898,1065,amazon_daterange_2026-09-01_2026-09-20.csv,232,798,0,2
amazon:114-6386548-3905658:sale,amazon,amazon,sale,2026-09-16,114-6386548-3905658,,order,3049,697,amazon_daterange_2026-09-01_2026-09-20.csv,234,399,0,1
amazon:111-7284857-3970741:sale,amazon,amazon,sale,2026-09-16,111-7284857-3970741,,order,2599,630,amazon_daterange_2026-09-01_2026-09-20.csv,235,399,0,1
amazon:111-8918084-6381061:sale,amazon,amazon,sale,2026-09-16,111-8918084-6381061,,order,2699,645,amazon_daterange_2026-09-01_2026-09-20.csv,236,399,0,1
amazon:113-4409362-2091766:sale,amazon,amazon,sale,2026-09-16,113-4409362-2091766,,order,2099,555,amazon_daterange_2026-09-01_2026-09-20.csv,237,399,0,1
amazon:113-5554354-2411846:sale,amazon,amazon,sale,2026-09-16,113-5554354-2411846,,order,2999,690,amazon_daterange_2026-09-01_2026-09-20.csv,238,399,0,1
amazon:113-2713284-5349113:sale,amazon,amazon,sale,2026-09-16,113-2713284-5349113,,order,649,337,amazon_daterange_2026-09-01_2026-09-20.csv,239,399,0,1
amazon:113-5778137-9846181:sale,amazon,amazon,sale,2026-09-16,113-5778137-9846181,,order,1899,525,amazon_daterange_2026-09-01_2026-09-20.csv,240,399,0,1
amazon:113-7913777-3829350:sale,amazon,amazon,sale,2026-09-16,113-7913777-3829350,,order,2399,600,amazon_daterange_2026-09-01_2026-09-20.csv,241,399,0,1
amazon:114-7327866-5801786:sale,amazon,amazon,sale,2026-09-16,114-7327866-5801786,,order,849,367,amazon_daterange_2026-09-01_2026-09-20.csv,242,399,0,1
amazon:113-8321731-1640423:sale,amazon,amazon,sale,2026-09-16,113-8321731-1640423,,order,649,337,amazon_daterange_2026-09-01_2026-09-20.csv,243,399,0,1
amazon:112-8932289-7674339:sale,amazon,amazon,sale,2026-09-16,112-8932289-7674339,,order,3099,705,amazon_daterange_2026-09-01_2026-09-20.csv,244,399,0,1
amazon:114-3999964-1370905:sale,amazon,amazon,sale,2026-09-16,114-3999964-1370905,,order,3099,705,amazon_daterange_2026-09-01_2026-09-20.csv,245,399,0,1
amazon:114-1104661-2547372:sale,amazon,amazon,sale,2026-09-16,114-1104661-2547372,,order,1099,405,amazon_daterange_2026-09-01_2026-09-20.csv,246,399,0,1
amazon:114-4719906-5640699:sale,amazon,amazon,sale,2026-09-17,114-4719906-5640699,,order,3398,990,amazon_daterange_2026-09-01_2026-09-20.csv,247,798,0,2
amazon:113-5366726-7242999:sale,amazon,amazon,sale,2026-09-17,113-5366726-7242999,,order,1699,495,amazon_daterange_2026-09-01_2026-09-20.csv,249,399,0,1
amazon:111-8111566-8285612:sale,amazon,amazon,sale,2026-09-17,111-8111566-8285612,,order,549,322,amazon_daterange_2026-09-01_2026-09-20.csv,250,399,0,1
amazon:112-7206608-8798721:sale,amazon,amazon,sale,2026-09-17,112-7206608-8798721,,order,3249,727,amazon_daterange_2026-09-01_2026-09-20.csv,251,399,0,1
amazon:112-6970591-5715263:sale,amazon,amazon,sale,2026-09-17,112-6970591-5715263,,order,4698,1184,amazon_daterange_2026-09-01_2026-09-20.csv,252,798,0,2
amazon:112-6748737-1861604:sale,amazon,amazon,sale,2026-09-17,112-6748737-1861604,,order,3049,697,amazon_daterange_2026-09-01_2026-09-20.csv,254,399,0,1
amazon:114-3704952-8850366:sale,amazon,amazon,sale,2026-09-17,114-3704952-8850366,,order,2898,914,amazon_daterange_2026-09-01_2026-09-20.csv,255,798,0,2
amazon:114-2161116-5804922:sale,amazon,amazon,sale,2026-09-17,114-2161116-5804922,,order,1899,525,amazon_daterange_2026-09-01_2026-09-20.csv,257,399,0,1
amazon:112-3740844-9284158:sale,amazon,amazon,sale,2026-09-17,112-3740844-9284158,,order,3099,705,amazon_daterange_2026-09-01_2026-09-20.csv,258,399,0,1
amazon:112-7105173-3760994:sale,amazon,amazon,sale,2026-09-17,112-7105173-3760994,,order,2399,600,amazon_daterange_2026-09-01_2026-09-20.csv,259,399,0,1
amazon:114-7145461-5349686:sale,amazon,amazon,sale,2026-09-17,114-7145461-5349686,,order,2549,622,amazon_daterange_2026-09-01_2026-09-20.csv,260,399,0,1
amazon:111-5711296-1505994:sale,amazon,amazon,sale,2026-09-17,111-5711296-1505994,,order,1699,495,amazon_daterange_2026-09-01_2026-09-20.csv,261,399,0,1
amazon:114-4132050-7481413:sale,amazon,amazon,sale,2026-09-18,114-4132050-7481413,,order,3499,765,amazon_daterange_2026-09-01_2026-09-20.csv,262,399,0,1
amazon:112-5022345-2470840:sale,amazon,amazon,sale,2026-09-18,112-5022345-2470840,,order,2499,615,amazon_daterange_2026-09-01_2026-09-20.csv,263,399,0,1
amazon:111-6065666-3091311:sale,amazon,amazon,sale,2026-09-18,111-6065666-3091311,,order,3399,750,amazon_daterange_2026-09-01_2026-09-20.csv,264,399,0,1
amazon:112-4393196-6166692:sale,amazon,amazon,sale,2026-09-18,112-4393196-6166692,,order,949,382,amazon_daterange_2026-09-01_2026-09-20.csv,265,399,0,1
amazon:113-7645941-2472341:sale,amazon,amazon,sale,2026-09-18,113-7645941-2472341,,order,1849,517,amazon_daterange_2026-09-01_2026-09-20.csv,266,399,0,1
amazon:113-2926561-7173231:sale,amazon,amazon,sale,2026-09-18,113-2926561-7173231,,order,2499,615,amazon_daterange_2026-09-01_2026-09-20.csv,267,399,0,1
amazon:113-5651335-8065142:sale,amazon,amazon,sale,2026-09-18,113-5651335-8065142,,order,1149,412,amazon_daterange_2026-09-01_2026-09-20.csv,268,399,0,1
amazon:114-6304906-4420520:sale,amazon,amazon,sale,2026-09-18,114-6304906-4420520,,order,4598,1170,amazon_daterange_2026-09-01_2026-09-20.csv,269,798,0,2
amazon:111-6926523-2859879:sale,amazon,amazon,sale,2026-09-18,111-6926523-2859879,,order,799,360,amazon_daterange_2026-09-01_2026-09-20.csv,271,399,0,1
amazon:113-4418178-4098953:sale,amazon,amazon,sale,2026-09-18,113-4418178-4098953,,order,3199,720,amazon_daterange_2026-09-01_2026-09-20.csv,272,399,0,1
amazon:111-8697544-7991259:sale,amazon,amazon,sale,2026-09-18,111-8697544-7991259,,order,4998,1230,amazon_daterange_2026-09-01_2026-09-20.csv,273,798,0,2
amazon:114-4276226-1600517:sale,amazon,amazon,sale,2026-09-18,114-4276226-1600517,,order,2299,585,amazon_daterange_2026-09-01_2026-09-20.csv,275,399,0,1
amazon:114-1040425-7493703:sale,amazon,amazon,sale,2026-09-18,114-1040425-7493703,,order,2249,577,amazon_daterange_2026-09-01_2026-09-20.csv,276,399,0,1
amazon:113-4477156-3522383:sale,amazon,amazon,sale,2026-09-18,113-4477156-3522383,,order,1749,502,amazon_daterange_2026-09-01_2026-09-20.csv,277,399,0,1
amazon:111-7391323-7961401:sale,amazon,amazon,sale,2026-09-18,111-7391323-7961401,,order,3349,742,amazon_daterange_2026-09-01_2026-09-20.csv,278,399,0,1
amazon:112-6038806-3079173:sale,amazon,amazon,sale,2026-09-18,112-6038806-3079173,,order,2799,660,amazon_daterange_2026-09-01_2026-09-20.csv,279,399,0,1
amazon:114-6375285-7861016:sale,amazon,amazon,sale,2026-09-18,114-6375285-7861016,,order,1898,765,amazon_daterange_2026-09-01_2026-09-20.csv,280,798,0,2
amazon:113-6531842-2697468:sale,amazon,amazon,sale,2026-09-19,113-6531842-2697468,,order,1349,442,amazon_daterange_2026-09-01_2026-09-20.csv,282,399,0,1
amazon:113-1490048-7574965:sale,amazon,amazon,sale,2026-09-19,113-1490048-7574965,,order,2299,585,amazon_daterange_2026-09-01_2026-09-20.csv,283,399,0,1
amazon:114-1534816-3946287:sale,amazon,amazon,sale,2026-09-19,114-1534816-3946287,,order,2799,660,amazon_daterange_2026-09-01_2026-09-20.csv,284,399,0,1
amazon:113-7187806-2714690:sale,amazon,amazon,sale,2026-09-19,113-7187806-2714690,,order,2899,675,amazon_daterange_2026-09-01_2026-09-20.csv,285,399,0,1
amazon:114-9617803-7724066:sale,amazon,amazon,sale,2026-09-19,114-9617803-7724066,,order,2999,690,amazon_daterange_2026-09-01_2026-09-20.csv,286,399,0,1
amazon:114-2161116-5804922:refund,amazon,amazon,refund,2026-09-19,114-2161116-5804922,,order,-1899,0,amazon_daterange_2026-09-01_2026-09-20.csv,287,-399,0,0
amazon:113-6284884-7173503:sale,amazon,amazon,sale,2026-09-19,113-6284884-7173503,,order,2049,547,amazon_daterange_2026-09-01_2026-09-20.csv,288,399,0,1
amazon:111-1468736-1517517:sale,amazon,amazon,sale,2026-09-19,111-1468736-1517517,,order,3299,735,amazon_daterange_2026-09-01_2026-09-20.csv,289,399,0,1
amazon:112-4658452-1265497:sale,amazon,amazon,sale,2026-09-19,112-4658452-1265497,,order,2349,592,amazon_daterange_2026-09-01_2026-09-20.csv,290,399,0,1
amazon:111-7680386-1181819:sale,amazon,amazon,sale,2026-09-19,111-7680386-1181819,,order,2499,615,amazon_daterange_2026-09-01_2026-09-20.csv,291,399,0,1
amazon:114-5230652-5622844:sale,amazon,amazon,sale,2026-09-19,114-5230652-5622844,,order,3299,735,amazon_daterange_2026-09-01_2026-09-20.csv,292,399,0,1
amazon:114-8867252-6139037:sale,amazon,amazon,sale,2026-09-19,114-8867252-6139037,,order,499,315,amazon_daterange_2026-09-01_2026-09-20.csv,293,399,0,1
amazon:114-4067073-9875399:sale,amazon,amazon,sale,2026-09-19,114-4067073-9875399,,order,2349,592,amazon_daterange_2026-09-01_2026-09-20.csv,294,399,0,1
amazon:111-7709972-7506045:sale,amazon,amazon,sale,2026-09-19,111-7709972-7506045,,order,6048,1387,amazon_daterange_2026-09-01_2026-09-20.csv,295,798,0,2
amazon:111-4388706-4180498:sale,amazon,amazon,sale,2026-09-19,111-4388706-4180498,,order,2999,690,amazon_daterange_2026-09-01_2026-09-20.csv,297,399,0,1
amazon:113-4068855-4060064:sale,amazon,amazon,sale,2026-09-20,113-4068855-4060064,,order,2749,652,amazon_daterange_2026-09-01_2026-09-20.csv,298,399,0,1
amazon:113-1060665-1359949:sale,amazon,amazon,sale,2026-09-20,113-1060665-1359949,,order,2199,570,amazon_daterange_2026-09-01_2026-09-20.csv,299,399,0,1
amazon:114-9219055-4703641:sale,amazon,amazon,sale,2026-09-20,114-9219055-4703641,,order,3199,720,amazon_daterange_2026-09-01_2026-09-20.csv,300,399,0,1
amazon:114-2038222-5519508:sale,amazon,amazon,sale,2026-09-20,114-2038222-5519508,,order,5448,1297,amazon_daterange_2026-09-01_2026-09-20.csv,301,798,0,2
amazon:114-4273729-6598599:sale,amazon,amazon,sale,2026-09-20,114-4273729-6598599,,order,2549,622,amazon_daterange_2026-09-01_2026-09-20.csv,303,399,0,1
amazon:112-1241746-8691682:sale,amazon,amazon,sale,2026-09-20,112-1241746-8691682,,order,2199,570,amazon_daterange_2026-09-01_2026-09-20.csv,304,399,0,1
amazon:114-5122057-4751651:sale,amazon,amazon,sale,2026-09-20,114-5122057-4751651,,order,799,360,amazon_daterange_2026-09-01_2026-09-20.csv,305,399,0,1
amazon:113-8260283-8621504:sale,amazon,amazon,sale,2026-09-20,113-8260283-8621504,,order,5148,1252,amazon_daterange_2026-09-01_2026-09-20.csv,306,798,0,2
amazon:114-7318160-6333259:sale,amazon,amazon,sale,2026-09-20,114-7318160-6333259,,order,2349,592,amazon_daterange_2026-09-01_2026-09-20.csv,308,399,0,1
amazon:111-5642205-7723177:sale,amazon,amazon,sale,2026-09-20,111-5642205-7723177,,order,3149,712,amazon_daterange_2026-09-01_2026-09-20.csv,309,399,0,1
amazon:111-3624731-5275185:sale,amazon,amazon,sale,2026-09-20,111-3624731-5275185,,order,5198,1260,amazon_daterange_2026-09-01_2026-09-20.csv,310,798,0,2
amazon:112-4334875-8652353:sale,amazon,amazon,sale,2026-09-20,112-4334875-8652353,,order,1999,540,amazon_daterange_2026-09-01_2026-09-20.csv,312,399,0,1
amazon:112-3987291-9774836:sale,amazon,amazon,sale,2026-09-20,112-3987291-9774836,,order,2349,592,amazon_daterange_2026-09-01_2026-09-20.csv,313,399,0,1
amazon:112-8260807-7385489:sale,amazon,amazon,sale,2026-09-20,112-8260807-7385489,,order,5698,1335,amazon_daterange_2026-09-01_2026-09-20.csv,314,798,0,2
amazon:112-3780629-6040163:sale,amazon,amazon,sale,2026-09-20,112-3780629-6040163,,order,3349,742,amazon_daterange_2026-09-01_2026-09-20.csv,316,399,0,1
amazon:112-9723919-8007222:sale,amazon,amazon,sale,2026-09-20,112-9723919-8007222,,order,2599,630,amazon_daterange_2026-09-01_2026-09-20.csv,317,399,0,1
amazon:114-3152701-9345057:sale,amazon,amazon,sale,2026-09-20,114-3152701-9345057,,order,749,352,amazon_daterange_2026-09-01_2026-09-20.csv,318,399,0,1
amazon:112-8142270-1339755:sale,amazon,amazon,sale,2026-09-20,112-8142270-1339755,,order,899,375,amazon_daterange_2026-09-01_2026-09-20.csv,319,399,0,1
amazon:111-6439473-1837720:sale,amazon,amazon,sale,2026-09-20,111-6439473-1837720,,order,799,360,amazon_daterange_2026-09-01_2026-09-20.csv,320,399,0,1
amazon:113-7837046-6010250:sale,amazon,amazon,sale,2026-09-20,113-7837046-6010250,,order,5798,1350,amazon_daterange_2026-09-01_2026-09-20.csv,321,798,0,2
amazon:111-7309095-4789387:sale,amazon,amazon,sale,2026-09-20,111-7309095-4789387,,order,849,367,amazon_daterange_2026-09-01_2026-09-20.csv,323,399,0,1
amazon:112-1021912-9254822:sale,amazon,amazon,sale,2026-09-23,112-1021912-9254822,,order,1099,405,amazon_daterange_2026-09-23_2026-09-30.csv,1,399,0,1
amazon:113-5807952-3151271:sale,amazon,amazon,sale,2026-09-23,113-5807952-3151271,,order,1649,487,amazon_daterange_2026-09-23_2026-09-30.csv,2,399,0,1
amazon:114-6100176-4551792:sale,amazon,amazon,sale,2026-09-23,114-6100176-4551792,,order,2449,607,amazon_daterange_2026-09-23_2026-09-30.csv,3,399,0,1
amazon:114-5153951-1263907:sale,amazon,amazon,sale,2026-09-23,114-5153951-1263907,,order,3149,712,amazon_daterange_2026-09-23_2026-09-30.csv,4,399,0,1
amazon:114-8260525-2018660:sale,amazon,amazon,sale,2026-09-23,114-8260525-2018660,,order,849,367,amazon_daterange_2026-09-23_2026-09-30.csv,5,399,0,1
amazon:113-5175679-4430922:sale,amazon,amazon,sale,2026-09-23,113-5175679-4430922,,order,5848,1357,amazon_daterange_2026-09-23_2026-09-30.csv,6,798,0,2
amazon:114-4072069-1711106:sale,amazon,amazon,sale,2026-09-23,114-4072069-1711106,,order,1999,540,amazon_daterange_2026-09-23_2026-09-30.csv,8,399,0,1
amazon:113-6645234-1298643:sale,amazon,amazon,sale,2026-09-23,113-6645234-1298643,,order,1949,532,amazon_daterange_2026-09-23_2026-09-30.csv,9,399,0,1
amazon:111-9376325-7956047:sale,amazon,amazon,sale,2026-09-23,111-9376325-7956047,,order,949,382,amazon_daterange_2026-09-23_2026-09-30.csv,10,399,0,1
amazon:111-9243383-8796106:sale,amazon,amazon,sale,2026-09-23,111-9243383-8796106,,order,1449,457,amazon_daterange_2026-09-23_2026-09-30.csv,11,399,0,1
amazon:111-6454470-7309800:sale,amazon,amazon,sale,2026-09-23,111-6454470-7309800,,order,2949,682,amazon_daterange_2026-09-23_2026-09-30.csv,12,399,0,1
amazon:114-3944477-6435572:sale,amazon,amazon,sale,2026-09-23,114-3944477-6435572,,order,1299,435,amazon_daterange_2026-09-23_2026-09-30.csv,13,399,0,1
amazon:112-9266128-2703397:sale,amazon,amazon,sale,2026-09-23,112-9266128-2703397,,order,2249,577,amazon_daterange_2026-09-23_2026-09-30.csv,14,399,0,1
amazon:113-5011654-7632058:sale,amazon,amazon,sale,2026-09-23,113-5011654-7632058,,order,1049,397,amazon_daterange_2026-09-23_2026-09-30.csv,15,399,0,1
amazon:111-7463651-9306568:sale,amazon,amazon,sale,2026-09-24,111-7463651-9306568,,order,2899,675,amazon_daterange_2026-09-23_2026-09-30.csv,16,399,0,1
amazon:114-8006567-4199082:sale,amazon,amazon,sale,2026-09-24,114-8006567-4199082,,order,1599,480,amazon_daterange_2026-09-23_2026-09-30.csv,17,399,0,1
amazon:112-4770821-2078651:sale,amazon,amazon,sale,2026-09-24,112-4770821-2078651,,order,3499,765,amazon_daterange_2026-09-23_2026-09-30.csv,18,399,0,1
amazon:113-8081985-8442306:sale,amazon,amazon,sale,2026-09-24,113-8081985-8442306,,order,2849,667,amazon_daterange_2026-09-23_2026-09-30.csv,19,399,0,1
amazon:114-1232222-7534286:sale,amazon,amazon,sale,2026-09-24,114-1232222-7534286,,order,2099,555,amazon_daterange_2026-09-23_2026-09-30.csv,20,399,0,1
amazon:111-4273976-5980230:sale,amazon,amazon,sale,2026-09-24,111-4273976-5980230,,order,999,390,amazon_daterange_2026-09-23_2026-09-30.csv,21,399,0,1
amazon:114-4363013-6317173:sale,amazon,amazon,sale,2026-09-24,114-4363013-6317173,,order,3249,727,amazon_daterange_2026-09-23_2026-09-30.csv,22,399,0,1
amazon:114-3831277-5914182:sale,amazon,amazon,sale,2026-09-24,114-3831277-5914182,,order,2749,652,amazon_daterange_2026-09-23_2026-09-30.csv,23,399,0,1
amazon:112-2866705-3037435:sale,amazon,amazon,sale,2026-09-24,112-2866705-3037435,,order,2599,630,amazon_daterange_2026-09-23_2026-09-30.csv,24,399,0,1
amazon:112-8919357-2425425:sale,amazon,amazon,sale,2026-09-24,112-8919357-2425425,,order,2699,645,amazon_daterange_2026-09-23_2026-09-30.csv,25,399,0,1
amazon:111-6074322-7083813:sale,amazon,amazon,sale,2026-09-24,111-6074322-7083813,,order,999,390,amazon_daterange_2026-09-23_2026-09-30.csv,26,399,0,1
amazon:112-1031386-4757390:sale,amazon,amazon,sale,2026-09-24,112-1031386-4757390,,order,2199,570,amazon_daterange_2026-09-23_2026-09-30.csv,27,399,0,1
amazon:114-6538912-1908415:sale,amazon,amazon,sale,2026-09-24,114-6538912-1908415,,order,599,330,amazon_daterange_2026-09-23_2026-09-30.csv,28,399,0,1
amazon:111-5626693-5071755:sale,amazon,amazon,sale,2026-09-25,111-5626693-5071755,,order,3449,757,amazon_daterange_2026-09-23_2026-09-30.csv,29,399,0,1
amazon:114-6874191-7899502:sale,amazon,amazon,sale,2026-09-25,114-6874191-7899502,,order,1099,405,amazon_daterange_2026-09-23_2026-09-30.csv,30,399,0,1
amazon:113-1708885-9465957:sale,amazon,amazon,sale,2026-09-25,113-1708885-9465957,,order,1649,487,amazon_daterange_2026-09-23_2026-09-30.csv,31,399,0,1
amazon:112-2656285-3891787:sale,amazon,amazon,sale,2026-09-25,112-2656285-3891787,,order,6198,1409,amazon_daterange_2026-09-23_2026-09-30.csv,32,798,0,2
amazon:112-3610772-5167985:sale,amazon,amazon,sale,2026-09-25,112-3610772-5167985,,order,2649,637,amazon_daterange_2026-09-23_2026-09-30.csv,34,399,0,1
amazon:112-1772159-5266297:sale,amazon,amazon,sale,2026-09-25,112-1772159-5266297,,order,3199,720,amazon_daterange_2026-09-23_2026-09-30.csv,35,399,0,1
amazon:113-8296021-4631451:sale,amazon,amazon,sale,2026-09-25,113-8296021-4631451,,order,3049,697,amazon_daterange_2026-09-23_2026-09-30.csv,36,399,0,1
amazon:111-9731479-3072790:sale,amazon,amazon,sale,2026-09-25,111-9731479-3072790,,order,1249,427,amazon_daterange_2026-09-23_2026-09-30.csv,37,399,0,1
amazon:112-6537209-7182919:sale,amazon,amazon,sale,2026-09-25,112-6537209-7182919,,order,1849,517,amazon_daterange_2026-09-23_2026-09-30.csv,38,399,0,1
amazon:112-8650291-2621351:sale,amazon,amazon,sale,2026-09-25,112-8650291-2621351,,order,999,390,amazon_daterange_2026-09-23_2026-09-30.csv,39,399,0,1
amazon:114-9228923-7305740:sale,amazon,amazon,sale,2026-09-25,114-9228923-7305740,,order,2499,615,amazon_daterange_2026-09-23_2026-09-30.csv,40,399,0,1
amazon:111-3589776-7386276:sale,amazon,amazon,sale,2026-09-25,111-3589776-7386276,,order,3149,712,amazon_daterange_2026-09-23_2026-09-30.csv,41,399,0,1
amazon:112-3993834-6560296:sale,amazon,amazon,sale,2026-09-25,112-3993834-6560296,,order,999,390,amazon_daterange_2026-09-23_2026-09-30.csv,42,399,0,1
amazon:113-1100136-8543460:sale,amazon,amazon,sale,2026-09-25,113-1100136-8543460,,order,3299,735,amazon_daterange_2026-09-23_2026-09-30.csv,43,399,0,1
amazon:112-2724147-6716669:sale,amazon,amazon,sale,2026-09-25,112-2724147-6716669,,order,1599,480,amazon_daterange_2026-09-23_2026-09-30.csv,44,399,0,1
amazon:114-6998687-8187960:sale,amazon,amazon,sale,2026-09-26,114-6998687-8187960,,order,1949,532,amazon_daterange_2026-09-23_2026-09-30.csv,45,399,0,1
amazon:114-9626703-9577753:sale,amazon,amazon,sale,2026-09-26,114-9626703-9577753,,order,2349,592,amazon_daterange_2026-09-23_2026-09-30.csv,46,399,0,1
amazon:114-7662200-1442939:sale,amazon,amazon,sale,2026-09-26,114-7662200-1442939,,order,1299,435,amazon_daterange_2026-09-23_2026-09-30.csv,47,399,0,1
amazon:113-9659046-1329760:sale,amazon,amazon,sale,2026-09-26,113-9659046-1329760,,order,599,330,amazon_daterange_2026-09-23_2026-09-30.csv,48,399,0,1
amazon:113-8382155-9074291:sale,amazon,amazon,sale,2026-09-26,113-8382155-9074291,,order,3448,997,amazon_daterange_2026-09-23_2026-09-30.csv,49,798,0,2
amazon:113-7940003-8752366:sale,amazon,amazon,sale,2026-09-26,113-7940003-8752366,,order,2499,615,amazon_daterange_2026-09-23_2026-09-30.csv,51,399,0,1
amazon:112-1669146-5108719:sale,amazon,amazon,sale,2026-09-26,112-1669146-5108719,,order,2699,645,amazon_daterange_2026-09-23_2026-09-30.csv,52,399,0,1
amazon:113-1342599-5053411:sale,amazon,amazon,sale,2026-09-26,113-1342599-5053411,,order,449,307,amazon_daterange_2026-09-23_2026-09-30.csv,53,399,0,1
amazon:114-1754046-7175326:sale,amazon,amazon,sale,2026-09-26,114-1754046-7175326,,order,2299,585,amazon_daterange_2026-09-23_2026-09-30.csv,54,399,0,1
amazon:114-7375832-5608727:sale,amazon,amazon,sale,2026-09-26,114-7375832-5608727,,order,2149,562,amazon_daterange_2026-09-23_2026-09-30.csv,55,399,0,1
amazon:111-5467304-2986446:sale,amazon,amazon,sale,2026-09-26,111-5467304-2986446,,order,1699,495,amazon_daterange_2026-09-23_2026-09-30.csv,56,399,0,1
amazon:113-1253546-3696365:sale,amazon,amazon,sale,2026-09-26,113-1253546-3696365,,order,2199,570,amazon_daterange_2026-09-23_2026-09-30.csv,57,399,0,1
amazon:111-4963529-7141336:sale,amazon,amazon,sale,2026-09-26,111-4963529-7141336,,order,1199,420,amazon_daterange_2026-09-23_2026-09-30.csv,58,399,0,1
amazon:113-6568537-8846451:sale,amazon,amazon,sale,2026-09-26,113-6568537-8846451,,order,1699,495,amazon_daterange_2026-09-23_2026-09-30.csv,59,399,0,1
amazon:113-2945015-6607539:sale,amazon,amazon,sale,2026-09-26,113-2945015-6607539,,order,3299,735,amazon_daterange_2026-09-23_2026-09-30.csv,60,399,0,1
amazon:111-8762545-5708984:sale,amazon,amazon,sale,2026-09-26,111-8762545-5708984,,order,4898,1214,amazon_daterange_2026-09-23_2026-09-30.csv,61,798,0,2
amazon:112-1096474-3144797:sale,amazon,amazon,sale,2026-09-26,112-1096474-3144797,,order,5698,1335,amazon_daterange_2026-09-23_2026-09-30.csv,63,798,0,2
amazon:113-3511886-3835933:sale,amazon,amazon,sale,2026-09-26,113-3511886-3835933,,order,1099,405,amazon_daterange_2026-09-23_2026-09-30.csv,65,399,0,1
amazon:111-4464295-4814271:sale,amazon,amazon,sale,2026-09-26,111-4464295-4814271,,order,3149,712,amazon_daterange_2026-09-23_2026-09-30.csv,66,399,0,1
amazon:111-1877549-8355047:sale,amazon,amazon,sale,2026-09-26,111-1877549-8355047,,order,2349,592,amazon_daterange_2026-09-23_2026-09-30.csv,67,399,0,1
amazon:114-9910208-4251034:sale,amazon,amazon,sale,2026-09-26,114-9910208-4251034,,order,4348,1132,amazon_daterange_2026-09-23_2026-09-30.csv,68,798,0,2
amazon:112-2497505-9299827:sale,amazon,amazon,sale,2026-09-26,112-2497505-9299827,,order,1749,502,amazon_daterange_2026-09-23_2026-09-30.csv,70,399,0,1
amazon:114-4380973-3943177:sale,amazon,amazon,sale,2026-09-27,114-4380973-3943177,,order,1749,502,amazon_daterange_2026-09-23_2026-09-30.csv,71,399,0,1
amazon:112-3863679-5727105:sale,amazon,amazon,sale,2026-09-27,112-3863679-5727105,,order,2999,690,amazon_daterange_2026-09-23_2026-09-30.csv,72,399,0,1
amazon:114-2902166-3210812:sale,amazon,amazon,sale,2026-09-27,114-2902166-3210812,,order,1949,532,amazon_daterange_2026-09-23_2026-09-30.csv,73,399,0,1
amazon:112-9810447-8672251:sale,amazon,amazon,sale,2026-09-27,112-9810447-8672251,,order,2249,577,amazon_daterange_2026-09-23_2026-09-30.csv,74,399,0,1
amazon:112-7989925-6780928:sale,amazon,amazon,sale,2026-09-27,112-7989925-6780928,,order,5948,1372,amazon_daterange_2026-09-23_2026-09-30.csv,75,798,0,2
amazon:112-1948564-6662316:sale,amazon,amazon,sale,2026-09-27,112-1948564-6662316,,order,999,390,amazon_daterange_2026-09-23_2026-09-30.csv,77,399,0,1
amazon:111-5965945-6376528:sale,amazon,amazon,sale,2026-09-27,111-5965945-6376528,,order,3148,952,amazon_daterange_2026-09-23_2026-09-30.csv,78,798,0,2
amazon:111-4386738-7630820:sale,amazon,amazon,sale,2026-09-27,111-4386738-7630820,,order,2199,570,amazon_daterange_2026-09-23_2026-09-30.csv,80,399,0,1
amazon:113-8963256-8335003:sale,amazon,amazon,sale,2026-09-27,113-8963256-8335003,,order,549,322,amazon_daterange_2026-09-23_2026-09-30.csv,81,399,0,1
amazon:114-2892291-3389557:sale,amazon,amazon,sale,2026-09-27,114-2892291-3389557,,order,549,322,amazon_daterange_2026-09-23_2026-09-30.csv,82,399,0,1
amazon:111-9169103-9848305:sale,amazon,amazon,sale,2026-09-27,111-9169103-9848305,,order,1649,487,amazon_daterange_2026-09-23_2026-09-30.csv,83,399,0,1
amazon:114-2649651-2693066:sale,amazon,amazon,sale,2026-09-27,114-2649651-2693066,,order,1549,472,amazon_daterange_2026-09-23_2026-09-30.csv,84,399,0,1
amazon:113-1335276-3471843:sale,amazon,amazon,sale,2026-09-27,113-1335276-3471843,,order,799,360,amazon_daterange_2026-09-23_2026-09-30.csv,85,399,0,1
amazon:112-7975910-7037682:sale,amazon,amazon,sale,2026-09-27,112-7975910-7037682,,order,3399,750,amazon_daterange_2026-09-23_2026-09-30.csv,86,399,0,1
amazon:113-5040286-5236602:sale,amazon,amazon,sale,2026-09-27,113-5040286-5236602,,order,799,360,amazon_daterange_2026-09-23_2026-09-30.csv,87,399,0,1
amazon:114-2018477-2599848:sale,amazon,amazon,sale,2026-09-27,114-2018477-2599848,,order,1099,405,amazon_daterange_2026-09-23_2026-09-30.csv,88,399,0,1
amazon:114-4681080-9416649:sale,amazon,amazon,sale,2026-09-27,114-4681080-9416649,,order,2149,562,amazon_daterange_2026-09-23_2026-09-30.csv,89,399,0,1
amazon:111-2015674-7692821:sale,amazon,amazon,sale,2026-09-27,111-2015674-7692821,,order,2949,682,amazon_daterange_2026-09-23_2026-09-30.csv,90,399,0,1
amazon:113-2884487-6140432:sale,amazon,amazon,sale,2026-09-27,113-2884487-6140432,,order,1299,435,amazon_daterange_2026-09-23_2026-09-30.csv,91,399,0,1
amazon:111-5581983-9899584:sale,amazon,amazon,sale,2026-09-27,111-5581983-9899584,,order,3099,705,amazon_daterange_2026-09-23_2026-09-30.csv,92,399,0,1
amazon:113-3279502-9809675:sale,amazon,amazon,sale,2026-09-28,113-3279502-9809675,,order,2749,652,amazon_daterange_2026-09-23_2026-09-30.csv,93,399,0,1
amazon:114-4241648-4932157:sale,amazon,amazon,sale,2026-09-28,114-4241648-4932157,,order,1749,502,amazon_daterange_2026-09-23_2026-09-30.csv,94,399,0,1
amazon:112-5673407-1946223:sale,amazon,amazon,sale,2026-09-28,112-5673407-1946223,,order,2249,577,amazon_daterange_2026-09-23_2026-09-30.csv,95,399,0,1
amazon:111-4937940-5736881:sale,amazon,amazon,sale,2026-09-28,111-4937940-5736881,,order,1699,495,amazon_daterange_2026-09-23_2026-09-30.csv,96,399,0,1
amazon:114-4085554-7178551:sale,amazon,amazon,sale,2026-09-28,114-4085554-7178551,,order,4548,1162,amazon_daterange_2026-09-23_2026-09-30.csv,97,798,0,2
amazon:112-8331202-2459655:sale,amazon,amazon,sale,2026-09-28,112-8331202-2459655,,order,2999,690,amazon_daterange_2026-09-23_2026-09-30.csv,99,399,0,1
amazon:113-6060507-1279922:sale,amazon,amazon,sale,2026-09-28,113-6060507-1279922,,order,1649,487,amazon_daterange_2026-09-23_2026-09-30.csv,100,399,0,1
amazon:112-3127816-5432298:sale,amazon,amazon,sale,2026-09-28,112-3127816-5432298,,order,5148,1252,amazon_daterange_2026-09-23_2026-09-30.csv,101,798,0,2
amazon:113-4444905-3473392:sale,amazon,amazon,sale,2026-09-28,113-4444905-3473392,,order,549,322,amazon_daterange_2026-09-23_2026-09-30.csv,103,399,0,1
amazon:111-2256670-6086329:sale,amazon,amazon,sale,2026-09-28,111-2256670-6086329,,order,2899,675,amazon_daterange_2026-09-23_2026-09-30.csv,104,399,0,1
amazon:111-1678122-3095091:sale,amazon,amazon,sale,2026-09-28,111-1678122-3095091,,order,1049,397,amazon_daterange_2026-09-23_2026-09-30.csv,105,399,0,1
amazon:113-4838187-6120034:sale,amazon,amazon,sale,2026-09-28,113-4838187-6120034,,order,2749,652,amazon_daterange_2026-09-23_2026-09-30.csv,106,399,0,1
amazon:112-2686116-7218361:sale,amazon,amazon,sale,2026-09-28,112-2686116-7218361,,order,2799,660,amazon_daterange_2026-09-23_2026-09-30.csv,107,399,0,1
amazon:112-8344485-9034973:sale,amazon,amazon,sale,2026-09-29,112-8344485-9034973,,order,2549,622,amazon_daterange_2026-09-23_2026-09-30.csv,108,399,0,1
amazon:113-3906719-5686495:sale,amazon,amazon,sale,2026-09-29,113-3906719-5686495,,order,1749,502,amazon_daterange_2026-09-23_2026-09-30.csv,109,399,0,1
amazon:111-3516887-5046120:sale,amazon,amazon,sale,2026-09-29,111-3516887-5046120,,order,2199,570,amazon_daterange_2026-09-23_2026-09-30.csv,110,399,0,1
amazon:111-8554566-8658170:sale,amazon,amazon,sale,2026-09-29,111-8554566-8658170,,order,1699,495,amazon_daterange_2026-09-23_2026-09-30.csv,111,399,0,1
amazon:113-8008488-4225675:sale,amazon,amazon,sale,2026-09-29,113-8008488-4225675,,order,3399,750,amazon_daterange_2026-09-23_2026-09-30.csv,112,399,0,1
amazon:113-8385013-7982210:sale,amazon,amazon,sale,2026-09-29,113-8385013-7982210,,order,2449,607,amazon_daterange_2026-09-23_2026-09-30.csv,113,399,0,1
amazon:111-6364235-5494237:sale,amazon,amazon,sale,2026-09-29,111-6364235-5494237,,order,2099,555,amazon_daterange_2026-09-23_2026-09-30.csv,114,399,0,1
amazon:111-8934427-9246556:sale,amazon,amazon,sale,2026-09-29,111-8934427-9246556,,order,3399,750,amazon_daterange_2026-09-23_2026-09-30.csv,115,399,0,1
amazon:112-3574053-6999589:sale,amazon,amazon,sale,2026-09-29,112-3574053-6999589,,order,2649,637,amazon_daterange_2026-09-23_2026-09-30.csv,116,399,0,1
amazon:112-4481597-7398470:sale,amazon,amazon,sale,2026-09-29,112-4481597-7398470,,order,2799,660,amazon_daterange_2026-09-23_2026-09-30.csv,117,399,0,1
amazon:111-7922709-7721239:sale,amazon,amazon,sale,2026-09-29,111-7922709-7721239,,order,3199,720,amazon_daterange_2026-09-23_2026-09-30.csv,118,399,0,1
amazon:112-5005129-4979799:sale,amazon,amazon,sale,2026-09-29,112-5005129-4979799,,order,3499,765,amazon_daterange_2026-09-23_2026-09-30.csv,119,399,0,1
amazon:113-2668386-1091583:sale,amazon,amazon,sale,2026-09-29,113-2668386-1091583,,order,2499,615,amazon_daterange_2026-09-23_2026-09-30.csv,120,399,0,1
amazon:113-6913273-4720460:sale,amazon,amazon,sale,2026-09-30,113-6913273-4720460,,order,2949,682,amazon_daterange_2026-09-23_2026-09-30.csv,121,399,0,1
amazon:114-2035958-5923939:sale,amazon,amazon,sale,2026-09-30,114-2035958-5923939,,order,2799,660,amazon_daterange_2026-09-23_2026-09-30.csv,122,399,0,1
amazon:112-2042308-7484700:sale,amazon,amazon,sale,2026-09-30,112-2042308-7484700,,order,3349,742,amazon_daterange_2026-09-23_2026-09-30.csv,123,399,0,1
amazon:111-3503124-5395401:sale,amazon,amazon,sale,2026-09-30,111-3503124-5395401,,order,1799,510,amazon_daterange_2026-09-23_2026-09-30.csv,124,399,0,1
amazon:114-3027814-1940003:sale,amazon,amazon,sale,2026-09-30,114-3027814-1940003,,order,3449,757,amazon_daterange_2026-09-23_2026-09-30.csv,125,399,0,1
amazon:114-8455570-2006898:sale,amazon,amazon,sale,2026-09-30,114-8455570-2006898,,order,1899,525,amazon_daterange_2026-09-23_2026-09-30.csv,126,399,0,1
amazon:114-3165335-6983038:sale,amazon,amazon,sale,2026-09-30,114-3165335-6983038,,order,2099,555,amazon_daterange_2026-09-23_2026-09-30.csv,127,399,0,1
amazon:112-3724827-2685339:sale,amazon,amazon,sale,2026-09-30,112-3724827-2685339,,order,1499,465,amazon_daterange_2026-09-23_2026-09-30.csv,128,399,0,1
amazon:112-1466860-2697997:sale,amazon,amazon,sale,2026-09-30,112-1466860-2697997,,order,2299,585,amazon_daterange_2026-09-23_2026-09-30.csv,129,399,0,1
amazon:112-7210060-8198289:sale,amazon,amazon,sale,2026-09-30,112-7210060-8198289,,order,2849,667,amazon_daterange_2026-09-23_2026-09-30.csv,130,399,0,1
ebay:20-23472-53759:sale,ebay,ebay,sale,2026-09-01,20-23472-53759,luckymaple841,buyer,2099,387,ebay_transactions_2026-09-01_2026-09-07.csv,1,599,0,1
ebay:15-14026-46680:sale,ebay,ebay,sale,2026-09-01,15-14026-46680,retrodeals180,buyer,4099,573,ebay_transactions_2026-09-01_2026-09-07.csv,2,0,0,1
ebay:13-28359-75076:sale,ebay,ebay,sale,2026-09-01,13-28359-75076,retrothrift519,buyer,1499,308,ebay_transactions_2026-09-01_2026-09-07.csv,3,599,0,1
ebay:11-94821-12337:sale,ebay,ebay,sale,2026-09-01,11-94821-12337,swiftthrift33,buyer,3599,507,ebay_transactions_2026-09-01_2026-09-07.csv,4,0,0,1
ebay:12-30553-79170:sale,ebay,ebay,sale,2026-09-01,12-30553-79170,retrofox211,buyer,6099,917,ebay_transactions_2026-09-01_2026-09-07.csv,5,599,0,1
ebay:13-59824-31413:sale,ebay,ebay,sale,2026-09-01,13-59824-31413,northmaple851,buyer,1899,282,ebay_transactions_2026-09-01_2026-09-07.csv,6,0,0,1
ebay:10-81188-25517:sale,ebay,ebay,sale,2026-09-01,10-81188-25517,retrothrift724,buyer,1199,189,ebay_transactions_2026-09-01_2026-09-07.csv,7,0,0,1
ebay:26-52995-67019:sale,ebay,ebay,sale,2026-09-01,26-52995-67019,swiftthrift955,buyer,899,228,ebay_transactions_2026-09-01_2026-09-07.csv,8,599,0,1
ebay:13-95038-13457:sale,ebay,ebay,sale,2026-09-01,13-95038-13457,luckyfox891,buyer,1299,202,ebay_transactions_2026-09-01_2026-09-07.csv,9,0,0,1
ebay:26-22758-99047:sale,ebay,ebay,sale,2026-09-01,26-22758-99047,rustyriver557,buyer,1399,295,ebay_transactions_2026-09-01_2026-09-07.csv,10,599,0,1
ebay:13-64202-76651:sale,ebay,ebay,sale,2026-09-01,13-64202-76651,retrothrift166,buyer,4099,652,ebay_transactions_2026-09-01_2026-09-07.csv,11,599,0,1
ebay:11-40062-69854:sale,ebay,ebay,sale,2026-09-01,11-40062-69854,rustythrift48,buyer,1599,242,ebay_transactions_2026-09-01_2026-09-07.csv,12,0,0,1
ebay:14-97971-72897:sale,ebay,ebay,sale,2026-09-01,14-97971-72897,sunnyriver173,buyer,799,215,ebay_transactions_2026-09-01_2026-09-07.csv,13,599,0,1
ebay:22-30152-51256:sale,ebay,ebay,sale,2026-09-01,22-30152-51256,swiftowl88,buyer,4499,626,ebay_transactions_2026-09-01_2026-09-07.csv,14,0,0,1
ebay:24-52348-59288:sale,ebay,ebay,sale,2026-09-01,24-52348-59288,rustyhound539,buyer,1799,268,ebay_transactions_2026-09-01_2026-09-07.csv,15,0,0,1
ebay:18-63708-96460:sale,ebay,ebay,sale,2026-09-01,18-63708-96460,sunnyfox623,buyer,6299,944,ebay_transactions_2026-09-01_2026-09-07.csv,16,599,0,1
ebay:26-69398-68857:sale,ebay,ebay,sale,2026-09-01,26-69398-68857,luckyriver730,buyer,3799,533,ebay_transactions_2026-09-01_2026-09-07.csv,17,0,0,1
ebay:25-96919-65160:sale,ebay,ebay,sale,2026-09-01,25-96919-65160,goldenriver97,buyer,1199,268,ebay_transactions_2026-09-01_2026-09-07.csv,18,599,0,1
ebay:14-82723-31855:sale,ebay,ebay,sale,2026-09-01,14-82723-31855,goldenpicker707,buyer,1199,189,ebay_transactions_2026-09-01_2026-09-07.csv,19,0,0,1
ebay:20-95964-82384:sale,ebay,ebay,sale,2026-09-02,20-95964-82384,retrohound271,buyer,2299,335,ebay_transactions_2026-09-01_2026-09-07.csv,20,0,0,1
ebay:14-30934-29524:sale,ebay,ebay,sale,2026-09-02,14-30934-29524,sunnybear33,buyer,1099,255,ebay_transactions_2026-09-01_2026-09-07.csv,21,599,0,1
ebay:16-48022-20620:sale,ebay,ebay,sale,2026-09-02,16-48022-20620,luckybear128,buyer,1499,308,ebay_transactions_2026-09-01_2026-09-07.csv,22,599,0,1
ebay:24-54028-83051:sale,ebay,ebay,sale,2026-09-02,24-54028-83051,retrobear962,buyer,2699,388,ebay_transactions_2026-09-01_2026-09-07.csv,23,0,0,1
ebay:16-15609-39448:sale,ebay,ebay,sale,2026-09-02,16-15609-39448,sunnypicker172,buyer,1299,202,ebay_transactions_2026-09-01_2026-09-07.csv,24,0,0,1
ebay:27-65774-15517:sale,ebay,ebay,sale,2026-09-02,27-65774-15517,sunnyriver173,buyer,1299,281,ebay_transactions_2026-09-01_2026-09-07.csv,25,599,0,1
ebay:17-58316-96599:sale,ebay,ebay,sale,2026-09-02,17-58316-96599,rustyhound732,buyer,5099,706,ebay_transactions_2026-09-01_2026-09-07.csv,26,0,0,1
ebay:12-20859-27469:sale,ebay,ebay,sale,2026-09-02,12-20859-27469,retrofinds423,buyer,4199,666,ebay_transactions_2026-09-01_2026-09-07.csv,27,599,0,1
ebay:16-17155-64227:sale,ebay,ebay,sale,2026-09-02,16-17155-64227,retropicker710,buyer,5999,825,ebay_transactions_2026-09-01_2026-09-07.csv,28,0,0,1
ebay:20-85104-50993:sale,ebay,ebay,sale,2026-09-02,20-85104-50993,luckymaple118,buyer,6099,838,ebay_transactions_2026-09-01_2026-09-07.csv,29,0,0,1
ebay:14-99638-50757:sale,ebay,ebay,sale,2026-09-02,14-99638-50757,sunnyowl400,buyer,7399,1090,ebay_transactions_2026-09-01_2026-09-07.csv,30,599,0,1
ebay:16-88024-89587:sale,ebay,ebay,sale,2026-09-02,16-88024-89587,happyfox180,buyer,1499,229,ebay_transactions_2026-09-01_2026-09-07.csv,31,0,0,1
ebay:12-18047-85181:sale,ebay,ebay,sale,2026-09-02,12-18047-85181,retrofinds247,buyer,2799,401,ebay_transactions_2026-09-01_2026-09-07.csv,32,0,0,1
ebay:25-71655-85118:sale,ebay,ebay,sale,2026-09-02,25-71655-85118,retroriver189,buyer,2999,427,ebay_transactions_2026-09-01_2026-09-07.csv,33,0,0,1
ebay:10-71866-44337:sale,ebay,ebay,sale,2026-09-02,10-71866-44337,northhound424,buyer,3199,533,ebay_transactions_2026-09-01_2026-09-07.csv,34,599,0,1
ebay:21-15049-12893:sale,ebay,ebay,sale,2026-09-02,21-15049-12893,norththrift521,buyer,1299,202,ebay_transactions_2026-09-01_2026-09-07.csv,35,0,0,1
ebay:23-23528-18806:sale,ebay,ebay,sale,2026-09-02,23-23528-18806,sunnyhound301,buyer,399,83,ebay_transactions_2026-09-01_2026-09-07.csv,36,0,0,1
ebay:11-52573-75624:sale,ebay,ebay,sale,2026-09-02,11-52573-75624,bluethrift535,buyer,3399,560,ebay_transactions_2026-09-01_2026-09-07.csv,37,599,0,1
ebay:17-86836-64037:sale,ebay,ebay,sale,2026-09-02,17-86836-64037,bluepicker126,buyer,10399,1487,ebay_transactions_2026-09-01_2026-09-07.csv,38,599,0,1
ebay:19-25963-21411:sale,ebay,ebay,sale,2026-09-02,19-25963-21411,bluebear400,buyer,1899,282,ebay_transactions_2026-09-01_2026-09-07.csv,39,0,0,1
ebay:19-26509-58020:sale,ebay,ebay,sale,2026-09-03,19-26509-58020,northmaple815,buyer,2599,374,ebay_transactions_2026-09-01_2026-09-07.csv,40,0,0,1
ebay:11-35738-69979:sale,ebay,ebay,sale,2026-09-03,11-35738-69979,sunnyhound268,buyer,2499,361,ebay_transactions_2026-09-01_2026-09-07.csv,41,0,0,1
ebay:22-27085-18571:sale,ebay,ebay,sale,2026-09-03,22-27085-18571,quietriver717,buyer,2799,480,ebay_transactions_2026-09-01_2026-09-07.csv,42,599,0,1
ebay:20-51835-51096:sale,ebay,ebay,sale,2026-09-03,20-51835-51096,luckythrift167,buyer,3399,480,ebay_transactions_2026-09-01_2026-09-07.csv,43,0,0,1
ebay:20-63219-71992:sale,ebay,ebay,sale,2026-09-03,20-63219-71992,northbear490,buyer,999,242,ebay_transactions_2026-09-01_2026-09-07.csv,44,599,0,1
ebay:26-11960-82000:sale,ebay,ebay,sale,2026-09-03,26-11960-82000,luckybear684,buyer,1299,202,ebay_transactions_2026-09-01_2026-09-07.csv,45,0,0,1
ebay:14-90989-21332:sale,ebay,ebay,sale,2026-09-03,14-90989-21332,goldendeals549,buyer,1299,202,ebay_transactions_2026-09-01_2026-09-07.csv,46,0,0,1
ebay:25-92795-76232:sale,ebay,ebay,sale,2026-09-03,25-92795-76232,rustymaple162,buyer,1999,295,ebay_transactions_2026-09-01_2026-09-07.csv,47,0,0,1
ebay:15-42017-28111:sale,ebay,ebay,sale,2026-09-03,15-42017-28111,swiftdeals521,buyer,2599,374,ebay_transactions_2026-09-01_2026-09-07.csv,48,0,0,1
ebay:18-97926-93010:sale,ebay,ebay,sale,2026-09-03,18-97926-93010,luckyfinds610,buyer,1099,255,ebay_transactions_2026-09-01_2026-09-07.csv,49,599,0,1
ebay:22-16506-76867:sale,ebay,ebay,sale,2026-09-03,22-16506-76867,happyhound26,buyer,3799,613,ebay_transactions_2026-09-01_2026-09-07.csv,50,599,0,1
ebay:27-97513-20043:sale,ebay,ebay,sale,2026-09-03,27-97513-20043,luckyfinds449,buyer,799,136,ebay_transactions_2026-09-01_2026-09-07.csv,51,0,0,1
ebay:13-59909-91029:sale,ebay,ebay,sale,2026-09-03,13-59909-91029,rustyfox543,buyer,2499,361,ebay_transactions_2026-09-01_2026-09-07.csv,52,0,0,1
ebay:26-31877-40522:refund,ebay,ebay,refund,2026-09-03,26-31877-40522,goldenowl311,buyer,-2399,0,ebay_transactions_2026-09-01_2026-09-07.csv,53,0,0,0
ebay:18-27175-61689:sale,ebay,ebay,sale,2026-09-03,18-27175-61689,bluefox748,buyer,2999,427,ebay_transactions_2026-09-01_2026-09-07.csv,54,0,0,1
ebay:12-11214-68243:sale,ebay,ebay,sale,2026-09-03,12-11214-68243,retrothrift727,buyer,1299,202,ebay_transactions_2026-09-01_2026-09-07.csv,55,0,0,1
ebay:17-19601-64391:sale,ebay,ebay,sale,2026-09-03,17-19601-64391,rustyfinds678,buyer,1399,215,ebay_transactions_2026-09-01_2026-09-07.csv,56,0,0,1
ebay:20-40465-19204:sale,ebay,ebay,sale,2026-09-03,20-40465-19204,happyhound739,buyer,2099,387,ebay_transactions_2026-09-01_2026-09-07.csv,57,599,0,1
ebay:23-18802-54298:sale,ebay,ebay,sale,2026-09-03,23-18802-54298,swiftowl3,buyer,7299,1076,ebay_transactions_2026-09-01_2026-09-07.csv,58,599,0,1
ebay:15-49020-60156:sale,ebay,ebay,sale,2026-09-03,15-49020-60156,retrofinds247,buyer,1099,176,ebay_transactions_2026-09-01_2026-09-07.csv,59,0,0,1
ebay:27-48816-97320:sale,ebay,ebay,sale,2026-09-03,27-48816-97320,happydeals81,buyer,599,189,ebay_transactions_2026-09-01_2026-09-07.csv,60,599,0,1
ebay:23-95277-67395:sale,ebay,ebay,sale,2026-09-03,23-95277-67395,rustyhound760,buyer,1799,268,ebay_transactions_2026-09-01_2026-09-07.csv,61,0,0,1
ebay:19-73253-44981:sale,ebay,ebay,sale,2026-09-03,19-73253-44981,bluepicker94,buyer,2599,374,ebay_transactions_2026-09-01_2026-09-07.csv,62,0,0,1
ebay:27-72148-28930:sale,ebay,ebay,sale,2026-09-03,27-72148-28930,sunnybear75,buyer,3099,520,ebay_transactions_2026-09-01_2026-09-07.csv,63,599,0,1
ebay:12-62219-71916:sale,ebay,ebay,sale,2026-09-03,12-62219-71916,goldenfinds803,buyer,3999,560,ebay_transactions_2026-09-01_2026-09-07.csv,64,0,0,1
ebay:19-95217-38315:sale,ebay,ebay,sale,2026-09-03,19-95217-38315,quietfox584,buyer,4299,600,ebay_transactions_2026-09-01_2026-09-07.csv,65,0,0,1
ebay:19-15224-14111:sale,ebay,ebay,sale,2026-09-03,19-15224-14111,rustybear221,buyer,2999,507,ebay_transactions_2026-09-01_2026-09-07.csv,66,599,0,1
ebay:20-51046-79000:sale,ebay,ebay,sale,2026-09-03,20-51046-79000,luckypicker581,buyer,1399,295,ebay_transactions_2026-09-01_2026-09-07.csv,67,599,0,1
ebay:10-56054-45685:sale,ebay,ebay,sale,2026-09-03,10-56054-45685,goldenbear850,buyer,4499,705,ebay_transactions_2026-09-01_2026-09-07.csv,68,599,0,1
ebay:24-91259-41510:sale,ebay,ebay,sale,2026-09-03,24-91259-41510,goldenfinds46,buyer,2199,401,ebay_transactions_2026-09-01_2026-09-07.csv,69,599,0,1
ebay:20-97003-48544:sale,ebay,ebay,sale,2026-09-03,20-97003-48544,bluebear400,buyer,2399,348,ebay_transactions_2026-09-01_2026-09-07.csv,70,0,0,1
ebay:10-49581-22705:sale,ebay,ebay,sale,2026-09-03,10-49581-22705,luckyowl179,buyer,2399,427,ebay_transactions_2026-09-01_2026-09-07.csv,71,599,0,1
ebay:16-42030-99065:sale,ebay,ebay,sale,2026-09-03,16-42030-99065,sunnybear762,buyer,2599,454,ebay_transactions_2026-09-01_2026-09-07.csv,72,599,0,1
ebay:15-82420-49725:sale,ebay,ebay,sale,2026-09-03,15-82420-49725,rustybear808,buyer,1699,334,ebay_transactions_2026-09-01_2026-09-07.csv,73,599,0,1
ebay:17-26310-34298:sale,ebay,ebay,sale,2026-09-03,17-26310-34298,quietpicker46,buyer,1899,282,ebay_transactions_2026-09-01_2026-09-07.csv,74,0,0,1
ebay:10-67960-76008:sale,ebay,ebay,sale,2026-09-04,10-67960-76008,quietpicker958,buyer,3299,467,ebay_transactions_2026-09-01_2026-09-07.csv,75,0,0,1
ebay:17-67409-23804:sale,ebay,ebay,sale,2026-09-04,17-67409-23804,northriver295,buyer,2699,467,ebay_transactions_2026-09-01_2026-09-07.csv,76,599,0,1
ebay:17-28585-55036:sale,ebay,ebay,sale,2026-09-04,17-28585-55036,rustyriver423,buyer,1799,348,ebay_transactions_2026-09-01_2026-09-07.csv,77,599,0,1
ebay:12-70863-52346:sale,ebay,ebay,sale,2026-09-04,12-70863-52346,rustyfox488,buyer,4199,666,ebay_transactions_2026-09-01_2026-09-07.csv,78,599,0,1
ebay:14-69278-69179:sale,ebay,ebay,sale,2026-09-04,14-69278-69179,bluepicker867,buyer,3499,494,ebay_transactions_2026-09-01_2026-09-07.csv,79,0,0,1
ebay:15-66402-39902:sale,ebay,ebay,sale,2026-09-04,15-66402-39902,bluehound13,buyer,3199,533,ebay_transactions_2026-09-01_2026-09-07.csv,80,599,0,1
ebay:22-76543-43320:sale,ebay,ebay,sale,2026-09-04,22-76543-43320,quietfinds881,buyer,2199,401,ebay_transactions_2026-09-01_2026-09-07.csv,81,599,0,1
ebay:16-28549-26342:sale,ebay,ebay,sale,2026-09-04,16-28549-26342,quietriver174,buyer,4199,586,ebay_transactions_2026-09-01_2026-09-07.csv,82,0,0,1
ebay:14-74672-54890:sale,ebay,ebay,sale,2026-09-04,14-74672-54890,sunnybear601,buyer,1799,268,ebay_transactions_2026-09-01_2026-09-07.csv,83,0,0,1
ebay:17-18719-41153:sale,ebay,ebay,sale,2026-09-04,17-18719-41153,retrodeals52,buyer,2899,414,ebay_transactions_2026-09-01_2026-09-07.csv,84,0,0,1
ebay:12-64140-10888:sale,ebay,ebay,sale,2026-09-04,12-64140-10888,northmaple815,buyer,5999,825,ebay_transactions_2026-09-01_2026-09-07.csv,85,0,0,1
ebay:13-85771-90539:sale,ebay,ebay,sale,2026-09-04,13-85771-90539,luckyfox35,buyer,1199,189,ebay_transactions_2026-09-01_2026-09-07.csv,86,0,0,1
ebay:21-65025-62455:sale,ebay,ebay,sale,2026-09-04,21-65025-62455,bluepicker400,buyer,1799,268,ebay_transactions_2026-09-01_2026-09-07.csv,87,0,0,1
ebay:24-46547-78012:sale,ebay,ebay,sale,2026-09-04,24-46547-78012,goldenowl522,buyer,399,83,ebay_transactions_2026-09-01_2026-09-07.csv,88,0,0,1
ebay:14-71879-58736:sale,ebay,ebay,sale,2026-09-04,14-71879-58736,northdeals123,buyer,2799,401,ebay_transactions_2026-09-01_2026-09-07.csv,89,0,0,1
ebay:18-24545-95911:sale,ebay,ebay,sale,2026-09-04,18-24545-95911,bluebear400,buyer,15999,2150,ebay_transactions_2026-09-01_2026-09-07.csv,90,0,0,1
ebay:14-50445-79346:sale,ebay,ebay,sale,2026-09-04,14-50445-79346,luckyfinds318,buyer,999,162,ebay_transactions_2026-09-01_2026-09-07.csv,91,0,0,1
ebay:12-87347-37673:sale,ebay,ebay,sale,2026-09-04,12-87347-37673,swiftfox986,buyer,3499,573,ebay_transactions_2026-09-01_2026-09-07.csv,92,599,0,1
ebay:25-44019-68863:sale,ebay,ebay,sale,2026-09-04,25-44019-68863,happypicker56,buyer,2299,335,ebay_transactions_2026-09-01_2026-09-07.csv,93,0,0,1
ebay:22-75024-38374:sale,ebay,ebay,sale,2026-09-04,22-75024-38374,northfox550,buyer,699,123,ebay_transactions_2026-09-01_2026-09-07.csv,94,0,0,1
ebay:15-40690-65088:sale,ebay,ebay,sale,2026-09-04,15-40690-65088,retrothrift166,buyer,2499,361,ebay_transactions_2026-09-01_2026-09-07.csv,95,0,0,1
ebay:16-57329-69404:sale,ebay,ebay,sale,2026-09-04,16-57329-69404,luckyfinds977,buyer,2199,401,ebay_transactions_2026-09-01_2026-09-07.csv,96,599,0,1
ebay:20-64846-47930:sale,ebay,ebay,sale,2026-09-04,20-64846-47930,sunnypicker681,buyer,4999,692,ebay_transactions_2026-09-01_2026-09-07.csv,97,0,0,1
ebay:10-63928-23347:sale,ebay,ebay,sale,2026-09-04,10-63928-23347,swiftdeals251,buyer,2999,427,ebay_transactions_2026-09-01_2026-09-07.csv,98,0,0,1
ebay:26-45206-60836:sale,ebay,ebay,sale,2026-09-04,26-45206-60836,bluepicker867,buyer,2999,507,ebay_transactions_2026-09-01_2026-09-07.csv,99,599,0,1
ebay:25-65830-60706:sale,ebay,ebay,sale,2026-09-04,25-65830-60706,northmaple936,buyer,3499,494,ebay_transactions_2026-09-01_2026-09-07.csv,100,0,0,1
ebay:26-14745-61370:sale,ebay,ebay,sale,2026-09-05,26-14745-61370,happyfox138,buyer,2399,348,ebay_transactions_2026-09-01_2026-09-07.csv,101,0,0,1
ebay:20-34478-52627:sale,ebay,ebay,sale,2026-09-05,20-34478-52627,sunnyfox291,buyer,4499,705,ebay_transactions_2026-09-01_2026-09-07.csv,102,599,0,1
ebay:24-37057-92674:sale,ebay,ebay,sale,2026-09-05,24-37057-92674,bluefinds716,buyer,1599,242,ebay_transactions_2026-09-01_2026-09-07.csv,103,0,0,1
ebay:19-13387-95926:sale,ebay,ebay,sale,2026-09-05,19-13387-95926,goldenfox50,buyer,799,136,ebay_transactions_2026-09-01_2026-09-07.csv,104,0,0,1
ebay:22-77900-59015:sale,ebay,ebay,sale,2026-09-05,22-77900-59015,northowl527,buyer,5699,864,ebay_transactions_2026-09-01_2026-09-07.csv,105,599,0,1
ebay:18-30491-70073:sale,ebay,ebay,sale,2026-09-05,18-30491-70073,goldenriver97,buyer,2399,348,ebay_transactions_2026-09-01_2026-09-07.csv,106,0,0,1
ebay:24-20412-26832:sale,ebay,ebay,sale,2026-09-05,24-20412-26832,quietmaple973,buyer,1299,202,ebay_transactions_2026-09-01_2026-09-07.csv,107,0,0,1
ebay:24-91404-98583:sale,ebay,ebay,sale,2026-09-05,24-91404-98583,bluedeals377,buyer,4399,613,ebay_transactions_2026-09-01_2026-09-07.csv,108,0,0,1
ebay:13-76267-30337:sale,ebay,ebay,sale,2026-09-05,13-76267-30337,goldenpicker897,buyer,1999,295,ebay_transactions_2026-09-01_2026-09-07.csv,109,0,0,1
ebay:26-39202-18278:sale,ebay,ebay,sale,2026-09-05,26-39202-18278,swiftfox721,buyer,1999,295,ebay_transactions_2026-09-01_2026-09-07.csv,110,0,0,1
ebay:26-79857-94223:sale,ebay,ebay,sale,2026-09-05,26-79857-94223,rustybear217,buyer,1999,374,ebay_transactions_2026-09-01_2026-09-07.csv,111,599,0,1
ebay:16-58830-97571:sale,ebay,ebay,sale,2026-09-05,16-58830-97571,quietmaple451,buyer,999,242,ebay_transactions_2026-09-01_2026-09-07.csv,112,599,0,1
ebay:15-40994-13589:sale,ebay,ebay,sale,2026-09-05,15-40994-13589,northmaple936,buyer,2599,374,ebay_transactions_2026-09-01_2026-09-07.csv,113,0,0,1
ebay:10-60741-61774:sale,ebay,ebay,sale,2026-09-05,10-60741-61774,goldenpicker402,buyer,4299,600,ebay_transactions_2026-09-01_2026-09-07.csv,114,0,0,1
ebay:11-59875-95732:sale,ebay,ebay,sale,2026-09-05,11-59875-95732,northmaple595,buyer,799,136,ebay_transactions_2026-09-01_2026-09-07.csv,115,0,0,1
ebay:17-72449-28312:sale,ebay,ebay,sale,2026-09-06,17-72449-28312,quietowl810,buyer,5899,812,ebay_transactions_2026-09-01_2026-09-07.csv,116,0,0,1
ebay:24-28800-12428:sale,ebay,ebay,sale,2026-09-06,24-28800-12428,sunnypicker543,buyer,1999,295,ebay_transactions_2026-09-01_2026-09-07.csv,117,0,0,1
ebay:21-46746-18541:sale,ebay,ebay,sale,2026-09-06,21-46746-18541,quietthrift735,buyer,2199,401,ebay_transactions_2026-09-01_2026-09-07.csv,118,599,0,1
ebay:10-56203-35099:sale,ebay,ebay,sale,2026-09-06,10-56203-35099,goldenriver305,buyer,2099,308,ebay_transactions_2026-09-01_2026-09-07.csv,119,0,0,1
ebay:27-61028-61332:sale,ebay,ebay,sale,2026-09-06,27-61028-61332,quietmaple875,buyer,1399,215,ebay_transactions_2026-09-01_2026-09-07.csv,120,0,0,1
ebay:25-87073-19676:sale,ebay,ebay,sale,2026-09-06,25-87073-19676,sunnyhound955,buyer,6399,878,ebay_transactions_2026-09-01_2026-09-07.csv,121,0,0,1
ebay:13-99552-80293:sale,ebay,ebay,sale,2026-09-06,13-99552-80293,retropicker8,buyer,1099,176,ebay_transactions_2026-09-01_2026-09-07.csv,122,0,0,1
ebay:20-31090-25424:sale,ebay,ebay,sale,2026-09-06,20-31090-25424,northbear846,buyer,1399,295,ebay_transactions_2026-09-01_2026-09-07.csv,123,599,0,1
ebay:20-74708-96005:sale,ebay,ebay,sale,2026-09-06,20-74708-96005,bluemaple387,buyer,1799,348,ebay_transactions_2026-09-01_2026-09-07.csv,124,599,0,1
ebay:24-34002-18353:sale,ebay,ebay,sale,2026-09-06,24-34002-18353,quietmaple209,buyer,799,136,ebay_transactions_2026-09-01_2026-09-07.csv,125,0,0,1
ebay:26-95414-80412:sale,ebay,ebay,sale,2026-09-06,26-95414-80412,northhound571,buyer,1299,202,ebay_transactions_2026-09-01_2026-09-07.csv,126,0,0,1
ebay:15-87690-64847:sale,ebay,ebay,sale,2026-09-06,15-87690-64847,goldenbear847,buyer,1999,374,ebay_transactions_2026-09-01_2026-09-07.csv,127,599,0,1
ebay:15-53193-63009:sale,ebay,ebay,sale,2026-09-06,15-53193-63009,sunnypicker418,buyer,2399,348,ebay_transactions_2026-09-01_2026-09-07.csv,128,0,0,1
ebay:12-70120-97913:sale,ebay,ebay,sale,2026-09-06,12-70120-97913,rustydeals573,buyer,1599,321,ebay_transactions_2026-09-01_2026-09-07.csv,129,599,0,1
ebay:13-58336-20320:sale,ebay,ebay,sale,2026-09-06,13-58336-20320,retrohound280,buyer,1099,176,ebay_transactions_2026-09-01_2026-09-07.csv,130,0,0,1
ebay:24-95285-70592:sale,ebay,ebay,sale,2026-09-06,24-95285-70592,retroowl39,buyer,2599,454,ebay_transactions_2026-09-01_2026-09-07.csv,131,599,0,1
ebay:15-48467-68836:sale,ebay,ebay,sale,2026-09-06,15-48467-68836,swiftfox199,buyer,4299,600,ebay_transactions_2026-09-01_2026-09-07.csv,132,0,0,1
ebay:10-50489-19027:sale,ebay,ebay,sale,2026-09-06,10-50489-19027,quietdeals431,buyer,2299,335,ebay_transactions_2026-09-01_2026-09-07.csv,133,0,0,1
ebay:23-48144-84267:sale,ebay,ebay,sale,2026-09-06,23-48144-84267,happybear920,buyer,2499,361,ebay_transactions_2026-09-01_2026-09-07.csv,134,0,0,1
ebay:14-77015-40594:sale,ebay,ebay,sale,2026-09-06,14-77015-40594,bluemaple134,buyer,5499,759,ebay_transactions_2026-09-01_2026-09-07.csv,135,0,0,1
ebay:14-59696-22688:sale,ebay,ebay,sale,2026-09-06,14-59696-22688,sunnyhound472,buyer,799,136,ebay_transactions_2026-09-01_2026-09-07.csv,136,0,0,1
ebay:24-63234-27008:sale,ebay,ebay,sale,2026-09-06,24-63234-27008,swiftbear800,buyer,999,162,ebay_transactions_2026-09-01_2026-09-07.csv,137,0,0,1
ebay:26-58867-95574:sale,ebay,ebay,sale,2026-09-06,26-58867-95574,rustyhound760,buyer,2699,388,ebay_transactions_2026-09-01_2026-09-07.csv,138,0,0,1
ebay:13-26274-57434:sale,ebay,ebay,sale,2026-09-06,13-26274-57434,luckyowl923,buyer,899,149,ebay_transactions_2026-09-01_2026-09-07.csv,139,0,0,1
ebay:11-38008-23309:sale,ebay,ebay,sale,2026-09-06,11-38008-23309,rustyfox126,buyer,1399,295,ebay_transactions_2026-09-01_2026-09-07.csv,140,599,0,1
ebay:21-82691-14689:sale,ebay,ebay,sale,2026-09-06,21-82691-14689,bluehound13,buyer,1799,348,ebay_transactions_2026-09-01_2026-09-07.csv,141,599,0,1
ebay:13-28054-42050:sale,ebay,ebay,sale,2026-09-06,13-28054-42050,bluemaple785,buyer,1599,242,ebay_transactions_2026-09-01_2026-09-07.csv,142,0,0,1
ebay:14-64818-37828:sale,ebay,ebay,sale,2026-09-06,14-64818-37828,swiftfox562,buyer,4599,639,ebay_transactions_2026-09-01_2026-09-07.csv,143,0,0,1
ebay:19-45170-21088:sale,ebay,ebay,sale,2026-09-06,19-45170-21088,bluedeals487,buyer,2499,361,ebay_transactions_2026-09-01_2026-09-07.csv,144,0,0,1
ebay:13-87542-28400:sale,ebay,ebay,sale,2026-09-06,13-87542-28400,retrodeals722,buyer,599,109,ebay_transactions_2026-09-01_2026-09-07.csv,145,0,0,1
ebay:18-25396-60677:sale,ebay,ebay,sale,2026-09-06,18-25396-60677,sunnypicker546,buyer,1899,282,ebay_transactions_2026-09-01_2026-09-07.csv,146,0,0,1
ebay:25-96210-64800:sale,ebay,ebay,sale,2026-09-06,25-96210-64800,sunnyowl502,buyer,3099,441,ebay_transactions_2026-09-01_2026-09-07.csv,147,0,0,1
ebay:21-25222-37143:sale,ebay,ebay,sale,2026-09-06,21-25222-37143,quietmaple92,buyer,1199,268,ebay_transactions_2026-09-01_2026-09-07.csv,148,599,0,1
ebay:26-12062-97832:sale,ebay,ebay,sale,2026-09-06,26-12062-97832,sunnybear783,buyer,1799,268,ebay_transactions_2026-09-01_2026-09-07.csv,149,0,0,1
ebay:22-18570-55176:sale,ebay,ebay,sale,2026-09-06,22-18570-55176,happyfinds526,buyer,4099,573,ebay_transactions_2026-09-01_2026-09-07.csv,150,0,0,1
ebay:26-41584-53382:sale,ebay,ebay,sale,2026-09-06,26-41584-53382,sunnythrift593,buyer,2699,467,ebay_transactions_2026-09-01_2026-09-07.csv,151,599,0,1
ebay:26-93109-81103:sale,ebay,ebay,sale,2026-09-06,26-93109-81103,northfox907,buyer,1099,176,ebay_transactions_2026-09-01_2026-09-07.csv,152,0,0,1
ebay:14-68103-73244:sale,ebay,ebay,sale,2026-09-06,14-68103-73244,retrohound429,buyer,2499,361,ebay_transactions_2026-09-01_2026-09-07.csv,153,0,0,1
ebay:21-86033-93453:sale,ebay,ebay,sale,2026-09-06,21-86033-93453,norththrift536,buyer,899,149,ebay_transactions_2026-09-01_2026-09-07.csv,154,0,0,1
ebay:21-46240-90872:sale,ebay,ebay,sale,2026-09-07,21-46240-90872,rustyfox126,buyer,3999,560,ebay_transactions_2026-09-01_2026-09-07.csv,155,0,0,1
ebay:22-25318-76962:sale,ebay,ebay,sale,2026-09-07,22-25318-76962,sunnymaple375,buyer,3799,533,ebay_transactions_2026-09-01_2026-09-07.csv,156,0,0,1
ebay:16-62487-16517:sale,ebay,ebay,sale,2026-09-07,16-62487-16517,rustyowl679,buyer,1799,268,ebay_transactions_2026-09-01_2026-09-07.csv,157,0,0,1
ebay:10-55129-78562:sale,ebay,ebay,sale,2026-09-07,10-55129-78562,luckyowl756,buyer,1399,215,ebay_transactions_2026-09-01_2026-09-07.csv,158,0,0,1
ebay:11-80007-83901:sale,ebay,ebay,sale,2026-09-07,11-80007-83901,bluefox219,buyer,3399,480,ebay_transactions_2026-09-01_2026-09-07.csv,159,0,0,1
ebay:25-21715-65857:sale,ebay,ebay,sale,2026-09-07,25-21715-65857,retrodeals233,buyer,4999,692,ebay_transactions_2026-09-01_2026-09-07.csv,160,0,0,1
ebay:10-27155-20409:sale,ebay,ebay,sale,2026-09-07,10-27155-20409,rustymaple162,buyer,1299,202,ebay_transactions_2026-09-01_2026-09-07.csv,161,0,0,1
ebay:24-85375-71916:sale,ebay,ebay,sale,2026-09-07,24-85375-71916,swiftthrift196,buyer,2099,387,ebay_transactions_2026-09-01_2026-09-07.csv,162,599,0,1
ebay:24-87392-36322:sale,ebay,ebay,sale,2026-09-07,24-87392-36322,quietbear210,buyer,899,149,ebay_transactions_2026-09-01_2026-09-07.csv,163,0,0,1
ebay:25-89199-76830:sale,ebay,ebay,sale,2026-09-07,25-89199-76830,luckythrift578,buyer,999,162,ebay_transactions_2026-09-01_2026-09-07.csv,164,0,0,1
ebay:11-92174-29598:sale,ebay,ebay,sale,2026-09-07,11-92174-29598,quietpicker253,buyer,1699,334,ebay_transactions_2026-09-01_2026-09-07.csv,165,599,0,1
ebay:20-13062-30137:sale,ebay,ebay,sale,2026-09-07,20-13062-30137,happybear64,buyer,4399,692,ebay_transactions_2026-09-01_2026-09-07.csv,166,599,0,1
ebay:17-65218-48664:sale,ebay,ebay,sale,2026-09-07,17-65218-48664,happymaple328,buyer,1299,281,ebay_transactions_2026-09-01_2026-09-07.csv,167,599,0,1
ebay:12-58510-59313:sale,ebay,ebay,sale,2026-09-07,12-58510-59313,sunnyfinds345,buyer,5199,719,ebay_transactions_2026-09-01_2026-09-07.csv,168,0,0,1
ebay:16-79590-32691:sale,ebay,ebay,sale,2026-09-07,16-79590-32691,bluemaple183,buyer,5199,719,ebay_transactions_2026-09-01_2026-09-07.csv,169,0,0,1
ebay:19-61759-48608:sale,ebay,ebay,sale,2026-09-07,19-61759-48608,swiftbear477,buyer,3499,573,ebay_transactions_2026-09-01_2026-09-07.csv,170,599,0,1
ebay:13-69254-67047:sale,ebay,ebay,sale,2026-09-07,13-69254-67047,retrodeals304,buyer,4499,705,ebay_transactions_2026-09-01_2026-09-07.csv,171,599,0,1
ebay:12-74738-55904:sale,ebay,ebay,sale,2026-09-07,12-74738-55904,retrodeals880,buyer,1699,334,ebay_transactions_2026-09-01_2026-09-07.csv,172,599,0,1
ebay:21-66226-83673:sale,ebay,ebay,sale,2026-09-07,21-66226-83673,goldenriver635,buyer,3399,480,ebay_transactions_2026-09-01_2026-09-07.csv,173,0,0,1
ebay:21-48420-52104:sale,ebay,ebay,sale,2026-09-07,21-48420-52104,goldenfox814,buyer,699,123,ebay_transactions_2026-09-01_2026-09-07.csv,174,0,0,1
ebay:24-47382-44787:sale,ebay,ebay,sale,2026-09-07,24-47382-44787,goldenpicker950,buyer,1899,361,ebay_transactions_2026-09-01_2026-09-07.csv,175,599,0,1
ebay:15-23607-98877:sale,ebay,ebay,sale,2026-09-07,15-23607-98877,luckyowl47,buyer,1699,255,ebay_transactions_2026-09-01_2026-09-07.csv,176,0,0,1
ebay:20-23853-95579:sale,ebay,ebay,sale,2026-09-07,20-23853-95579,bluedeals432,buyer,5299,732,ebay_transactions_2026-09-01_2026-09-07.csv,177,0,0,1
ebay:26-71677-83412:sale,ebay,ebay,sale,2026-09-08,26-71677-83412,swiftowl570,buyer,1499,229,ebay_transactions_2026-09-08_2026-09-14.csv,1,0,0,1
ebay:12-30450-39104:sale,ebay,ebay,sale,2026-09-08,12-30450-39104,swiftbear800,buyer,3299,467,ebay_transactions_2026-09-08_2026-09-14.csv,2,0,0,1
ebay:21-14650-57490:sale,ebay,ebay,sale,2026-09-08,21-14650-57490,retroowl240,buyer,7899,1156,ebay_transactions_2026-09-08_2026-09-14.csv,3,599,0,1
ebay:21-90597-86371:sale,ebay,ebay,sale,2026-09-08,21-90597-86371,bluehound415,buyer,2399,427,ebay_transactions_2026-09-08_2026-09-14.csv,4,599,0,1
ebay:10-81413-17655:sale,ebay,ebay,sale,2026-09-08,10-81413-17655,sunnyfox908,buyer,2199,401,ebay_transactions_2026-09-08_2026-09-14.csv,5,599,0,1
ebay:11-13239-12997:sale,ebay,ebay,sale,2026-09-08,11-13239-12997,swiftthrift182,buyer,899,149,ebay_transactions_2026-09-08_2026-09-14.csv,6,0,0,1
ebay:22-22957-93485:sale,ebay,ebay,sale,2026-09-08,22-22957-93485,rustymaple436,buyer,4199,586,ebay_transactions_2026-09-08_2026-09-14.csv,7,0,0,1
ebay:15-87871-88150:sale,ebay,ebay,sale,2026-09-08,15-87871-88150,northmaple225,buyer,3599,507,ebay_transactions_2026-09-08_2026-09-14.csv,8,0,0,1
ebay:23-39706-14119:sale,ebay,ebay,sale,2026-09-08,23-39706-14119,bluefox137,buyer,1699,334,ebay_transactions_2026-09-08_2026-09-14.csv,9,599,0,1
ebay:21-72172-89457:sale,ebay,ebay,sale,2026-09-08,21-72172-89457,swiftthrift955,buyer,699,202,ebay_transactions_2026-09-08_2026-09-14.csv,10,599,0,1
ebay:20-96823-81838:sale,ebay,ebay,sale,2026-09-08,20-96823-81838,goldenthrift427,buyer,1999,374,ebay_transactions_2026-09-08_2026-09-14.csv,11,599,0,1
ebay:23-98847-12739:sale,ebay,ebay,sale,2026-09-08,23-98847-12739,bluedeals52,buyer,2299,414,ebay_transactions_2026-09-08_2026-09-14.csv,12,599,0,1
ebay:22-40800-32454:sale,ebay,ebay,sale,2026-09-08,22-40800-32454,luckythrift578,buyer,3899,626,ebay_transactions_2026-09-08_2026-09-14.csv,13,599,0,1
ebay:24-96945-42427:sale,ebay,ebay,sale,2026-09-08,24-96945-42427,rustyowl889,buyer,799,136,ebay_transactions_2026-09-08_2026-09-14.csv,14,0,0,1
ebay:15-95535-39891:sale,ebay,ebay,sale,2026-09-08,15-95535-39891,retrohound379,buyer,1799,268,ebay_transactions_2026-09-08_2026-09-14.csv,15,0,0,1
ebay:24-46417-98560:sale,ebay,ebay,sale,2026-09-08,24-46417-98560,northbear490,buyer,6199,851,ebay_transactions_2026-09-08_2026-09-14.csv,16,0,0,1
ebay:23-80185-74946:sale,ebay,ebay,sale,2026-09-08,23-80185-74946,quietowl465,buyer,799,215,ebay_transactions_2026-09-08_2026-09-14.csv,17,599,0,1
ebay:14-96453-83976:sale,ebay,ebay,sale,2026-09-08,14-96453-83976,swiftthrift955,buyer,1299,281,ebay_transactions_2026-09-08_2026-09-14.csv,18,599,0,1
ebay:23-32844-69189:sale,ebay,ebay,sale,2026-09-08,23-32844-69189,rustyriver102,buyer,3099,441,ebay_transactions_2026-09-08_2026-09-14.csv,19,0,0,1
ebay:14-57524-72978:sale,ebay,ebay,sale,2026-09-08,14-57524-72978,goldenmaple639,buyer,1499,229,ebay_transactions_2026-09-08_2026-09-14.csv,20,0,0,1
ebay:24-88584-74804:sale,ebay,ebay,sale,2026-09-08,24-88584-74804,goldenfinds413,buyer,2299,414,ebay_transactions_2026-09-08_2026-09-14.csv,21,599,0,1
ebay:11-68704-28796:sale,ebay,ebay,sale,2026-09-08,11-68704-28796,luckypicker734,buyer,2799,401,ebay_transactions_2026-09-08_2026-09-14.csv,22,0,0,1
ebay:20-29231-11862:sale,ebay,ebay,sale,2026-09-08,20-29231-11862,quietfinds712,buyer,1699,255,ebay_transactions_2026-09-08_2026-09-14.csv,23,0,0,1
ebay:19-76487-10227:sale,ebay,ebay,sale,2026-09-09,19-76487-10227,luckydeals10,buyer,3399,480,ebay_transactions_2026-09-08_2026-09-14.csv,24,0,0,1
ebay:23-35032-58100:sale,ebay,ebay,sale,2026-09-09,23-35032-58100,swiftfox664,buyer,1799,348,ebay_transactions_2026-09-08_2026-09-14.csv,25,599,0,1
ebay:15-27825-47762:sale,ebay,ebay,sale,2026-09-09,15-27825-47762,retromaple213,buyer,1699,334,ebay_transactions_2026-09-08_2026-09-14.csv,26,599,0,1
ebay:27-38400-17119:sale,ebay,ebay,sale,2026-09-09,27-38400-17119,sunnyowl652,buyer,1599,242,ebay_transactions_2026-09-08_2026-09-14.csv,27,0,0,1
ebay:15-72063-99013:sale,ebay,ebay,sale,2026-09-09,15-72063-99013,retrodeals591,buyer,1799,268,ebay_transactions_2026-09-08_2026-09-14.csv,28,0,0,1
ebay:10-11702-25835:sale,ebay,ebay,sale,2026-09-09,10-11702-25835,bluedeals442,buyer,1499,229,ebay_transactions_2026-09-08_2026-09-14.csv,29,0,0,1
ebay:14-72075-17663:sale,ebay,ebay,sale,2026-09-09,14-72075-17663,sunnyfinds21,buyer,1899,361,ebay_transactions_2026-09-08_2026-09-14.csv,30,599,0,1
ebay:16-15763-87765:sale,ebay,ebay,sale,2026-09-09,16-15763-87765,sunnydeals403,buyer,2799,401,ebay_transactions_2026-09-08_2026-09-14.csv,31,0,0,1
ebay:19-78803-49364:sale,ebay,ebay,sale,2026-09-09,19-78803-49364,northfinds707,buyer,1599,242,ebay_transactions_2026-09-08_2026-09-14.csv,32,0,0,1
ebay:12-57669-27822:sale,ebay,ebay,sale,2026-09-09,12-57669-27822,swiftthrift22,buyer,1699,255,ebay_transactions_2026-09-08_2026-09-14.csv,33,0,0,1
ebay:13-55818-18051:sale,ebay,ebay,sale,2026-09-09,13-55818-18051,sunnydeals258,buyer,2499,440,ebay_transactions_2026-09-08_2026-09-14.csv,34,599,0,1
ebay:13-21216-72041:sale,ebay,ebay,sale,2026-09-09,13-21216-72041,quietmaple594,buyer,1099,255,ebay_transactions_2026-09-08_2026-09-14.csv,35,599,0,1
ebay:25-42703-88516:sale,ebay,ebay,sale,2026-09-09,25-42703-88516,blueowl214,buyer,2399,348,ebay_transactions_2026-09-08_2026-09-14.csv,36,0,0,1
ebay:21-21435-20535:sale,ebay,ebay,sale,2026-09-09,21-21435-20535,northmaple815,buyer,2799,401,ebay_transactions_2026-09-08_2026-09-14.csv,37,0,0,1
ebay:15-69626-20090:sale,ebay,ebay,sale,2026-09-09,15-69626-20090,luckymaple302,buyer,1999,295,ebay_transactions_2026-09-08_2026-09-14.csv,38,0,0,1
ebay:24-20677-32212:sale,ebay,ebay,sale,2026-09-09,24-20677-32212,northfox431,buyer,3299,467,ebay_transactions_2026-09-08_2026-09-14.csv,39,0,0,1
ebay:22-25500-14203:sale,ebay,ebay,sale,2026-09-09,22-25500-14203,bluebear983,buyer,699,202,ebay_transactions_2026-09-08_2026-09-14.csv,40,599,0,1
ebay:25-32575-27684:sale,ebay,ebay,sale,2026-09-09,25-32575-27684,sunnydeals258,buyer,3999,560,ebay_transactions_2026-09-08_2026-09-14.csv,41,0,0,1
ebay:16-15895-42018:sale,ebay,ebay,sale,2026-09-09,16-15895-42018,bluefox954,buyer,3899,626,ebay_transactions_2026-09-08_2026-09-14.csv,42,599,0,1
ebay:22-81340-98020:sale,ebay,ebay,sale,2026-09-09,22-81340-98020,happymaple871,buyer,1899,282,ebay_transactions_2026-09-08_2026-09-14.csv,43,0,0,1
ebay:25-11004-35179:sale,ebay,ebay,sale,2026-09-09,25-11004-35179,blueowl214,buyer,899,149,ebay_transactions_2026-09-08_2026-09-14.csv,44,0,0,1
ebay:12-15598-23421:sale,ebay,ebay,sale,2026-09-09,12-15598-23421,retromaple901,buyer,4299,600,ebay_transactions_2026-09-08_2026-09-14.csv,45,0,0,1
ebay:27-60628-73414:sale,ebay,ebay,sale,2026-09-09,27-60628-73414,rustyowl889,buyer,2799,401,ebay_transactions_2026-09-08_2026-09-14.csv,46,0,0,1
ebay:21-60764-90766:sale,ebay,ebay,sale,2026-09-09,21-60764-90766,retrohound800,buyer,699,202,ebay_transactions_2026-09-08_2026-09-14.csv,47,599,0,1
ebay:26-59688-78017:sale,ebay,ebay,sale,2026-09-09,26-59688-78017,luckyhound134,buyer,2699,388,ebay_transactions_2026-09-08_2026-09-14.csv,48,0,0,1
ebay:10-98836-25463:sale,ebay,ebay,sale,2026-09-10,10-98836-25463,rustyowl679,buyer,2099,308,ebay_transactions_2026-09-08_2026-09-14.csv,49,0,0,1
ebay:13-30901-46975:sale,ebay,ebay,sale,2026-09-10,13-30901-46975,northfox550,buyer,6699,918,ebay_transactions_2026-09-08_2026-09-14.csv,50,0,0,1
ebay:26-63748-77112:sale,ebay,ebay,sale,2026-09-10,26-63748-77112,rustyfinds102,buyer,799,136,ebay_transactions_2026-09-08_2026-09-14.csv,51,0,0,1
ebay:25-75791-68977:sale,ebay,ebay,sale,2026-09-10,25-75791-68977,bluethrift5,buyer,1899,282,ebay_transactions_2026-09-08_2026-09-14.csv,52,0,0,1
ebay:15-87698-32768:sale,ebay,ebay,sale,2026-09-10,15-87698-32768,rustyfox218,buyer,4599,639,ebay_transactions_2026-09-08_2026-09-14.csv,53,0,0,1
ebay:14-51799-22188:sale,ebay,ebay,sale,2026-09-10,14-51799-22188,blueriver134,buyer,1399,215,ebay_transactions_2026-09-08_2026-09-14.csv,54,0,0,1
ebay:14-10372-33261:sale,ebay,ebay,sale,2026-09-10,14-10372-33261,rustypicker977,buyer,2699,388,ebay_transactions_2026-09-08_2026-09-14.csv,55,0,0,1
ebay:22-21231-71121:sale,ebay,ebay,sale,2026-09-10,22-21231-71121,goldenpicker194,buyer,2199,401,ebay_transactions_2026-09-08_2026-09-14.csv,56,599,0,1
ebay:12-71939-63608:sale,ebay,ebay,sale,2026-09-10,12-71939-63608,luckymaple841,buyer,2799,480,ebay_transactions_2026-09-08_2026-09-14.csv,57,599,0,1
ebay:14-31658-55790:sale,ebay,ebay,sale,2026-09-10,14-31658-55790,retrothrift244,buyer,1899,282,ebay_transactions_2026-09-08_2026-09-14.csv,58,0,0,1
ebay:17-42225-43517:sale,ebay,ebay,sale,2026-09-10,17-42225-43517,goldenthrift581,buyer,6899,944,ebay_transactions_2026-09-08_2026-09-14.csv,59,0,0,1
ebay:17-11490-79210:sale,ebay,ebay,sale,2026-09-10,17-11490-79210,retrofox559,buyer,1199,189,ebay_transactions_2026-09-08_2026-09-14.csv,60,0,0,1
ebay:24-31669-18556:sale,ebay,ebay,sale,2026-09-10,24-31669-18556,quietowl465,buyer,1699,334,ebay_transactions_2026-09-08_2026-09-14.csv,61,599,0,1
ebay:25-68836-48815:sale,ebay,ebay,sale,2026-09-10,25-68836-48815,bluemaple387,buyer,2299,414,ebay_transactions_2026-09-08_2026-09-14.csv,62,599,0,1
ebay:26-19932-51461:sale,ebay,ebay,sale,2026-09-10,26-19932-51461,sunnypicker833,buyer,3299,467,ebay_transactions_2026-09-08_2026-09-14.csv,63,0,0,1
ebay:19-52676-94618:sale,ebay,ebay,sale,2026-09-10,19-52676-94618,bluefox137,buyer,1699,255,ebay_transactions_2026-09-08_2026-09-14.csv,64,0,0,1
ebay:27-33370-60691:sale,ebay,ebay,sale,2026-09-10,27-33370-60691,goldenthrift897,buyer,1599,242,ebay_transactions_2026-09-08_2026-09-14.csv,65,0,0,1
ebay:11-66469-62627:sale,ebay,ebay,sale,2026-09-10,11-66469-62627,bluedeals192,buyer,2399,427,ebay_transactions_2026-09-08_2026-09-14.csv,66,599,0,1
ebay:18-23273-69441:sale,ebay,ebay,sale,2026-09-10,18-23273-69441,rustydeals31,buyer,1699,255,ebay_transactions_2026-09-08_2026-09-14.csv,67,0,0,1
ebay:19-99586-43480:sale,ebay,ebay,sale,2026-09-10,19-99586-43480,rustybear921,buyer,5499,759,ebay_transactions_2026-09-08_2026-09-14.csv,68,0,0,1
ebay:24-42790-55585:sale,ebay,ebay,sale,2026-09-10,24-42790-55585,rustyowl910,buyer,999,162,ebay_transactions_2026-09-08_2026-09-14.csv,69,0,0,1
ebay:16-38744-36557:sale,ebay,ebay,sale,2026-09-10,16-38744-36557,happydeals495,buyer,1299,281,ebay_transactions_2026-09-08_2026-09-14.csv,70,599,0,1
ebay:23-73056-20692:sale,ebay,ebay,sale,2026-09-10,23-73056-20692,rustyriver369,buyer,5399,745,ebay_transactions_2026-09-08_2026-09-14.csv,71,0,0,1
ebay:16-86888-29379:sale,ebay,ebay,sale,2026-09-10,16-86888-29379,swiftriver58,buyer,1599,242,ebay_transactions_2026-09-08_2026-09-14.csv,72,0,0,1
ebay:10-28140-96952:sale,ebay,ebay,sale,2026-09-10,10-28140-96952,sunnyfox623,buyer,799,215,ebay_transactions_2026-09-08_2026-09-14.csv,73,599,0,1
ebay:23-85395-51636:sale,ebay,ebay,sale,2026-09-11,23-85395-51636,luckydeals490,buyer,1599,242,ebay_transactions_2026-09-08_2026-09-14.csv,74,0,0,1
ebay:20-43081-71012:sale,ebay,ebay,sale,2026-09-11,20-43081-71012,sunnybear33,buyer,1999,374,ebay_transactions_2026-09-08_2026-09-14.csv,75,599,0,1
ebay:14-32808-91420:sale,ebay,ebay,sale,2026-09-11,14-32808-91420,retromaple720,buyer,2699,467,ebay_transactions_2026-09-08_2026-09-14.csv,76,599,0,1
ebay:16-57842-98290:sale,ebay,ebay,sale,2026-09-11,16-57842-98290,northmaple815,buyer,1999,295,ebay_transactions_2026-09-08_2026-09-14.csv,77,0,0,1
ebay:24-48386-13580:sale,ebay,ebay,sale,2026-09-11,24-48386-13580,rustyfinds835,buyer,1899,282,ebay_transactions_2026-09-08_2026-09-14.csv,78,0,0,1
ebay:11-85226-22290:sale,ebay,ebay,sale,2026-09-11,11-85226-22290,northhound5,buyer,1099,176,ebay_transactions_2026-09-08_2026-09-14.csv,79,0,0,1
ebay:23-53158-12949:sale,ebay,ebay,sale,2026-09-11,23-53158-12949,sunnymaple396,buyer,2499,440,ebay_transactions_2026-09-08_2026-09-14.csv,80,599,0,1
ebay:26-54247-20917:sale,ebay,ebay,sale,2026-09-11,26-54247-20917,retromaple213,buyer,899,228,ebay_transactions_2026-09-08_2026-09-14.csv,81,599,0,1
ebay:18-86719-14187:sale,ebay,ebay,sale,2026-09-11,18-86719-14187,goldenowl179,buyer,1399,215,ebay_transactions_2026-09-08_2026-09-14.csv,82,0,0,1
ebay:11-16271-18168:sale,ebay,ebay,sale,2026-09-11,11-16271-18168,retrofox529,buyer,1399,215,ebay_transactions_2026-09-08_2026-09-14.csv,83,0,0,1
ebay:24-86607-10293:sale,ebay,ebay,sale,2026-09-11,24-86607-10293,goldenthrift429,buyer,2299,335,ebay_transactions_2026-09-08_2026-09-14.csv,84,0,0,1
ebay:20-11374-35865:sale,ebay,ebay,sale,2026-09-11,20-11374-35865,bluebear113,buyer,4499,626,ebay_transactions_2026-09-08_2026-09-14.csv,85,0,0,1
ebay:27-85051-99892:sale,ebay,ebay,sale,2026-09-11,27-85051-99892,northfinds911,buyer,2199,401,ebay_transactions_2026-09-08_2026-09-14.csv,86,599,0,1
ebay:17-55836-28602:sale,ebay,ebay,sale,2026-09-11,17-55836-28602,bluedeals442,buyer,3299,467,ebay_transactions_2026-09-08_2026-09-14.csv,87,0,0,1
ebay:23-63929-51938:sale,ebay,ebay,sale,2026-09-11,23-63929-51938,northbear504,buyer,6799,931,ebay_transactions_2026-09-08_2026-09-14.csv,88,0,0,1
ebay:15-18797-70652:sale,ebay,ebay,sale,2026-09-11,15-18797-70652,luckyriver730,buyer,1099,255,ebay_transactions_2026-09-08_2026-09-14.csv,89,599,0,1
ebay:10-92654-83129:sale,ebay,ebay,sale,2026-09-11,10-92654-83129,sunnydeals403,buyer,5499,759,ebay_transactions_2026-09-08_2026-09-14.csv,90,0,0,1
ebay:13-98507-36348:sale,ebay,ebay,sale,2026-09-11,13-98507-36348,northdeals692,buyer,1299,202,ebay_transactions_2026-09-08_2026-09-14.csv,91,0,0,1
ebay:23-80706-54703:sale,ebay,ebay,sale,2026-09-11,23-80706-54703,northfinds707,buyer,899,149,ebay_transactions_2026-09-08_2026-09-14.csv,92,0,0,1
ebay:10-34178-39587:sale,ebay,ebay,sale,2026-09-11,10-34178-39587,sunnymaple396,buyer,1699,255,ebay_transactions_2026-09-08_2026-09-14.csv,93,0,0,1
ebay:22-52385-37842:sale,ebay,ebay,sale,2026-09-11,22-52385-37842,quietowl829,buyer,5299,732,ebay_transactions_2026-09-08_2026-09-14.csv,94,0,0,1
ebay:13-26574-26231:sale,ebay,ebay,sale,2026-09-11,13-26574-26231,luckymaple575,buyer,1799,268,ebay_transactions_2026-09-08_2026-09-14.csv,95,0,0,1
ebay:25-88579-63162:sale,ebay,ebay,sale,2026-09-11,25-88579-63162,swiftowl566,buyer,4199,666,ebay_transactions_2026-09-08_2026-09-14.csv,96,599,0,1
ebay:25-47162-65837:sale,ebay,ebay,sale,2026-09-12,25-47162-65837,happydeals410,buyer,1499,308,ebay_transactions_2026-09-08_2026-09-14.csv,97,599,0,1
ebay:25-43266-91653:sale,ebay,ebay,sale,2026-09-12,25-43266-91653,rustyriver369,buyer,5299,811,ebay_transactions_2026-09-08_2026-09-14.csv,98,599,0,1
ebay:23-92732-59687:sale,ebay,ebay,sale,2026-09-12,23-92732-59687,bluemaple134,buyer,2099,308,ebay_transactions_2026-09-08_2026-09-14.csv,99,0,0,1
ebay:16-95406-51593:sale,ebay,ebay,sale,2026-09-12,16-95406-51593,retrodeals304,buyer,2099,387,ebay_transactions_2026-09-08_2026-09-14.csv,100,599,0,1
ebay:17-21852-47047:sale,ebay,ebay,sale,2026-09-12,17-21852-47047,bluefox486,buyer,1199,189,ebay_transactions_2026-09-08_2026-09-14.csv,101,0,0,1
ebay:11-90288-77352:sale,ebay,ebay,sale,2026-09-12,11-90288-77352,rustyhound790,buyer,1499,229,ebay_transactions_2026-09-08_2026-09-14.csv,102,0,0,1
ebay:19-63579-84738:sale,ebay,ebay,sale,2026-09-12,19-63579-84738,happyfox281,buyer,999,162,ebay_transactions_2026-09-08_2026-09-14.csv,103,0,0,1
ebay:11-64973-81585:sale,ebay,ebay,sale,2026-09-12,11-64973-81585,swiftfox562,buyer,3399,560,ebay_transactions_2026-09-08_2026-09-14.csv,104,599,0,1
ebay:21-11778-27967:sale,ebay,ebay,sale,2026-09-12,21-11778-27967,goldenriver635,buyer,2599,454,ebay_transactions_2026-09-08_2026-09-14.csv,105,599,0,1
ebay:23-73056-20692:refund,ebay,ebay,refund,2026-09-12,23-73056-20692,rustyriver369,buyer,-5399,0,ebay_transactions_2026-09-08_2026-09-14.csv,106,0,0,0
ebay:14-65024-91283:sale,ebay,ebay,sale,2026-09-12,14-65024-91283,sunnythrift481,buyer,3799,533,ebay_transactions_2026-09-08_2026-09-14.csv,107,0,0,1
ebay:17-12219-68000:sale,ebay,ebay,sale,2026-09-12,17-12219-68000,goldenpicker388,buyer,1299,202,ebay_transactions_2026-09-08_2026-09-14.csv,108,0,0,1
ebay:15-67588-95506:sale,ebay,ebay,sale,2026-09-12,15-67588-95506,goldenhound575,buyer,899,149,ebay_transactions_2026-09-08_2026-09-14.csv,109,0,0,1
ebay:19-54324-41535:sale,ebay,ebay,sale,2026-09-12,19-54324-41535,goldenriver635,buyer,5099,706,ebay_transactions_2026-09-08_2026-09-14.csv,110,0,0,1
ebay:21-75450-71152:sale,ebay,ebay,sale,2026-09-12,21-75450-71152,happydeals987,buyer,4999,772,ebay_transactions_2026-09-08_2026-09-14.csv,111,599,0,1
ebay:22-52769-89787:sale,ebay,ebay,sale,2026-09-12,22-52769-89787,luckypicker617,buyer,5199,719,ebay_transactions_2026-09-08_2026-09-14.csv,112,0,0,1
ebay:19-42570-60585:sale,ebay,ebay,sale,2026-09-12,19-42570-60585,happymaple679,buyer,7099,971,ebay_transactions_2026-09-08_2026-09-14.csv,113,0,0,1
ebay:10-37028-34376:sale,ebay,ebay,sale,2026-09-12,10-37028-34376,goldenmaple943,buyer,1699,255,ebay_transactions_2026-09-08_2026-09-14.csv,114,0,0,1
ebay:19-31233-91996:sale,ebay,ebay,sale,2026-09-12,19-31233-91996,luckypicker594,buyer,1599,242,ebay_transactions_2026-09-08_2026-09-14.csv,115,0,0,1
ebay:15-17717-88074:sale,ebay,ebay,sale,2026-09-12,15-17717-88074,happyfox572,buyer,7099,971,ebay_transactions_2026-09-08_2026-09-14.csv,116,0,0,1
ebay:13-36175-49734:sale,ebay,ebay,sale,2026-09-12,13-36175-49734,sunnyfox908,buyer,999,162,ebay_transactions_2026-09-08_2026-09-14.csv,117,0,0,1
ebay:10-86095-49224:sale,ebay,ebay,sale,2026-09-13,10-86095-49224,swiftpicker537,buyer,2899,414,ebay_transactions_2026-09-08_2026-09-14.csv,118,0,0,1
ebay:18-75212-83132:sale,ebay,ebay,sale,2026-09-13,18-75212-83132,northmaple851,buyer,4299,600,ebay_transactions_2026-09-08_2026-09-14.csv,119,0,0,1
ebay:10-91703-18552:sale,ebay,ebay,sale,2026-09-13,10-91703-18552,goldenowl962,buyer,4599,719,ebay_transactions_2026-09-08_2026-09-14.csv,120,599,0,1
ebay:27-11315-62754:sale,ebay,ebay,sale,2026-09-13,27-11315-62754,swiftfinds15,buyer,1099,255,ebay_transactions_2026-09-08_2026-09-14.csv,121,599,0,1
ebay:18-34591-45746:sale,ebay,ebay,sale,2026-09-13,18-34591-45746,sunnybear601,buyer,2599,374,ebay_transactions_2026-09-08_2026-09-14.csv,122,0,0,1
ebay:18-35404-16675:sale,ebay,ebay,sale,2026-09-13,18-35404-16675,bluedeals655,buyer,1599,242,ebay_transactions_2026-09-08_2026-09-14.csv,123,0,0,1
ebay:22-11872-20652:sale,ebay,ebay,sale,2026-09-13,22-11872-20652,sunnydeals184,buyer,1299,202,ebay_transactions_2026-09-08_2026-09-14.csv,124,0,0,1
ebay:14-29605-38007:sale,ebay,ebay,sale,2026-09-13,14-29605-38007,retrodeals808,buyer,1499,229,ebay_transactions_2026-09-08_2026-09-14.csv,125,0,0,1
ebay:18-55881-45814:sale,ebay,ebay,sale,2026-09-13,18-55881-45814,goldenfox913,buyer,2499,361,ebay_transactions_2026-09-08_2026-09-14.csv,126,0,0,1
ebay:27-26496-95852:sale,ebay,ebay,sale,2026-09-13,27-26496-95852,rustyriver62,buyer,2599,374,ebay_transactions_2026-09-08_2026-09-14.csv,127,0,0,1
ebay:13-37169-33007:sale,ebay,ebay,sale,2026-09-13,13-37169-33007,quietowl901,buyer,2399,348,ebay_transactions_2026-09-08_2026-09-14.csv,128,0,0,1
ebay:11-34607-79828:sale,ebay,ebay,sale,2026-09-13,11-34607-79828,swiftowl566,buyer,2899,414,ebay_transactions_2026-09-08_2026-09-14.csv,129,0,0,1
ebay:21-84932-26428:sale,ebay,ebay,sale,2026-09-13,21-84932-26428,swifthound56,buyer,7399,1010,ebay_transactions_2026-09-08_2026-09-14.csv,130,0,0,1
ebay:19-72112-59579:sale,ebay,ebay,sale,2026-09-13,19-72112-59579,bluethrift535,buyer,999,162,ebay_transactions_2026-09-08_2026-09-14.csv,131,0,0,1
ebay:11-65720-59817:sale,ebay,ebay,sale,2026-09-13,11-65720-59817,swiftfox778,buyer,1699,334,ebay_transactions_2026-09-08_2026-09-14.csv,132,599,0,1
ebay:25-38394-32061:sale,ebay,ebay,sale,2026-09-13,25-38394-32061,northriver670,buyer,2699,388,ebay_transactions_2026-09-08_2026-09-14.csv,133,0,0,1
ebay:13-36358-72829:sale,ebay,ebay,sale,2026-09-13,13-36358-72829,luckymaple168,buyer,1599,321,ebay_transactions_2026-09-08_2026-09-14.csv,134,599,0,1
ebay:14-54256-98713:sale,ebay,ebay,sale,2026-09-13,14-54256-98713,northriver353,buyer,1299,202,ebay_transactions_2026-09-08_2026-09-14.csv,135,0,0,1
ebay:15-86841-74014:sale,ebay,ebay,sale,2026-09-13,15-86841-74014,quietthrift237,buyer,2899,414,ebay_transactions_2026-09-08_2026-09-14.csv,136,0,0,1
ebay:20-52438-63678:sale,ebay,ebay,sale,2026-09-13,20-52438-63678,bluefinds764,buyer,1099,255,ebay_transactions_2026-09-08_2026-09-14.csv,137,599,0,1
ebay:19-47581-99016:sale,ebay,ebay,sale,2026-09-13,19-47581-99016,bluepicker661,buyer,2199,401,ebay_transactions_2026-09-08_2026-09-14.csv,138,599,0,1
ebay:12-88168-42319:sale,ebay,ebay,sale,2026-09-13,12-88168-42319,goldenriver602,buyer,3299,467,ebay_transactions_2026-09-08_2026-09-14.csv,139,0,0,1
ebay:13-18372-80404:sale,ebay,ebay,sale,2026-09-13,13-18372-80404,goldenmaple638,buyer,2499,361,ebay_transactions_2026-09-08_2026-09-14.csv,140,0,0,1
ebay:20-33658-36188:sale,ebay,ebay,sale,2026-09-13,20-33658-36188,happymaple190,buyer,2999,427,ebay_transactions_2026-09-08_2026-09-14.csv,141,0,0,1
ebay:27-91842-61977:sale,ebay,ebay,sale,2026-09-13,27-91842-61977,luckyfinds229,buyer,7299,997,ebay_transactions_2026-09-08_2026-09-14.csv,142,0,0,1
ebay:23-12599-45214:sale,ebay,ebay,sale,2026-09-13,23-12599-45214,sunnymaple873,buyer,1799,268,ebay_transactions_2026-09-08_2026-09-14.csv,143,0,0,1
ebay:21-54730-20060:sale,ebay,ebay,sale,2026-09-13,21-54730-20060,sunnypicker681,buyer,1799,348,ebay_transactions_2026-09-08_2026-09-14.csv,144,599,0,1
ebay:17-44329-12491:sale,ebay,ebay,sale,2026-09-13,17-44329-12491,happybear762,buyer,1199,189,ebay_transactions_2026-09-08_2026-09-14.csv,145,0,0,1
ebay:10-56082-73304:sale,ebay,ebay,sale,2026-09-13,10-56082-73304,retrofox559,buyer,2299,414,ebay_transactions_2026-09-08_2026-09-14.csv,146,599,0,1
ebay:13-45302-84730:sale,ebay,ebay,sale,2026-09-13,13-45302-84730,quietbear877,buyer,2899,414,ebay_transactions_2026-09-08_2026-09-14.csv,147,0,0,1
ebay:16-70336-21873:sale,ebay,ebay,sale,2026-09-13,16-70336-21873,sunnymaple375,buyer,2799,480,ebay_transactions_2026-09-08_2026-09-14.csv,148,599,0,1
ebay:20-68792-37530:sale,ebay,ebay,sale,2026-09-13,20-68792-37530,sunnyfox954,buyer,1199,268,ebay_transactions_2026-09-08_2026-09-14.csv,149,599,0,1
ebay:11-14399-23565:sale,ebay,ebay,sale,2026-09-13,11-14399-23565,bluefox827,buyer,2499,440,ebay_transactions_2026-09-08_2026-09-14.csv,150,599,0,1
ebay:25-98738-20055:sale,ebay,ebay,sale,2026-09-14,25-98738-20055,northhound997,buyer,799,136,ebay_transactions_2026-09-08_2026-09-14.csv,151,0,0,1
ebay:19-67044-39866:sale,ebay,ebay,sale,2026-09-14,19-67044-39866,retrothrift166,buyer,7299,997,ebay_transactions_2026-09-08_2026-09-14.csv,152,0,0,1
ebay:13-72190-86225:sale,ebay,ebay,sale,2026-09-14,13-72190-86225,bluebear111,buyer,1799,268,ebay_transactions_2026-09-08_2026-09-14.csv,153,0,0,1
ebay:14-25313-31638:sale,ebay,ebay,sale,2026-09-14,14-25313-31638,swiftowl8,buyer,4099,652,ebay_transactions_2026-09-08_2026-09-14.csv,154,599,0,1
ebay:19-69927-70878:sale,ebay,ebay,sale,2026-09-14,19-69927-70878,rustydeals167,buyer,999,242,ebay_transactions_2026-09-08_2026-09-14.csv,155,599,0,1
ebay:12-26414-84548:sale,ebay,ebay,sale,2026-09-14,12-26414-84548,quietfinds712,buyer,1699,334,ebay_transactions_2026-09-08_2026-09-14.csv,156,599,0,1
ebay:17-24177-39666:sale,ebay,ebay,sale,2026-09-14,17-24177-39666,sunnymaple628,buyer,1499,308,ebay_transactions_2026-09-08_2026-09-14.csv,157,599,0,1
ebay:14-61551-99341:sale,ebay,ebay,sale,2026-09-14,14-61551-99341,quietthrift665,buyer,2999,507,ebay_transactions_2026-09-08_2026-09-14.csv,158,599,0,1
ebay:19-93294-54171:sale,ebay,ebay,sale,2026-09-14,19-93294-54171,bluebear113,buyer,1899,282,ebay_transactions_2026-09-08_2026-09-14.csv,159,0,0,1
ebay:13-41716-63484:sale,ebay,ebay,sale,2026-09-14,13-41716-63484,bluethrift5,buyer,3299,546,ebay_transactions_2026-09-08_2026-09-14.csv,160,599,0,1
ebay:25-31091-59218:sale,ebay,ebay,sale,2026-09-14,25-31091-59218,norththrift944,buyer,4499,626,ebay_transactions_2026-09-08_2026-09-14.csv,161,0,0,1
ebay:25-41090-93656:sale,ebay,ebay,sale,2026-09-14,25-41090-93656,sunnythrift798,buyer,1299,281,ebay_transactions_2026-09-08_2026-09-14.csv,162,599,0,1
ebay:26-57774-52476:sale,ebay,ebay,sale,2026-09-14,26-57774-52476,happymaple678,buyer,1099,176,ebay_transactions_2026-09-08_2026-09-14.csv,163,0,0,1
ebay:27-46502-82380:sale,ebay,ebay,sale,2026-09-14,27-46502-82380,goldenowl179,buyer,1099,176,ebay_transactions_2026-09-08_2026-09-14.csv,164,0,0,1
ebay:10-17736-35056:sale,ebay,ebay,sale,2026-09-14,10-17736-35056,goldenbear507,buyer,2199,321,ebay_transactions_2026-09-08_2026-09-14.csv,165,0,0,1
ebay:27-91386-57880:sale,ebay,ebay,sale,2026-09-14,27-91386-57880,sunnyhound355,buyer,2199,321,ebay_transactions_2026-09-08_2026-09-14.csv,166,0,0,1
ebay:15-12435-77078:sale,ebay,ebay,sale,2026-09-14,15-12435-77078,luckymaple841,buyer,1399,295,ebay_transactions_2026-09-08_2026-09-14.csv,167,599,0,1
ebay:19-15405-55123:sale,ebay,ebay,sale,2026-09-14,19-15405-55123,northdeals414,buyer,1799,348,ebay_transactions_2026-09-08_2026-09-14.csv,168,599,0,1
ebay:23-15751-99205:sale,ebay,ebay,sale,2026-09-14,23-15751-99205,swiftdeals521,buyer,4099,652,ebay_transactions_2026-09-08_2026-09-14.csv,169,599,0,1
ebay:14-12872-68995:sale,ebay,ebay,sale,2026-09-14,14-12872-68995,retroowl849,buyer,1999,374,ebay_transactions_2026-09-08_2026-09-14.csv,170,599,0,1
ebay:19-83819-99302:sale,ebay,ebay,sale,2026-09-14,19-83819-99302,bluepicker960,buyer,1899,282,ebay_transactions_2026-09-08_2026-09-14.csv,171,0,0,1
ebay:25-77202-19891:sale,ebay,ebay,sale,2026-09-14,25-77202-19891,northowl344,buyer,1899,282,ebay_transactions_2026-09-08_2026-09-14.csv,172,0,0,1
ebay:13-80944-86061:sale,ebay,ebay,sale,2026-09-14,13-80944-86061,quietthrift983,buyer,3899,626,ebay_transactions_2026-09-08_2026-09-14.csv,173,599,0,1
ebay:17-62153-25583:sale,ebay,ebay,sale,2026-09-14,17-62153-25583,northriver239,buyer,1899,361,ebay_transactions_2026-09-08_2026-09-14.csv,174,599,0,1
ebay:25-15090-33528:sale,ebay,ebay,sale,2026-09-15,25-15090-33528,quietriver717,buyer,1999,295,ebay_transactions_2026-09-12_2026-09-18 (1).csv,79,0,0,1
ebay:21-66083-44630:sale,ebay,ebay,sale,2026-09-15,21-66083-44630,retrothrift753,buyer,1599,242,ebay_transactions_2026-09-12_2026-09-18 (1).csv,80,0,0,1
ebay:20-40699-65006:sale,ebay,ebay,sale,2026-09-15,20-40699-65006,happyhound827,buyer,2399,348,ebay_transactions_2026-09-12_2026-09-18 (1).csv,81,0,0,1
ebay:12-11600-28395:sale,ebay,ebay,sale,2026-09-15,12-11600-28395,happydeals987,buyer,899,228,ebay_transactions_2026-09-12_2026-09-18 (1).csv,82,599,0,1
ebay:24-82291-28386:sale,ebay,ebay,sale,2026-09-15,24-82291-28386,rustyriver102,buyer,2199,321,ebay_transactions_2026-09-12_2026-09-18 (1).csv,83,0,0,1
ebay:16-71779-81878:sale,ebay,ebay,sale,2026-09-15,16-71779-81878,northbear831,buyer,3199,454,ebay_transactions_2026-09-12_2026-09-18 (1).csv,84,0,0,1
ebay:10-65883-44996:sale,ebay,ebay,sale,2026-09-15,10-65883-44996,sunnyowl944,buyer,1299,202,ebay_transactions_2026-09-12_2026-09-18 (1).csv,85,0,0,1
ebay:23-32436-68174:sale,ebay,ebay,sale,2026-09-15,23-32436-68174,retromaple625,buyer,7999,1090,ebay_transactions_2026-09-12_2026-09-18 (1).csv,86,0,0,1
ebay:20-95799-62660:sale,ebay,ebay,sale,2026-09-15,20-95799-62660,happyfox312,buyer,4599,639,ebay_transactions_2026-09-12_2026-09-18 (1).csv,87,0,0,1
ebay:25-20934-78930:sale,ebay,ebay,sale,2026-09-15,25-20934-78930,quietfinds674,buyer,1499,229,ebay_transactions_2026-09-12_2026-09-18 (1).csv,88,0,0,1
ebay:24-39656-21210:sale,ebay,ebay,sale,2026-09-15,24-39656-21210,happydeals345,buyer,1799,348,ebay_transactions_2026-09-12_2026-09-18 (1).csv,89,599,0,1
ebay:14-32496-30955:sale,ebay,ebay,sale,2026-09-15,14-32496-30955,luckydeals490,buyer,5199,798,ebay_transactions_2026-09-12_2026-09-18 (1).csv,90,599,0,1
ebay:18-56016-84506:sale,ebay,ebay,sale,2026-09-15,18-56016-84506,luckyfox559,buyer,1799,348,ebay_transactions_2026-09-12_2026-09-18 (1).csv,91,599,0,1
ebay:18-38349-90259:sale,ebay,ebay,sale,2026-09-15,18-38349-90259,retrodeals304,buyer,3699,520,ebay_transactions_2026-09-12_2026-09-18 (1).csv,92,0,0,1
ebay:19-68577-69048:sale,ebay,ebay,sale,2026-09-15,19-68577-69048,swiftmaple127,buyer,699,123,ebay_transactions_2026-09-12_2026-09-18 (1).csv,93,0,0,1
ebay:27-62796-37986:sale,ebay,ebay,sale,2026-09-15,27-62796-37986,norththrift944,buyer,2899,414,ebay_transactions_2026-09-12_2026-09-18 (1).csv,94,0,0,1
ebay:21-22379-53882:sale,ebay,ebay,sale,2026-09-15,21-22379-53882,bluemaple686,buyer,1699,255,ebay_transactions_2026-09-12_2026-09-18 (1).csv,95,0,0,1
ebay:18-51654-54258:sale,ebay,ebay,sale,2026-09-15,18-51654-54258,swiftdeals752,buyer,1399,215,ebay_transactions_2026-09-12_2026-09-18 (1).csv,96,0,0,1
ebay:13-13516-19463:sale,ebay,ebay,sale,2026-09-15,13-13516-19463,swiftfox199,buyer,799,215,ebay_transactions_2026-09-12_2026-09-18 (1).csv,97,599,0,1
ebay:17-31716-44552:sale,ebay,ebay,sale,2026-09-15,17-31716-44552,retrodeals600,buyer,2199,321,ebay_transactions_2026-09-12_2026-09-18 (1).csv,98,0,0,1
ebay:26-68779-81630:sale,ebay,ebay,sale,2026-09-15,26-68779-81630,luckyowl660,buyer,899,149,ebay_transactions_2026-09-12_2026-09-18 (1).csv,99,0,0,1
ebay:23-17415-32963:sale,ebay,ebay,sale,2026-09-15,23-17415-32963,retrohound429,buyer,499,175,ebay_transactions_2026-09-12_2026-09-18 (1).csv,100,599,0,1
ebay:11-78248-95118:sale,ebay,ebay,sale,2026-09-15,11-78248-95118,sunnypicker241,buyer,4299,679,ebay_transactions_2026-09-12_2026-09-18 (1).csv,101,599,0,1
ebay:24-94155-24686:sale,ebay,ebay,sale,2026-09-15,24-94155-24686,northriver670,buyer,1899,361,ebay_transactions_2026-09-12_2026-09-18 (1).csv,102,599,0,1
ebay:17-73763-59161:sale,ebay,ebay,sale,2026-09-15,17-73763-59161,quietriver717,buyer,2499,361,ebay_transactions_2026-09-12_2026-09-18 (1).csv,103,0,0,1
ebay:12-27135-57108:sale,ebay,ebay,sale,2026-09-15,12-27135-57108,luckybear772,buyer,3499,494,ebay_transactions_2026-09-12_2026-09-18 (1).csv,104,0,0,1
ebay:14-30191-98861:sale,ebay,ebay,sale,2026-09-15,14-30191-98861,quiethound678,buyer,2299,335,ebay_transactions_2026-09-12_2026-09-18 (1).csv,105,0,0,1
ebay:12-33991-48196:sale,ebay,ebay,sale,2026-09-15,12-33991-48196,sunnyfox16,buyer,3599,507,ebay_transactions_2026-09-12_2026-09-18 (1).csv,106,0,0,1
ebay:18-13688-35068:sale,ebay,ebay,sale,2026-09-15,18-13688-35068,quietfinds678,buyer,1899,282,ebay_transactions_2026-09-12_2026-09-18 (1).csv,107,0,0,1
ebay:14-97452-35285:sale,ebay,ebay,sale,2026-09-15,14-97452-35285,goldenhound575,buyer,4199,666,ebay_transactions_2026-09-12_2026-09-18 (1).csv,108,599,0,1
ebay:15-44376-68554:sale,ebay,ebay,sale,2026-09-16,15-44376-68554,rustydeals421,buyer,2699,388,ebay_transactions_2026-09-12_2026-09-18 (1).csv,109,0,0,1
ebay:25-80468-77878:sale,ebay,ebay,sale,2026-09-16,25-80468-77878,quietowl208,buyer,3199,533,ebay_transactions_2026-09-12_2026-09-18 (1).csv,110,599,0,1
ebay:27-10745-68688:sale,ebay,ebay,sale,2026-09-16,27-10745-68688,goldenowl522,buyer,1099,176,ebay_transactions_2026-09-12_2026-09-18 (1).csv,111,0,0,1
ebay:17-40579-53918:sale,ebay,ebay,sale,2026-09-16,17-40579-53918,goldenbear507,buyer,2399,348,ebay_transactions_2026-09-12_2026-09-18 (1).csv,112,0,0,1
ebay:17-85848-53238:sale,ebay,ebay,sale,2026-09-16,17-85848-53238,bluefinds716,buyer,599,109,ebay_transactions_2026-09-12_2026-09-18 (1).csv,113,0,0,1
ebay:20-95509-25127:sale,ebay,ebay,sale,2026-09-16,20-95509-25127,quietdeals890,buyer,599,109,ebay_transactions_2026-09-12_2026-09-18 (1).csv,114,0,0,1
ebay:23-20375-88991:sale,ebay,ebay,sale,2026-09-16,23-20375-88991,retrothrift443,buyer,2499,361,ebay_transactions_2026-09-12_2026-09-18 (1).csv,115,0,0,1
ebay:13-23565-61795:sale,ebay,ebay,sale,2026-09-16,13-23565-61795,sunnypicker241,buyer,3599,507,ebay_transactions_2026-09-12_2026-09-18 (1).csv,116,0,0,1
ebay:12-65257-42955:sale,ebay,ebay,sale,2026-09-16,12-65257-42955,retromaple539,buyer,1799,268,ebay_transactions_2026-09-12_2026-09-18 (1).csv,117,0,0,1
ebay:25-84537-42665:sale,ebay,ebay,sale,2026-09-16,25-84537-42665,sunnyfinds345,buyer,2899,493,ebay_transactions_2026-09-12_2026-09-18 (1).csv,118,599,0,1
ebay:23-85293-61471:sale,ebay,ebay,sale,2026-09-16,23-85293-61471,happyhound827,buyer,5999,825,ebay_transactions_2026-09-12_2026-09-18 (1).csv,119,0,0,1
ebay:20-56770-50164:sale,ebay,ebay,sale,2026-09-16,20-56770-50164,swiftowl566,buyer,2299,335,ebay_transactions_2026-09-12_2026-09-18 (1).csv,120,0,0,1
ebay:17-45871-65113:sale,ebay,ebay,sale,2026-09-16,17-45871-65113,happyowl624,buyer,4899,758,ebay_transactions_2026-09-12_2026-09-18 (1).csv,121,599,0,1
ebay:16-37970-11990:sale,ebay,ebay,sale,2026-09-16,16-37970-11990,bluethrift5,buyer,2799,401,ebay_transactions_2026-09-12_2026-09-18 (1).csv,122,0,0,1
ebay:23-78152-45445:sale,ebay,ebay,sale,2026-09-16,23-78152-45445,norththrift536,buyer,1599,242,ebay_transactions_2026-09-12_2026-09-18 (1).csv,123,0,0,1
ebay:21-76619-28834:sale,ebay,ebay,sale,2026-09-16,21-76619-28834,goldenhound593,buyer,1099,255,ebay_transactions_2026-09-12_2026-09-18 (1).csv,124,599,0,1
ebay:27-34906-63270:sale,ebay,ebay,sale,2026-09-16,27-34906-63270,rustydeals378,buyer,2999,507,ebay_transactions_2026-09-12_2026-09-18 (1).csv,125,599,0,1
ebay:27-24021-91394:sale,ebay,ebay,sale,2026-09-16,27-24021-91394,goldenhound296,buyer,2599,454,ebay_transactions_2026-09-12_2026-09-18 (1).csv,126,599,0,1
ebay:17-38051-56151:sale,ebay,ebay,sale,2026-09-16,17-38051-56151,happyriver945,buyer,7299,1076,ebay_transactions_2026-09-12_2026-09-18 (1).csv,127,599,0,1
ebay:19-83355-37898:sale,ebay,ebay,sale,2026-09-16,19-83355-37898,quietfinds257,buyer,1499,229,ebay_transactions_2026-09-12_2026-09-18 (1).csv,128,0,0,1
ebay:20-83841-71917:sale,ebay,ebay,sale,2026-09-16,20-83841-71917,sunnyowl647,buyer,5299,811,ebay_transactions_2026-09-12_2026-09-18 (1).csv,129,599,0,1
ebay:21-34608-96335:sale,ebay,ebay,sale,2026-09-16,21-34608-96335,swifthound892,buyer,2199,401,ebay_transactions_2026-09-12_2026-09-18 (1).csv,130,599,0,1
ebay:13-41998-29040:sale,ebay,ebay,sale,2026-09-16,13-41998-29040,retrofinds401,buyer,4799,745,ebay_transactions_2026-09-12_2026-09-18 (1).csv,131,599,0,1
ebay:18-58738-30912:sale,ebay,ebay,sale,2026-09-16,18-58738-30912,northmaple936,buyer,3299,467,ebay_transactions_2026-09-12_2026-09-18 (1).csv,132,0,0,1
ebay:17-78243-40805:sale,ebay,ebay,sale,2026-09-16,17-78243-40805,northdeals771,buyer,1299,281,ebay_transactions_2026-09-12_2026-09-18 (1).csv,133,599,0,1
ebay:10-25653-89924:sale,ebay,ebay,sale,2026-09-16,10-25653-89924,northfinds810,buyer,1099,176,ebay_transactions_2026-09-12_2026-09-18 (1).csv,134,0,0,1
ebay:24-12977-20479:sale,ebay,ebay,sale,2026-09-16,24-12977-20479,goldendeals273,buyer,3199,533,ebay_transactions_2026-09-12_2026-09-18 (1).csv,135,599,0,1
ebay:27-56501-67859:sale,ebay,ebay,sale,2026-09-17,27-56501-67859,swiftfox929,buyer,1499,229,ebay_transactions_2026-09-12_2026-09-18 (1).csv,136,0,0,1
ebay:19-31183-93785:sale,ebay,ebay,sale,2026-09-17,19-31183-93785,happymaple989,buyer,3899,547,ebay_transactions_2026-09-12_2026-09-18 (1).csv,137,0,0,1
ebay:14-66412-15761:sale,ebay,ebay,sale,2026-09-17,14-66412-15761,bluemaple771,buyer,1499,308,ebay_transactions_2026-09-12_2026-09-18 (1).csv,138,599,0,1
ebay:10-79897-47573:sale,ebay,ebay,sale,2026-09-17,10-79897-47573,luckybear488,buyer,1099,176,ebay_transactions_2026-09-12_2026-09-18 (1).csv,139,0,0,1
ebay:15-26692-88187:sale,ebay,ebay,sale,2026-09-17,15-26692-88187,goldenhound107,buyer,2699,388,ebay_transactions_2026-09-12_2026-09-18 (1).csv,140,0,0,1
ebay:13-26881-75410:sale,ebay,ebay,sale,2026-09-17,13-26881-75410,quietmaple131,buyer,1699,255,ebay_transactions_2026-09-12_2026-09-18 (1).csv,141,0,0,1
ebay:15-35117-49493:sale,ebay,ebay,sale,2026-09-17,15-35117-49493,swiftfox199,buyer,899,149,ebay_transactions_2026-09-12_2026-09-18 (1).csv,142,0,0,1
ebay:25-85549-22779:sale,ebay,ebay,sale,2026-09-17,25-85549-22779,goldenpicker388,buyer,3699,520,ebay_transactions_2026-09-12_2026-09-18 (1).csv,143,0,0,1
ebay:27-28329-56265:sale,ebay,ebay,sale,2026-09-17,27-28329-56265,blueriver348,buyer,2799,401,ebay_transactions_2026-09-12_2026-09-18 (1).csv,144,0,0,1
ebay:12-11208-72305:sale,ebay,ebay,sale,2026-09-17,12-11208-72305,sunnythrift778,buyer,5699,785,ebay_transactions_2026-09-12_2026-09-18 (1).csv,145,0,0,1
ebay:26-88881-49376:sale,ebay,ebay,sale,2026-09-17,26-88881-49376,sunnybear797,buyer,5799,798,ebay_transactions_2026-09-12_2026-09-18 (1).csv,146,0,0,1
ebay:26-37383-30748:sale,ebay,ebay,sale,2026-09-17,26-37383-30748,happyriver945,buyer,899,149,ebay_transactions_2026-09-12_2026-09-18 (1).csv,147,0,0,1
ebay:24-26543-71657:sale,ebay,ebay,sale,2026-09-17,24-26543-71657,rustymaple162,buyer,3699,599,ebay_transactions_2026-09-12_2026-09-18 (1).csv,148,599,0,1
ebay:21-61036-47096:sale,ebay,ebay,sale,2026-09-17,21-61036-47096,luckydeals593,buyer,7299,997,ebay_transactions_2026-09-12_2026-09-18 (1).csv,149,0,0,1
ebay:12-42119-87912:sale,ebay,ebay,sale,2026-09-17,12-42119-87912,sunnybear33,buyer,1099,176,ebay_transactions_2026-09-12_2026-09-18 (1).csv,150,0,0,1
ebay:23-97801-63656:sale,ebay,ebay,sale,2026-09-17,23-97801-63656,northhound571,buyer,5999,904,ebay_transactions_2026-09-12_2026-09-18 (1).csv,151,599,0,1
ebay:23-97829-43585:sale,ebay,ebay,sale,2026-09-17,23-97829-43585,quietpicker798,buyer,799,215,ebay_transactions_2026-09-12_2026-09-18 (1).csv,152,599,0,1
ebay:12-70188-44923:sale,ebay,ebay,sale,2026-09-17,12-70188-44923,blueriver134,buyer,1699,255,ebay_transactions_2026-09-12_2026-09-18 (1).csv,153,0,0,1
ebay:26-79458-12548:sale,ebay,ebay,sale,2026-09-17,26-79458-12548,happymaple678,buyer,1699,255,ebay_transactions_2026-09-12_2026-09-18 (1).csv,154,0,0,1
ebay:25-76795-50416:sale,ebay,ebay,sale,2026-09-17,25-76795-50416,bluefox165,buyer,5099,706,ebay_transactions_2026-09-12_2026-09-18 (1).csv,155,0,0,1
ebay:25-62341-34620:sale,ebay,ebay,sale,2026-09-17,25-62341-34620,happymaple683,buyer,2199,401,ebay_transactions_2026-09-12_2026-09-18 (1).csv,156,599,0,1
ebay:23-98148-17304:sale,ebay,ebay,sale,2026-09-17,23-98148-17304,retrohound729,buyer,799,215,ebay_transactions_2026-09-12_2026-09-18 (1).csv,157,599,0,1
ebay:12-31708-19846:sale,ebay,ebay,sale,2026-09-17,12-31708-19846,quietriver386,buyer,4299,600,ebay_transactions_2026-09-12_2026-09-18 (1).csv,158,0,0,1
ebay:22-12108-98260:sale,ebay,ebay,sale,2026-09-17,22-12108-98260,happydeals495,buyer,3499,573,ebay_transactions_2026-09-12_2026-09-18 (1).csv,159,599,0,1
ebay:12-65708-82042:sale,ebay,ebay,sale,2026-09-17,12-65708-82042,retrofinds401,buyer,1099,176,ebay_transactions_2026-09-12_2026-09-18 (1).csv,160,0,0,1
ebay:24-57738-82285:sale,ebay,ebay,sale,2026-09-17,24-57738-82285,retropicker690,buyer,2099,387,ebay_transactions_2026-09-12_2026-09-18 (1).csv,161,599,0,1
ebay:14-78237-16884:sale,ebay,ebay,sale,2026-09-17,14-78237-16884,swiftowl651,buyer,2699,467,ebay_transactions_2026-09-12_2026-09-18 (1).csv,162,599,0,1
ebay:25-80009-62572:sale,ebay,ebay,sale,2026-09-17,25-80009-62572,northdeals414,buyer,1799,268,ebay_transactions_2026-09-12_2026-09-18 (1).csv,163,0,0,1
ebay:15-88900-50246:sale,ebay,ebay,sale,2026-09-17,15-88900-50246,retrodeals233,buyer,1099,255,ebay_transactions_2026-09-12_2026-09-18 (1).csv,164,599,0,1
ebay:27-11565-66768:sale,ebay,ebay,sale,2026-09-17,27-11565-66768,retrohound271,buyer,899,228,ebay_transactions_2026-09-12_2026-09-18 (1).csv,165,599,0,1
ebay:15-63877-24026:sale,ebay,ebay,sale,2026-09-17,15-63877-24026,luckyfinds449,buyer,1699,255,ebay_transactions_2026-09-12_2026-09-18 (1).csv,166,0,0,1
ebay:26-21939-43195:sale,ebay,ebay,sale,2026-09-17,26-21939-43195,swiftpicker201,buyer,5099,706,ebay_transactions_2026-09-12_2026-09-18 (1).csv,167,0,0,1
ebay:15-61673-63680:sale,ebay,ebay,sale,2026-09-17,15-61673-63680,sunnythrift593,buyer,1799,348,ebay_transactions_2026-09-12_2026-09-18 (1).csv,168,599,0,1
ebay:15-68158-12246:sale,ebay,ebay,sale,2026-09-17,15-68158-12246,swiftfox645,buyer,3799,613,ebay_transactions_2026-09-12_2026-09-18 (1).csv,169,599,0,1
ebay:26-95413-10122:sale,ebay,ebay,sale,2026-09-17,26-95413-10122,quietthrift758,buyer,2399,348,ebay_transactions_2026-09-12_2026-09-18 (1).csv,170,0,0,1
ebay:22-68190-90536:sale,ebay,ebay,sale,2026-09-17,22-68190-90536,happyfox756,buyer,5599,772,ebay_transactions_2026-09-12_2026-09-18 (1).csv,171,0,0,1
ebay:15-62897-14155:sale,ebay,ebay,sale,2026-09-17,15-62897-14155,goldenmaple603,buyer,3499,494,ebay_transactions_2026-09-12_2026-09-18 (1).csv,172,0,0,1
ebay:19-65568-24105:sale,ebay,ebay,sale,2026-09-17,19-65568-24105,swiftowl926,buyer,3899,547,ebay_transactions_2026-09-12_2026-09-18 (1).csv,173,0,0,1
ebay:19-75812-49494:sale,ebay,ebay,sale,2026-09-17,19-75812-49494,happyhound739,buyer,1499,229,ebay_transactions_2026-09-12_2026-09-18 (1).csv,174,0,0,1
ebay:18-19922-44932:sale,ebay,ebay,sale,2026-09-17,18-19922-44932,happyfox312,buyer,1199,268,ebay_transactions_2026-09-12_2026-09-18 (1).csv,175,599,0,1
ebay:19-55252-59868:sale,ebay,ebay,sale,2026-09-17,19-55252-59868,bluethrift5,buyer,2299,414,ebay_transactions_2026-09-12_2026-09-18 (1).csv,176,599,0,1
ebay:26-68541-45362:sale,ebay,ebay,sale,2026-09-18,26-68541-45362,luckythrift552,buyer,3399,560,ebay_transactions_2026-09-12_2026-09-18 (1).csv,177,599,0,1
ebay:11-39157-54297:sale,ebay,ebay,sale,2026-09-18,11-39157-54297,retrothrift443,buyer,1299,281,ebay_transactions_2026-09-12_2026-09-18 (1).csv,178,599,0,1
ebay:19-39189-98473:sale,ebay,ebay,sale,2026-09-18,19-39189-98473,luckydeals199,buyer,899,149,ebay_transactions_2026-09-12_2026-09-18 (1).csv,179,0,0,1
ebay:12-16060-38802:sale,ebay,ebay,sale,2026-09-18,12-16060-38802,retropicker812,buyer,2399,348,ebay_transactions_2026-09-12_2026-09-18 (1).csv,180,0,0,1
ebay:27-97349-89648:sale,ebay,ebay,sale,2026-09-18,27-97349-89648,northfinds810,buyer,2199,321,ebay_transactions_2026-09-12_2026-09-18 (1).csv,181,0,0,1
ebay:21-71704-82918:sale,ebay,ebay,sale,2026-09-18,21-71704-82918,rustyowl263,buyer,1999,374,ebay_transactions_2026-09-12_2026-09-18 (1).csv,182,599,0,1
ebay:14-91620-55028:sale,ebay,ebay,sale,2026-09-18,14-91620-55028,luckyhound667,buyer,3899,626,ebay_transactions_2026-09-12_2026-09-18 (1).csv,183,599,0,1
ebay:24-69931-22652:sale,ebay,ebay,sale,2026-09-18,24-69931-22652,goldenthrift131,buyer,1999,374,ebay_transactions_2026-09-12_2026-09-18 (1).csv,184,599,0,1
ebay:12-68353-65775:sale,ebay,ebay,sale,2026-09-18,12-68353-65775,bluefinds355,buyer,1599,242,ebay_transactions_2026-09-12_2026-09-18 (1).csv,185,0,0,1
ebay:17-73652-88808:sale,ebay,ebay,sale,2026-09-18,17-73652-88808,retrofinds423,buyer,5399,745,ebay_transactions_2026-09-12_2026-09-18 (1).csv,186,0,0,1
ebay:27-89769-74690:sale,ebay,ebay,sale,2026-09-18,27-89769-74690,happythrift154,buyer,2899,414,ebay_transactions_2026-09-12_2026-09-18 (1).csv,187,0,0,1
ebay:25-25247-45284:sale,ebay,ebay,sale,2026-09-18,25-25247-45284,quietfinds20,buyer,2999,427,ebay_transactions_2026-09-12_2026-09-18 (1).csv,188,0,0,1
ebay:19-16721-63127:sale,ebay,ebay,sale,2026-09-18,19-16721-63127,luckybear964,buyer,1299,281,ebay_transactions_2026-09-12_2026-09-18 (1).csv,189,599,0,1
ebay:20-97508-68507:sale,ebay,ebay,sale,2026-09-18,20-97508-68507,quietdeals976,buyer,3699,520,ebay_transactions_2026-09-12_2026-09-18 (1).csv,190,0,0,1
ebay:10-55824-53378:sale,ebay,ebay,sale,2026-09-18,10-55824-53378,quietpicker798,buyer,4099,573,ebay_transactions_2026-09-12_2026-09-18 (1).csv,191,0,0,1
ebay:10-63297-71307:sale,ebay,ebay,sale,2026-09-18,10-63297-71307,luckypicker734,buyer,6999,957,ebay_transactions_2026-09-12_2026-09-18 (1).csv,192,0,0,1
ebay:15-90864-86075:sale,ebay,ebay,sale,2026-09-18,15-90864-86075,swiftthrift196,buyer,2799,480,ebay_transactions_2026-09-12_2026-09-18 (1).csv,193,599,0,1
ebay:26-50643-64191:sale,ebay,ebay,sale,2026-09-18,26-50643-64191,bluehound666,buyer,2499,361,ebay_transactions_2026-09-12_2026-09-18 (1).csv,194,0,0,1
ebay:10-44322-93215:sale,ebay,ebay,sale,2026-09-18,10-44322-93215,swiftmaple261,buyer,2999,427,ebay_transactions_2026-09-12_2026-09-18 (1).csv,195,0,0,1
ebay:26-53359-69130:sale,ebay,ebay,sale,2026-09-18,26-53359-69130,sunnyhound251,buyer,3399,480,ebay_transactions_2026-09-12_2026-09-18 (1).csv,196,0,0,1
ebay:25-41771-39621:sale,ebay,ebay,sale,2026-09-18,25-41771-39621,bluedeals773,buyer,1699,334,ebay_transactions_2026-09-12_2026-09-18 (1).csv,197,599,0,1
ebay:25-27994-45283:sale,ebay,ebay,sale,2026-09-18,25-27994-45283,quietfinds881,buyer,2199,321,ebay_transactions_2026-09-12_2026-09-18 (1).csv,198,0,0,1
ebay:14-76955-23835:sale,ebay,ebay,sale,2026-09-18,14-76955-23835,goldenhound640,buyer,499,175,ebay_transactions_2026-09-12_2026-09-18 (1).csv,199,599,0,1
ebay:21-70319-89112:sale,ebay,ebay,sale,2026-09-18,21-70319-89112,luckyowl738,buyer,799,136,ebay_transactions_2026-09-12_2026-09-18 (1).csv,200,0,0,1
ebay:10-27804-17734:sale,ebay,ebay,sale,2026-09-18,10-27804-17734,retropicker626,buyer,1299,281,ebay_transactions_2026-09-12_2026-09-18 (1).csv,201,599,0,1
ebay:12-69374-33040:sale,ebay,ebay,sale,2026-09-18,12-69374-33040,rustyhound535,buyer,799,136,ebay_transactions_2026-09-12_2026-09-18 (1).csv,202,0,0,1
ebay:27-11744-94338:sale,ebay,ebay,sale,2026-09-18,27-11744-94338,quietowl901,buyer,1499,229,ebay_transactions_2026-09-12_2026-09-18 (1).csv,203,0,0,1
ebay:21-86296-85302:sale,ebay,ebay,sale,2026-09-18,21-86296-85302,swifthound561,buyer,1399,215,ebay_transactions_2026-09-12_2026-09-18 (1).csv,204,0,0,1
ebay:14-24393-46423:sale,ebay,ebay,sale,2026-09-18,14-24393-46423,happymaple502,buyer,2399,427,ebay_transactions_2026-09-12_2026-09-18 (1).csv,205,599,0,1
ebay:14-36761-34272:sale,ebay,ebay,sale,2026-09-18,14-36761-34272,northfox955,buyer,4399,613,ebay_transactions_2026-09-12_2026-09-18 (1).csv,206,0,0,1
ebay:17-20812-55569:sale,ebay,ebay,sale,2026-09-18,17-20812-55569,rustypicker975,buyer,2699,467,ebay_transactions_2026-09-12_2026-09-18 (1).csv,207,599,0,1
ebay:19-58956-16076:sale,ebay,ebay,sale,2026-09-18,19-58956-16076,norththrift536,buyer,1699,255,ebay_transactions_2026-09-12_2026-09-18 (1).csv,208,0,0,1
ebay:18-73789-17929:sale,ebay,ebay,sale,2026-09-19,18-73789-17929,retrothrift443,buyer,999,242,ebay_transactions_2026-09-15_2026-09-21.csv,131,599,0,1
ebay:12-60765-39979:sale,ebay,ebay,sale,2026-09-19,12-60765-39979,swiftpicker529,buyer,1899,282,ebay_transactions_2026-09-15_2026-09-21.csv,132,0,0,1
ebay:26-94180-81601:sale,ebay,ebay,sale,2026-09-19,26-94180-81601,sunnydeals491,buyer,2099,387,ebay_transactions_2026-09-15_2026-09-21.csv,133,599,0,1
ebay:12-64050-33642:sale,ebay,ebay,sale,2026-09-19,12-64050-33642,luckybear128,buyer,6699,918,ebay_transactions_2026-09-15_2026-09-21.csv,134,0,0,1
ebay:13-52005-87594:sale,ebay,ebay,sale,2026-09-19,13-52005-87594,northmaple10,buyer,1899,282,ebay_transactions_2026-09-15_2026-09-21.csv,135,0,0,1
ebay:12-90928-41240:sale,ebay,ebay,sale,2026-09-19,12-90928-41240,happydeals410,buyer,2599,374,ebay_transactions_2026-09-15_2026-09-21.csv,136,0,0,1
ebay:25-19613-40329:sale,ebay,ebay,sale,2026-09-19,25-19613-40329,luckypicker617,buyer,7099,1050,ebay_transactions_2026-09-15_2026-09-21.csv,137,599,0,1
ebay:16-27438-70373:sale,ebay,ebay,sale,2026-09-19,16-27438-70373,bluedeals972,buyer,2599,454,ebay_transactions_2026-09-15_2026-09-21.csv,138,599,0,1
ebay:18-30231-99544:sale,ebay,ebay,sale,2026-09-19,18-30231-99544,quietfinds257,buyer,1299,281,ebay_transactions_2026-09-15_2026-09-21.csv,139,599,0,1
ebay:24-45531-63988:sale,ebay,ebay,sale,2026-09-19,24-45531-63988,sunnymaple585,buyer,1999,374,ebay_transactions_2026-09-15_2026-09-21.csv,140,599,0,1
ebay:17-39630-78364:sale,ebay,ebay,sale,2026-09-19,17-39630-78364,happymaple182,buyer,1899,282,ebay_transactions_2026-09-15_2026-09-21.csv,141,0,0,1
ebay:24-20192-73844:sale,ebay,ebay,sale,2026-09-19,24-20192-73844,goldenfinds462,buyer,3799,533,ebay_transactions_2026-09-15_2026-09-21.csv,142,0,0,1
ebay:26-61542-27178:sale,ebay,ebay,sale,2026-09-19,26-61542-27178,bluehound666,buyer,2499,361,ebay_transactions_2026-09-15_2026-09-21.csv,143,0,0,1
ebay:10-56922-88781:sale,ebay,ebay,sale,2026-09-19,10-56922-88781,sunnyfox464,buyer,3799,533,ebay_transactions_2026-09-15_2026-09-21.csv,144,0,0,1
ebay:12-36036-23784:sale,ebay,ebay,sale,2026-09-19,12-36036-23784,goldenpicker194,buyer,3299,467,ebay_transactions_2026-09-15_2026-09-21.csv,145,0,0,1
ebay:27-70197-61951:sale,ebay,ebay,sale,2026-09-19,27-70197-61951,blueowl914,buyer,3899,626,ebay_transactions_2026-09-15_2026-09-21.csv,146,599,0,1
ebay:27-93008-18335:sale,ebay,ebay,sale,2026-09-19,27-93008-18335,quietowl208,buyer,3399,480,ebay_transactions_2026-09-15_2026-09-21.csv,147,0,0,1
ebay:22-87996-65172:sale,ebay,ebay,sale,2026-09-19,22-87996-65172,swiftpicker529,buyer,5499,759,ebay_transactions_2026-09-15_2026-09-21.csv,148,0,0,1
ebay:27-87371-53119:sale,ebay,ebay,sale,2026-09-19,27-87371-53119,northfox431,buyer,1599,321,ebay_transactions_2026-09-15_2026-09-21.csv,149,599,0,1
ebay:20-12378-16051:sale,ebay,ebay,sale,2026-09-19,20-12378-16051,quietdeals976,buyer,2199,401,ebay_transactions_2026-09-15_2026-09-21.csv,150,599,0,1
ebay:19-43197-19937:sale,ebay,ebay,sale,2026-09-19,19-43197-19937,luckyfox35,buyer,1299,281,ebay_transactions_2026-09-15_2026-09-21.csv,151,599,0,1
ebay:15-20790-75285:sale,ebay,ebay,sale,2026-09-19,15-20790-75285,goldenbear928,buyer,2299,335,ebay_transactions_2026-09-15_2026-09-21.csv,152,0,0,1
ebay:24-18567-29880:sale,ebay,ebay,sale,2026-09-19,24-18567-29880,happyfox756,buyer,1999,295,ebay_transactions_2026-09-15_2026-09-21.csv,153,0,0,1
ebay:15-82380-39517:sale,ebay,ebay,sale,2026-09-19,15-82380-39517,northowl926,buyer,1899,361,ebay_transactions_2026-09-15_2026-09-21.csv,154,599,0,1
ebay:16-21149-18114:sale,ebay,ebay,sale,2026-09-19,16-21149-18114,retroriver181,buyer,1899,361,ebay_transactions_2026-09-15_2026-09-21.csv,155,599,0,1
ebay:21-19262-96982:sale,ebay,ebay,sale,2026-09-19,21-19262-96982,bluehound316,buyer,799,215,ebay_transactions_2026-09-15_2026-09-21.csv,156,599,0,1
ebay:21-25135-11615:sale,ebay,ebay,sale,2026-09-19,21-25135-11615,retrodeals880,buyer,3199,454,ebay_transactions_2026-09-15_2026-09-21.csv,157,0,0,1
ebay:20-22470-11902:sale,ebay,ebay,sale,2026-09-19,20-22470-11902,happydeals495,buyer,499,175,ebay_transactions_2026-09-15_2026-09-21.csv,158,599,0,1
ebay:23-20393-50868:sale,ebay,ebay,sale,2026-09-19,23-20393-50868,swiftbear231,buyer,3199,454,ebay_transactions_2026-09-15_2026-09-21.csv,159,0,0,1
ebay:10-79173-66860:sale,ebay,ebay,sale,2026-09-19,10-79173-66860,northmaple764,buyer,499,96,ebay_transactions_2026-09-15_2026-09-21.csv,160,0,0,1
ebay:26-50871-80073:sale,ebay,ebay,sale,2026-09-19,26-50871-80073,goldenowl362,buyer,1299,202,ebay_transactions_2026-09-15_2026-09-21.csv,161,0,0,1
ebay:10-66653-92324:sale,ebay,ebay,sale,2026-09-19,10-66653-92324,goldenfinds803,buyer,1799,268,ebay_transactions_2026-09-15_2026-09-21.csv,162,0,0,1
ebay:14-97407-91236:sale,ebay,ebay,sale,2026-09-19,14-97407-91236,northmaple897,buyer,4699,732,ebay_transactions_2026-09-15_2026-09-21.csv,163,599,0,1
ebay:11-40868-86087:sale,ebay,ebay,sale,2026-09-19,11-40868-86087,northhound424,buyer,2199,321,ebay_transactions_2026-09-15_2026-09-21.csv,164,0,0,1
ebay:24-43117-23180:sale,ebay,ebay,sale,2026-09-19,24-43117-23180,luckythrift432,buyer,1199,189,ebay_transactions_2026-09-15_2026-09-21.csv,165,0,0,1
ebay:25-67230-35036:sale,ebay,ebay,sale,2026-09-19,25-67230-35036,happypicker82,buyer,999,242,ebay_transactions_2026-09-15_2026-09-21.csv,166,599,0,1
ebay:18-75613-80988:sale,ebay,ebay,sale,2026-09-19,18-75613-80988,bluedeals500,buyer,3699,520,ebay_transactions_2026-09-15_2026-09-21.csv,167,0,0,1
ebay:26-61567-11316:sale,ebay,ebay,sale,2026-09-19,26-61567-11316,sunnyowl647,buyer,5199,719,ebay_transactions_2026-09-15_2026-09-21.csv,168,0,0,1
ebay:15-38451-15999:sale,ebay,ebay,sale,2026-09-20,15-38451-15999,northfinds495,buyer,1399,215,ebay_transactions_2026-09-15_2026-09-21.csv,169,0,0,1
ebay:17-54432-33182:sale,ebay,ebay,sale,2026-09-20,17-54432-33182,sunnyfox887,buyer,1099,176,ebay_transactions_2026-09-15_2026-09-21.csv,170,0,0,1
ebay:22-56890-23373:sale,ebay,ebay,sale,2026-09-20,22-56890-23373,luckybear684,buyer,1699,255,ebay_transactions_2026-09-15_2026-09-21.csv,171,0,0,1
ebay:14-91149-98513:sale,ebay,ebay,sale,2026-09-20,14-91149-98513,quietowl810,buyer,3599,507,ebay_transactions_2026-09-15_2026-09-21.csv,172,0,0,1
ebay:22-64295-65763:sale,ebay,ebay,sale,2026-09-20,22-64295-65763,goldenthrift461,buyer,4199,586,ebay_transactions_2026-09-15_2026-09-21.csv,173,0,0,1
ebay:10-44752-82156:sale,ebay,ebay,sale,2026-09-20,10-44752-82156,happydeals345,buyer,1799,268,ebay_transactions_2026-09-15_2026-09-21.csv,174,0,0,1
ebay:18-54344-60032:sale,ebay,ebay,sale,2026-09-20,18-54344-60032,sunnydeals228,buyer,799,136,ebay_transactions_2026-09-15_2026-09-21.csv,175,0,0,1
ebay:11-52666-94880:sale,ebay,ebay,sale,2026-09-20,11-52666-94880,goldenbear928,buyer,2299,414,ebay_transactions_2026-09-15_2026-09-21.csv,176,599,0,1
ebay:13-95459-67849:sale,ebay,ebay,sale,2026-09-20,13-95459-67849,happydeals987,buyer,899,149,ebay_transactions_2026-09-15_2026-09-21.csv,177,0,0,1
ebay:21-61270-93512:sale,ebay,ebay,sale,2026-09-20,21-61270-93512,retrothrift724,buyer,1599,242,ebay_transactions_2026-09-15_2026-09-21.csv,178,0,0,1
ebay:26-62931-32587:sale,ebay,ebay,sale,2026-09-20,26-62931-32587,norththrift944,buyer,4399,613,ebay_transactions_2026-09-15_2026-09-21.csv,179,0,0,1
ebay:14-68761-99390:sale,ebay,ebay,sale,2026-09-20,14-68761-99390,northowl551,buyer,1299,281,ebay_transactions_2026-09-15_2026-09-21.csv,180,599,0,1
ebay:27-62063-73659:sale,ebay,ebay,sale,2026-09-20,27-62063-73659,norththrift337,buyer,599,189,ebay_transactions_2026-09-15_2026-09-21.csv,181,599,0,1
ebay:23-16200-61432:sale,ebay,ebay,sale,2026-09-20,23-16200-61432,quiethound196,buyer,2299,335,ebay_transactions_2026-09-15_2026-09-21.csv,182,0,0,1
ebay:20-42756-77955:sale,ebay,ebay,sale,2026-09-20,20-42756-77955,northfox15,buyer,4599,639,ebay_transactions_2026-09-15_2026-09-21.csv,183,0,0,1
ebay:12-62650-44776:sale,ebay,ebay,sale,2026-09-20,12-62650-44776,sunnyfox954,buyer,1699,255,ebay_transactions_2026-09-15_2026-09-21.csv,184,0,0,1
ebay:19-71849-25319:sale,ebay,ebay,sale,2026-09-20,19-71849-25319,rustyowl889,buyer,1999,295,ebay_transactions_2026-09-15_2026-09-21.csv,185,0,0,1
ebay:16-34270-12074:sale,ebay,ebay,sale,2026-09-20,16-34270-12074,northhound235,buyer,899,149,ebay_transactions_2026-09-15_2026-09-21.csv,186,0,0,1
ebay:18-74592-74877:sale,ebay,ebay,sale,2026-09-20,18-74592-74877,bluepicker960,buyer,1499,229,ebay_transactions_2026-09-15_2026-09-21.csv,187,0,0,1
ebay:16-57892-63054:sale,ebay,ebay,sale,2026-09-20,16-57892-63054,quietowl482,buyer,1699,334,ebay_transactions_2026-09-15_2026-09-21.csv,188,599,0,1
ebay:23-49871-89579:sale,ebay,ebay,sale,2026-09-20,23-49871-89579,goldenhound296,buyer,1799,268,ebay_transactions_2026-09-15_2026-09-21.csv,189,0,0,1
ebay:23-12293-94843:sale,ebay,ebay,sale,2026-09-20,23-12293-94843,luckyriver729,buyer,2499,361,ebay_transactions_2026-09-15_2026-09-21.csv,190,0,0,1
ebay:27-42582-59034:sale,ebay,ebay,sale,2026-09-20,27-42582-59034,luckybear772,buyer,2599,374,ebay_transactions_2026-09-15_2026-09-21.csv,191,0,0,1
ebay:22-57684-22933:sale,ebay,ebay,sale,2026-09-20,22-57684-22933,rustypicker977,buyer,2299,335,ebay_transactions_2026-09-15_2026-09-21.csv,192,0,0,1
ebay:21-65966-34268:sale,ebay,ebay,sale,2026-09-20,21-65966-34268,sunnybear612,buyer,699,123,ebay_transactions_2026-09-15_2026-09-21.csv,193,0,0,1
ebay:26-82215-71180:sale,ebay,ebay,sale,2026-09-20,26-82215-71180,bluemaple306,buyer,799,136,ebay_transactions_2026-09-15_2026-09-21.csv,194,0,0,1
ebay:25-62593-81345:sale,ebay,ebay,sale,2026-09-20,25-62593-81345,luckyfinds229,buyer,1599,242,ebay_transactions_2026-09-15_2026-09-21.csv,195,0,0,1
ebay:26-26921-13623:sale,ebay,ebay,sale,2026-09-21,26-26921-13623,happyriver37,buyer,2499,361,ebay_transactions_2026-09-15_2026-09-21.csv,196,0,0,1
ebay:13-35539-54864:sale,ebay,ebay,sale,2026-09-21,13-35539-54864,luckyhound830,buyer,1199,189,ebay_transactions_2026-09-15_2026-09-21.csv,197,0,0,1
ebay:15-95904-15551:sale,ebay,ebay,sale,2026-09-21,15-95904-15551,quietfox584,buyer,5699,785,ebay_transactions_2026-09-15_2026-09-21.csv,198,0,0,1
ebay:13-24648-97377:sale,ebay,ebay,sale,2026-09-21,13-24648-97377,luckyfinds772,buyer,799,215,ebay_transactions_2026-09-15_2026-09-21.csv,199,599,0,1
ebay:20-52490-21813:sale,ebay,ebay,sale,2026-09-21,20-52490-21813,quietfinds674,buyer,4299,679,ebay_transactions_2026-09-15_2026-09-21.csv,200,599,0,1
ebay:12-28066-26238:sale,ebay,ebay,sale,2026-09-21,12-28066-26238,rustyfox298,buyer,3099,520,ebay_transactions_2026-09-15_2026-09-21.csv,201,599,0,1
ebay:22-75780-90741:sale,ebay,ebay,sale,2026-09-21,22-75780-90741,bluebear330,buyer,2899,493,ebay_transactions_2026-09-15_2026-09-21.csv,202,599,0,1
ebay:11-96800-40658:sale,ebay,ebay,sale,2026-09-21,11-96800-40658,goldenfinds297,buyer,999,162,ebay_transactions_2026-09-15_2026-09-21.csv,203,0,0,1
ebay:15-96478-11966:sale,ebay,ebay,sale,2026-09-21,15-96478-11966,goldenthrift429,buyer,2599,374,ebay_transactions_2026-09-15_2026-09-21.csv,204,0,0,1
ebay:19-98203-46407:sale,ebay,ebay,sale,2026-09-21,19-98203-46407,swiftfox645,buyer,699,123,ebay_transactions_2026-09-15_2026-09-21.csv,205,0,0,1
ebay:13-42405-54134:sale,ebay,ebay,sale,2026-09-21,13-42405-54134,goldenpicker636,buyer,1099,176,ebay_transactions_2026-09-15_2026-09-21.csv,206,0,0,1
ebay:26-16715-22379:sale,ebay,ebay,sale,2026-09-21,26-16715-22379,sunnyfinds5,buyer,2099,308,ebay_transactions_2026-09-15_2026-09-21.csv,207,0,0,1
ebay:24-40758-19558:sale,ebay,ebay,sale,2026-09-21,24-40758-19558,sunnybear797,buyer,2299,335,ebay_transactions_2026-09-15_2026-09-21.csv,208,0,0,1
ebay:15-80616-37033:sale,ebay,ebay,sale,2026-09-21,15-80616-37033,quietfox873,buyer,1499,308,ebay_transactions_2026-09-15_2026-09-21.csv,209,599,0,1
ebay:24-32688-73589:sale,ebay,ebay,sale,2026-09-21,24-32688-73589,goldenbear951,buyer,3399,480,ebay_transactions_2026-09-15_2026-09-21.csv,210,0,0,1
ebay:10-23956-98192:sale,ebay,ebay,sale,2026-09-21,10-23956-98192,retrothrift356,buyer,599,109,ebay_transactions_2026-09-15_2026-09-21.csv,211,0,0,1
ebay:19-95158-21476:sale,ebay,ebay,sale,2026-09-21,19-95158-21476,northmaple87,buyer,1599,321,ebay_transactions_2026-09-15_2026-09-21.csv,212,599,0,1
ebay:16-97296-24386:sale,ebay,ebay,sale,2026-09-21,16-97296-24386,quiethound753,buyer,899,228,ebay_transactions_2026-09-15_2026-09-21.csv,213,599,0,1
ebay:12-52233-11779:sale,ebay,ebay,sale,2026-09-21,12-52233-11779,goldendeals555,buyer,1899,361,ebay_transactions_2026-09-15_2026-09-21.csv,214,599,0,1
ebay:25-41038-70075:sale,ebay,ebay,sale,2026-09-21,25-41038-70075,retrothrift356,buyer,2099,387,ebay_transactions_2026-09-15_2026-09-21.csv,215,599,0,1
ebay:16-51997-21845:sale,ebay,ebay,sale,2026-09-21,16-51997-21845,swiftmaple811,buyer,3999,560,ebay_transactions_2026-09-15_2026-09-21.csv,216,0,0,1
ebay:18-85443-42883:sale,ebay,ebay,sale,2026-09-21,18-85443-42883,happybear920,buyer,2699,467,ebay_transactions_2026-09-15_2026-09-21.csv,217,599,0,1
ebay:25-99359-98087:sale,ebay,ebay,sale,2026-09-21,25-99359-98087,swiftriver751,buyer,3899,626,ebay_transactions_2026-09-15_2026-09-21.csv,218,599,0,1
ebay:12-64566-57637:sale,ebay,ebay,sale,2026-09-21,12-64566-57637,northmaple10,buyer,4499,626,ebay_transactions_2026-09-15_2026-09-21.csv,219,0,0,1
ebay:24-93917-56628:sale,ebay,ebay,sale,2026-09-21,24-93917-56628,sunnyfox908,buyer,6699,918,ebay_transactions_2026-09-15_2026-09-21.csv,220,0,0,1
ebay:19-42170-80990:sale,ebay,ebay,sale,2026-09-21,19-42170-80990,goldenpicker402,buyer,2399,348,ebay_transactions_2026-09-15_2026-09-21.csv,221,0,0,1
ebay:26-17540-81414:sale,ebay,ebay,sale,2026-09-22,26-17540-81414,bluedeals377,buyer,4699,732,ebay_transactions_2026-09-22_2026-09-30.csv,1,599,0,1
ebay:17-67262-20645:sale,ebay,ebay,sale,2026-09-22,17-67262-20645,happybear762,buyer,2199,321,ebay_transactions_2026-09-22_2026-09-30.csv,2,0,0,1
ebay:13-23845-39405:sale,ebay,ebay,sale,2026-09-22,13-23845-39405,luckyhound134,buyer,2099,308,ebay_transactions_2026-09-22_2026-09-30.csv,3,0,0,1
ebay:23-47016-65950:sale,ebay,ebay,sale,2026-09-22,23-47016-65950,happyfox312,buyer,1099,176,ebay_transactions_2026-09-22_2026-09-30.csv,4,0,0,1
ebay:21-82082-39151:sale,ebay,ebay,sale,2026-09-22,21-82082-39151,sunnyriver770,buyer,2799,480,ebay_transactions_2026-09-22_2026-09-30.csv,5,599,0,1
ebay:19-81228-89427:sale,ebay,ebay,sale,2026-09-22,19-81228-89427,swiftfinds15,buyer,3199,454,ebay_transactions_2026-09-22_2026-09-30.csv,6,0,0,1
ebay:15-60007-35331:sale,ebay,ebay,sale,2026-09-22,15-60007-35331,luckydeals18,buyer,499,175,ebay_transactions_2026-09-22_2026-09-30.csv,7,599,0,1
ebay:19-27528-96527:sale,ebay,ebay,sale,2026-09-22,19-27528-96527,goldenfinds413,buyer,1399,215,ebay_transactions_2026-09-22_2026-09-30.csv,8,0,0,1
ebay:16-13514-65353:sale,ebay,ebay,sale,2026-09-22,16-13514-65353,quiethound678,buyer,2199,401,ebay_transactions_2026-09-22_2026-09-30.csv,9,599,0,1
ebay:19-16184-54234:sale,ebay,ebay,sale,2026-09-22,19-16184-54234,northmaple742,buyer,3799,533,ebay_transactions_2026-09-22_2026-09-30.csv,10,0,0,1
ebay:16-22483-23046:sale,ebay,ebay,sale,2026-09-22,16-22483-23046,happyfinds526,buyer,2399,348,ebay_transactions_2026-09-22_2026-09-30.csv,11,0,0,1
ebay:23-26507-70176:sale,ebay,ebay,sale,2026-09-22,23-26507-70176,luckypicker726,buyer,2299,414,ebay_transactions_2026-09-22_2026-09-30.csv,12,599,0,1
ebay:26-87518-12670:sale,ebay,ebay,sale,2026-09-22,26-87518-12670,northbear236,buyer,1799,268,ebay_transactions_2026-09-22_2026-09-30.csv,13,0,0,1
ebay:26-57277-11158:sale,ebay,ebay,sale,2026-09-22,26-57277-11158,luckyowl756,buyer,1299,281,ebay_transactions_2026-09-22_2026-09-30.csv,14,599,0,1
ebay:27-63978-77780:sale,ebay,ebay,sale,2026-09-22,27-63978-77780,bluedeals743,buyer,3199,454,ebay_transactions_2026-09-22_2026-09-30.csv,15,0,0,1
ebay:21-90185-61405:sale,ebay,ebay,sale,2026-09-22,21-90185-61405,happypicker317,buyer,3299,546,ebay_transactions_2026-09-22_2026-09-30.csv,16,599,0,1
ebay:20-14223-44189:sale,ebay,ebay,sale,2026-09-22,20-14223-44189,swiftdeals927,buyer,3399,560,ebay_transactions_2026-09-22_2026-09-30.csv,17,599,0,1
ebay:22-28851-24302:sale,ebay,ebay,sale,2026-09-22,22-28851-24302,bluemaple383,buyer,1499,229,ebay_transactions_2026-09-22_2026-09-30.csv,18,0,0,1
ebay:11-97964-68375:sale,ebay,ebay,sale,2026-09-22,11-97964-68375,sunnypicker142,buyer,3399,480,ebay_transactions_2026-09-22_2026-09-30.csv,19,0,0,1
ebay:11-91668-33749:sale,ebay,ebay,sale,2026-09-22,11-91668-33749,luckyfox891,buyer,2099,387,ebay_transactions_2026-09-22_2026-09-30.csv,20,599,0,1
ebay:10-20603-40324:sale,ebay,ebay,sale,2026-09-23,10-20603-40324,quietthrift980,buyer,1299,202,ebay_transactions_2026-09-22_2026-09-30.csv,21,0,0,1
ebay:27-16152-78631:sale,ebay,ebay,sale,2026-09-23,27-16152-78631,quietriver717,buyer,1999,295,ebay_transactions_2026-09-22_2026-09-30.csv,22,0,0,1
ebay:21-93112-57107:sale,ebay,ebay,sale,2026-09-23,21-93112-57107,luckythrift578,buyer,1699,334,ebay_transactions_2026-09-22_2026-09-30.csv,23,599,0,1
ebay:24-93707-15596:sale,ebay,ebay,sale,2026-09-23,24-93707-15596,rustydeals378,buyer,2399,348,ebay_transactions_2026-09-22_2026-09-30.csv,24,0,0,1
ebay:24-36722-17797:sale,ebay,ebay,sale,2026-09-23,24-36722-17797,quietthrift843,buyer,3999,560,ebay_transactions_2026-09-22_2026-09-30.csv,25,0,0,1
ebay:18-67148-32718:sale,ebay,ebay,sale,2026-09-23,18-67148-32718,rustyhound91,buyer,1499,229,ebay_transactions_2026-09-22_2026-09-30.csv,26,0,0,1
ebay:20-86247-55898:sale,ebay,ebay,sale,2026-09-23,20-86247-55898,swiftowl8,buyer,3699,520,ebay_transactions_2026-09-22_2026-09-30.csv,27,0,0,1
ebay:21-64229-26380:sale,ebay,ebay,sale,2026-09-23,21-64229-26380,retrofinds141,buyer,799,136,ebay_transactions_2026-09-22_2026-09-30.csv,28,0,0,1
ebay:12-19285-55720:sale,ebay,ebay,sale,2026-09-23,12-19285-55720,quietfinds257,buyer,4999,692,ebay_transactions_2026-09-22_2026-09-30.csv,29,0,0,1
ebay:23-57379-18348:sale,ebay,ebay,sale,2026-09-23,23-57379-18348,swiftbear318,buyer,4599,639,ebay_transactions_2026-09-22_2026-09-30.csv,30,0,0,1
ebay:27-33040-23538:sale,ebay,ebay,sale,2026-09-23,27-33040-23538,quietowl465,buyer,1899,282,ebay_transactions_2026-09-22_2026-09-30.csv,31,0,0,1
ebay:11-63658-82162:sale,ebay,ebay,sale,2026-09-23,11-63658-82162,happyowl624,buyer,3099,441,ebay_transactions_2026-09-22_2026-09-30.csv,32,0,0,1
ebay:27-29909-23060:sale,ebay,ebay,sale,2026-09-23,27-29909-23060,quietowl283,buyer,1799,268,ebay_transactions_2026-09-22_2026-09-30.csv,33,0,0,1
ebay:16-19508-65753:sale,ebay,ebay,sale,2026-09-23,16-19508-65753,quietpicker958,buyer,2199,321,ebay_transactions_2026-09-22_2026-09-30.csv,34,0,0,1
ebay:12-75834-76761:sale,ebay,ebay,sale,2026-09-23,12-75834-76761,retrothrift352,buyer,2199,321,ebay_transactions_2026-09-22_2026-09-30.csv,35,0,0,1
ebay:22-57642-30385:sale,ebay,ebay,sale,2026-09-23,22-57642-30385,northfinds495,buyer,5499,838,ebay_transactions_2026-09-22_2026-09-30.csv,36,599,0,1
ebay:24-52118-62065:sale,ebay,ebay,sale,2026-09-23,24-52118-62065,northhound235,buyer,3099,520,ebay_transactions_2026-09-22_2026-09-30.csv,37,599,0,1
ebay:15-40516-89790:sale,ebay,ebay,sale,2026-09-23,15-40516-89790,goldenfox386,buyer,5299,811,ebay_transactions_2026-09-22_2026-09-30.csv,38,599,0,1
ebay:15-30933-83349:sale,ebay,ebay,sale,2026-09-23,15-30933-83349,bluedeals487,buyer,3699,599,ebay_transactions_2026-09-22_2026-09-30.csv,39,599,0,1
ebay:17-85916-77427:sale,ebay,ebay,sale,2026-09-23,17-85916-77427,swiftowl25,buyer,1999,295,ebay_transactions_2026-09-22_2026-09-30.csv,40,0,0,1
ebay:26-59814-52910:sale,ebay,ebay,sale,2026-09-23,26-59814-52910,retropicker710,buyer,599,109,ebay_transactions_2026-09-22_2026-09-30.csv,41,0,0,1
ebay:12-77398-34087:sale,ebay,ebay,sale,2026-09-23,12-77398-34087,retrodeals498,buyer,499,175,ebay_transactions_2026-09-22_2026-09-30.csv,42,599,0,1
ebay:27-29119-64933:sale,ebay,ebay,sale,2026-09-23,27-29119-64933,bluemaple183,buyer,2599,374,ebay_transactions_2026-09-22_2026-09-30.csv,43,0,0,1
ebay:19-36399-47572:sale,ebay,ebay,sale,2026-09-23,19-36399-47572,luckybear128,buyer,1599,242,ebay_transactions_2026-09-22_2026-09-30.csv,44,0,0,1
ebay:27-99835-37482:sale,ebay,ebay,sale,2026-09-23,27-99835-37482,happyhound739,buyer,3299,467,ebay_transactions_2026-09-22_2026-09-30.csv,45,0,0,1
ebay:20-82508-63092:sale,ebay,ebay,sale,2026-09-23,20-82508-63092,retrodeals71,buyer,4499,705,ebay_transactions_2026-09-22_2026-09-30.csv,46,599,0,1
ebay:13-56313-20142:sale,ebay,ebay,sale,2026-09-23,13-56313-20142,goldenhound652,buyer,899,149,ebay_transactions_2026-09-22_2026-09-30.csv,47,0,0,1
ebay:19-94446-53653:sale,ebay,ebay,sale,2026-09-23,19-94446-53653,sunnyfinds228,buyer,1599,242,ebay_transactions_2026-09-22_2026-09-30.csv,48,0,0,1
ebay:17-29728-52495:sale,ebay,ebay,sale,2026-09-24,17-29728-52495,bluemaple387,buyer,2499,440,ebay_transactions_2026-09-22_2026-09-30.csv,49,599,0,1
ebay:17-33328-46561:sale,ebay,ebay,sale,2026-09-24,17-33328-46561,luckybear847,buyer,2099,308,ebay_transactions_2026-09-22_2026-09-30.csv,50,0,0,1
ebay:18-67690-25565:sale,ebay,ebay,sale,2026-09-24,18-67690-25565,rustyfox543,buyer,4299,600,ebay_transactions_2026-09-22_2026-09-30.csv,51,0,0,1
ebay:24-33972-68439:sale,ebay,ebay,sale,2026-09-24,24-33972-68439,rustymaple793,buyer,1799,268,ebay_transactions_2026-09-22_2026-09-30.csv,52,0,0,1
ebay:23-18040-25506:sale,ebay,ebay,sale,2026-09-24,23-18040-25506,rustyhound732,buyer,4299,600,ebay_transactions_2026-09-22_2026-09-30.csv,53,0,0,1
ebay:11-22458-23889:sale,ebay,ebay,sale,2026-09-24,11-22458-23889,luckythrift167,buyer,4099,573,ebay_transactions_2026-09-22_2026-09-30.csv,54,0,0,1
ebay:27-50387-84341:sale,ebay,ebay,sale,2026-09-24,27-50387-84341,goldenthrift230,buyer,1399,295,ebay_transactions_2026-09-22_2026-09-30.csv,55,599,0,1
ebay:25-63170-65270:sale,ebay,ebay,sale,2026-09-24,25-63170-65270,quietowl810,buyer,3599,507,ebay_transactions_2026-09-22_2026-09-30.csv,56,0,0,1
ebay:14-26171-74672:sale,ebay,ebay,sale,2026-09-24,14-26171-74672,goldenbear850,buyer,3699,599,ebay_transactions_2026-09-22_2026-09-30.csv,57,599,0,1
ebay:14-67629-94103:sale,ebay,ebay,sale,2026-09-24,14-67629-94103,happyfox180,buyer,2599,374,ebay_transactions_2026-09-22_2026-09-30.csv,58,0,0,1
ebay:18-44406-54495:sale,ebay,ebay,sale,2026-09-24,18-44406-54495,happyfinds543,buyer,1999,374,ebay_transactions_2026-09-22_2026-09-30.csv,59,599,0,1
ebay:25-68531-92274:sale,ebay,ebay,sale,2026-09-24,25-68531-92274,bluefinds716,buyer,2199,401,ebay_transactions_2026-09-22_2026-09-30.csv,60,599,0,1
ebay:21-91728-72961:sale,ebay,ebay,sale,2026-09-24,21-91728-72961,swiftriver26,buyer,2199,321,ebay_transactions_2026-09-22_2026-09-30.csv,61,0,0,1
ebay:22-99831-85446:sale,ebay,ebay,sale,2026-09-24,22-99831-85446,quietthrift76,buyer,2199,321,ebay_transactions_2026-09-22_2026-09-30.csv,62,0,0,1
ebay:10-85382-95374:sale,ebay,ebay,sale,2026-09-24,10-85382-95374,northdeals124,buyer,1899,282,ebay_transactions_2026-09-22_2026-09-30.csv,63,0,0,1
ebay:21-39018-18315:sale,ebay,ebay,sale,2026-09-24,21-39018-18315,rustyfox543,buyer,2399,348,ebay_transactions_2026-09-22_2026-09-30.csv,64,0,0,1
ebay:20-71560-13731:sale,ebay,ebay,sale,2026-09-24,20-71560-13731,rustybear263,buyer,2599,374,ebay_transactions_2026-09-22_2026-09-30.csv,65,0,0,1
ebay:27-78043-43841:sale,ebay,ebay,sale,2026-09-24,27-78043-43841,northfox199,buyer,1699,255,ebay_transactions_2026-09-22_2026-09-30.csv,66,0,0,1
ebay:16-38520-67680:sale,ebay,ebay,sale,2026-09-24,16-38520-67680,northriver731,buyer,899,149,ebay_transactions_2026-09-22_2026-09-30.csv,67,0,0,1
ebay:16-70284-37087:sale,ebay,ebay,sale,2026-09-24,16-70284-37087,goldenfox50,buyer,2999,507,ebay_transactions_2026-09-22_2026-09-30.csv,68,599,0,1
ebay:26-92466-52222:sale,ebay,ebay,sale,2026-09-24,26-92466-52222,sunnyfinds244,buyer,6699,918,ebay_transactions_2026-09-22_2026-09-30.csv,69,0,0,1
ebay:18-83651-42818:sale,ebay,ebay,sale,2026-09-25,18-83651-42818,bluethrift966,buyer,1899,282,ebay_transactions_2026-09-22_2026-09-30.csv,70,0,0,1
ebay:17-12996-82359:sale,ebay,ebay,sale,2026-09-25,17-12996-82359,sunnybear769,buyer,3599,507,ebay_transactions_2026-09-22_2026-09-30.csv,71,0,0,1
ebay:11-95452-38490:sale,ebay,ebay,sale,2026-09-25,11-95452-38490,bluefinds729,buyer,2399,348,ebay_transactions_2026-09-22_2026-09-30.csv,72,0,0,1
ebay:24-14414-19780:sale,ebay,ebay,sale,2026-09-25,24-14414-19780,blueowl684,buyer,2799,401,ebay_transactions_2026-09-22_2026-09-30.csv,73,0,0,1
ebay:11-39841-80436:sale,ebay,ebay,sale,2026-09-25,11-39841-80436,retrofinds141,buyer,899,149,ebay_transactions_2026-09-22_2026-09-30.csv,74,0,0,1
ebay:24-46311-51563:sale,ebay,ebay,sale,2026-09-25,24-46311-51563,luckyfox609,buyer,7199,1063,ebay_transactions_2026-09-22_2026-09-30.csv,75,599,0,1
ebay:16-44230-22687:sale,ebay,ebay,sale,2026-09-25,16-44230-22687,northowl344,buyer,2099,387,ebay_transactions_2026-09-22_2026-09-30.csv,76,599,0,1
ebay:20-76528-35350:sale,ebay,ebay,sale,2026-09-25,20-76528-35350,swiftfox929,buyer,2199,401,ebay_transactions_2026-09-22_2026-09-30.csv,77,599,0,1
ebay:27-78043-43841:refund,ebay,ebay,refund,2026-09-25,27-78043-43841,northfox199,buyer,-1699,0,ebay_transactions_2026-09-22_2026-09-30.csv,78,0,0,0
ebay:22-14524-79415:sale,ebay,ebay,sale,2026-09-25,22-14524-79415,northowl396,buyer,2299,335,ebay_transactions_2026-09-22_2026-09-30.csv,79,0,0,1
ebay:13-60290-37986:sale,ebay,ebay,sale,2026-09-25,13-60290-37986,sunnypicker833,buyer,1599,242,ebay_transactions_2026-09-22_2026-09-30.csv,80,0,0,1
ebay:24-32084-21384:sale,ebay,ebay,sale,2026-09-25,24-32084-21384,luckythrift793,buyer,599,189,ebay_transactions_2026-09-22_2026-09-30.csv,81,599,0,1
ebay:16-27528-55906:sale,ebay,ebay,sale,2026-09-25,16-27528-55906,goldenfox796,buyer,4499,626,ebay_transactions_2026-09-22_2026-09-30.csv,82,0,0,1
ebay:24-61324-43229:sale,ebay,ebay,sale,2026-09-25,24-61324-43229,retropicker583,buyer,7199,984,ebay_transactions_2026-09-22_2026-09-30.csv,83,0,0,1
ebay:27-18910-52905:sale,ebay,ebay,sale,2026-09-25,27-18910-52905,swiftbear231,buyer,2199,401,ebay_transactions_2026-09-22_2026-09-30.csv,84,599,0,1
ebay:14-21551-58432:sale,ebay,ebay,sale,2026-09-25,14-21551-58432,happyriver37,buyer,4299,600,ebay_transactions_2026-09-22_2026-09-30.csv,85,0,0,1
ebay:12-64682-28836:sale,ebay,ebay,sale,2026-09-25,12-64682-28836,rustybear17,buyer,799,215,ebay_transactions_2026-09-22_2026-09-30.csv,86,599,0,1
ebay:14-93815-51447:sale,ebay,ebay,sale,2026-09-25,14-93815-51447,bluemaple183,buyer,8899,1209,ebay_transactions_2026-09-22_2026-09-30.csv,87,0,0,1
ebay:12-66422-41681:sale,ebay,ebay,sale,2026-09-25,12-66422-41681,goldenthrift393,buyer,799,136,ebay_transactions_2026-09-22_2026-09-30.csv,88,0,0,1
ebay:20-94839-70516:sale,ebay,ebay,sale,2026-09-25,20-94839-70516,goldenowl362,buyer,1599,242,ebay_transactions_2026-09-22_2026-09-30.csv,89,0,0,1
ebay:18-86890-69374:sale,ebay,ebay,sale,2026-09-25,18-86890-69374,swiftfinds15,buyer,4799,745,ebay_transactions_2026-09-22_2026-09-30.csv,90,599,0,1
ebay:16-11973-72727:sale,ebay,ebay,sale,2026-09-25,16-11973-72727,sunnyfinds819,buyer,3699,599,ebay_transactions_2026-09-22_2026-09-30.csv,91,599,0,1
ebay:26-39547-16893:sale,ebay,ebay,sale,2026-09-25,26-39547-16893,rustybear245,buyer,3599,507,ebay_transactions_2026-09-22_2026-09-30.csv,92,0,0,1
ebay:12-24358-16876:sale,ebay,ebay,sale,2026-09-25,12-24358-16876,sunnythrift798,buyer,10199,1381,ebay_transactions_2026-09-22_2026-09-30.csv,93,0,0,1
ebay:17-37558-76445:sale,ebay,ebay,sale,2026-09-26,17-37558-76445,sunnyhound925,buyer,1599,242,ebay_transactions_2026-09-22_2026-09-30.csv,94,0,0,1
ebay:27-72146-51962:sale,ebay,ebay,sale,2026-09-26,27-72146-51962,rustyowl249,buyer,4399,613,ebay_transactions_2026-09-22_2026-09-30.csv,95,0,0,1
ebay:20-16606-97708:sale,ebay,ebay,sale,2026-09-26,20-16606-97708,sunnydeals258,buyer,2299,414,ebay_transactions_2026-09-22_2026-09-30.csv,96,599,0,1
ebay:26-19868-52979:sale,ebay,ebay,sale,2026-09-26,26-19868-52979,luckyowl60,buyer,2299,414,ebay_transactions_2026-09-22_2026-09-30.csv,97,599,0,1
ebay:27-68350-47898:sale,ebay,ebay,sale,2026-09-26,27-68350-47898,swiftowl268,buyer,1199,268,ebay_transactions_2026-09-22_2026-09-30.csv,98,599,0,1
ebay:21-68503-97341:sale,ebay,ebay,sale,2026-09-26,21-68503-97341,rustyriver844,buyer,3799,533,ebay_transactions_2026-09-22_2026-09-30.csv,99,0,0,1
ebay:19-13518-59810:sale,ebay,ebay,sale,2026-09-26,19-13518-59810,quietriver958,buyer,1699,334,ebay_transactions_2026-09-22_2026-09-30.csv,100,599,0,1
ebay:26-94155-99113:sale,ebay,ebay,sale,2026-09-26,26-94155-99113,quietpicker904,buyer,1299,202,ebay_transactions_2026-09-22_2026-09-30.csv,101,0,0,1
ebay:25-56899-36751:sale,ebay,ebay,sale,2026-09-26,25-56899-36751,northbear504,buyer,2399,348,ebay_transactions_2026-09-22_2026-09-30.csv,102,0,0,1
ebay:12-91305-53448:sale,ebay,ebay,sale,2026-09-26,12-91305-53448,swiftpicker93,buyer,2899,414,ebay_transactions_2026-09-22_2026-09-30.csv,103,0,0,1
ebay:12-68821-13664:sale,ebay,ebay,sale,2026-09-26,12-68821-13664,swiftdeals521,buyer,1099,176,ebay_transactions_2026-09-22_2026-09-30.csv,104,0,0,1
ebay:17-15794-26385:sale,ebay,ebay,sale,2026-09-26,17-15794-26385,sunnyfinds819,buyer,1699,255,ebay_transactions_2026-09-22_2026-09-30.csv,105,0,0,1
ebay:27-35734-53788:sale,ebay,ebay,sale,2026-09-26,27-35734-53788,sunnydeals491,buyer,399,83,ebay_transactions_2026-09-22_2026-09-30.csv,106,0,0,1
ebay:10-77760-29751:sale,ebay,ebay,sale,2026-09-26,10-77760-29751,goldendeals79,buyer,1099,176,ebay_transactions_2026-09-22_2026-09-30.csv,107,0,0,1
ebay:16-17240-20091:sale,ebay,ebay,sale,2026-09-26,16-17240-20091,sunnythrift798,buyer,3299,546,ebay_transactions_2026-09-22_2026-09-30.csv,108,599,0,1
ebay:17-59536-37126:sale,ebay,ebay,sale,2026-09-26,17-59536-37126,rustyfox218,buyer,4299,600,ebay_transactions_2026-09-22_2026-09-30.csv,109,0,0,1
ebay:17-47063-54761:sale,ebay,ebay,sale,2026-09-26,17-47063-54761,happythrift447,buyer,7299,1076,ebay_transactions_2026-09-22_2026-09-30.csv,110,599,0,1
ebay:24-34070-48089:sale,ebay,ebay,sale,2026-09-26,24-34070-48089,rustyriver844,buyer,1699,255,ebay_transactions_2026-09-22_2026-09-30.csv,111,0,0,1
ebay:26-33964-88643:sale,ebay,ebay,sale,2026-09-26,26-33964-88643,quietfinds678,buyer,2199,321,ebay_transactions_2026-09-22_2026-09-30.csv,112,0,0,1
ebay:13-15293-89747:sale,ebay,ebay,sale,2026-09-26,13-15293-89747,bluefox279,buyer,2399,427,ebay_transactions_2026-09-22_2026-09-30.csv,113,599,0,1
ebay:21-15080-41555:sale,ebay,ebay,sale,2026-09-26,21-15080-41555,northhound571,buyer,899,149,ebay_transactions_2026-09-22_2026-09-30.csv,114,0,0,1
ebay:13-56787-24789:sale,ebay,ebay,sale,2026-09-26,13-56787-24789,northfox907,buyer,1199,189,ebay_transactions_2026-09-22_2026-09-30.csv,115,0,0,1
ebay:15-49425-42746:sale,ebay,ebay,sale,2026-09-27,15-49425-42746,northdeals124,buyer,2799,401,ebay_transactions_2026-09-22_2026-09-30.csv,116,0,0,1
ebay:27-11828-81561:sale,ebay,ebay,sale,2026-09-27,27-11828-81561,sunnyfox291,buyer,3499,494,ebay_transactions_2026-09-22_2026-09-30.csv,117,0,0,1
ebay:16-83383-75513:sale,ebay,ebay,sale,2026-09-27,16-83383-75513,northdeals863,buyer,2399,427,ebay_transactions_2026-09-22_2026-09-30.csv,118,599,0,1
ebay:19-94239-79589:sale,ebay,ebay,sale,2026-09-27,19-94239-79589,rustymaple793,buyer,1099,255,ebay_transactions_2026-09-22_2026-09-30.csv,119,599,0,1
ebay:11-69386-14538:sale,ebay,ebay,sale,2026-09-27,11-69386-14538,bluethrift218,buyer,8099,1103,ebay_transactions_2026-09-22_2026-09-30.csv,120,0,0,1
ebay:20-86038-91688:sale,ebay,ebay,sale,2026-09-27,20-86038-91688,sunnyhound472,buyer,899,149,ebay_transactions_2026-09-22_2026-09-30.csv,121,0,0,1
ebay:19-62844-40841:sale,ebay,ebay,sale,2026-09-27,19-62844-40841,bluebear983,buyer,1399,295,ebay_transactions_2026-09-22_2026-09-30.csv,122,599,0,1
ebay:23-22759-41405:sale,ebay,ebay,sale,2026-09-27,23-22759-41405,sunnypicker241,buyer,2299,414,ebay_transactions_2026-09-22_2026-09-30.csv,123,599,0,1
ebay:14-72167-92276:sale,ebay,ebay,sale,2026-09-27,14-72167-92276,retrofox798,buyer,999,162,ebay_transactions_2026-09-22_2026-09-30.csv,124,0,0,1
ebay:15-27573-61262:sale,ebay,ebay,sale,2026-09-27,15-27573-61262,bluemaple669,buyer,3499,573,ebay_transactions_2026-09-22_2026-09-30.csv,125,599,0,1
ebay:27-98951-42778:sale,ebay,ebay,sale,2026-09-27,27-98951-42778,goldendeals67,buyer,1899,361,ebay_transactions_2026-09-22_2026-09-30.csv,126,599,0,1
ebay:15-26634-75717:sale,ebay,ebay,sale,2026-09-27,15-26634-75717,bluemaple183,buyer,5599,772,ebay_transactions_2026-09-22_2026-09-30.csv,127,0,0,1
ebay:15-22376-78920:sale,ebay,ebay,sale,2026-09-27,15-22376-78920,sunnypicker546,buyer,4199,666,ebay_transactions_2026-09-22_2026-09-30.csv,128,599,0,1
ebay:14-38082-44698:sale,ebay,ebay,sale,2026-09-27,14-38082-44698,goldenhound702,buyer,1899,361,ebay_transactions_2026-09-22_2026-09-30.csv,129,599,0,1
ebay:18-67381-80219:sale,ebay,ebay,sale,2026-09-27,18-67381-80219,luckybear772,buyer,2599,454,ebay_transactions_2026-09-22_2026-09-30.csv,130,599,0,1
ebay:10-58996-57390:sale,ebay,ebay,sale,2026-09-27,10-58996-57390,northfox550,buyer,1399,295,ebay_transactions_2026-09-22_2026-09-30.csv,131,599,0,1
ebay:21-19921-35726:sale,ebay,ebay,sale,2026-09-27,21-19921-35726,sunnyowl652,buyer,2999,427,ebay_transactions_2026-09-22_2026-09-30.csv,132,0,0,1
ebay:25-30449-75591:sale,ebay,ebay,sale,2026-09-27,25-30449-75591,quietowl829,buyer,1999,374,ebay_transactions_2026-09-22_2026-09-30.csv,133,599,0,1
ebay:21-49051-70395:sale,ebay,ebay,sale,2026-09-27,21-49051-70395,luckymaple105,buyer,3599,507,ebay_transactions_2026-09-22_2026-09-30.csv,134,0,0,1
ebay:24-46815-27676:sale,ebay,ebay,sale,2026-09-27,24-46815-27676,sunnydeals258,buyer,999,162,ebay_transactions_2026-09-22_2026-09-30.csv,135,0,0,1
ebay:13-26489-37743:sale,ebay,ebay,sale,2026-09-27,13-26489-37743,quietowl482,buyer,1399,295,ebay_transactions_2026-09-22_2026-09-30.csv,136,599,0,1
ebay:26-50924-12803:sale,ebay,ebay,sale,2026-09-28,26-50924-12803,sunnyhound251,buyer,3899,547,ebay_transactions_2026-09-22_2026-09-30.csv,137,0,0,1
ebay:23-83057-11632:sale,ebay,ebay,sale,2026-09-28,23-83057-11632,bluehound13,buyer,599,109,ebay_transactions_2026-09-22_2026-09-30.csv,138,0,0,1
ebay:26-73899-37052:sale,ebay,ebay,sale,2026-09-28,26-73899-37052,sunnymaple540,buyer,1699,255,ebay_transactions_2026-09-22_2026-09-30.csv,139,0,0,1
ebay:26-34435-60055:sale,ebay,ebay,sale,2026-09-28,26-34435-60055,luckythrift552,buyer,3599,507,ebay_transactions_2026-09-22_2026-09-30.csv,140,0,0,1
ebay:16-50241-15970:sale,ebay,ebay,sale,2026-09-28,16-50241-15970,sunnythrift798,buyer,1799,268,ebay_transactions_2026-09-22_2026-09-30.csv,141,0,0,1
ebay:24-39526-93398:sale,ebay,ebay,sale,2026-09-28,24-39526-93398,bluefox219,buyer,3599,507,ebay_transactions_2026-09-22_2026-09-30.csv,142,0,0,1
ebay:10-95274-25148:sale,ebay,ebay,sale,2026-09-28,10-95274-25148,goldenpicker388,buyer,2399,348,ebay_transactions_2026-09-22_2026-09-30.csv,143,0,0,1
ebay:24-58810-75332:sale,ebay,ebay,sale,2026-09-28,24-58810-75332,sunnyowl897,buyer,2099,387,ebay_transactions_2026-09-22_2026-09-30.csv,144,599,0,1
ebay:13-59803-39581:sale,ebay,ebay,sale,2026-09-28,13-59803-39581,happythrift447,buyer,4099,652,ebay_transactions_2026-09-22_2026-09-30.csv,145,599,0,1
ebay:25-88079-98182:sale,ebay,ebay,sale,2026-09-28,25-88079-98182,sunnypicker491,buyer,2799,401,ebay_transactions_2026-09-22_2026-09-30.csv,146,0,0,1
ebay:15-25115-34340:sale,ebay,ebay,sale,2026-09-28,15-25115-34340,happyowl517,buyer,799,136,ebay_transactions_2026-09-22_2026-09-30.csv,147,0,0,1
ebay:23-66168-28164:sale,ebay,ebay,sale,2026-09-28,23-66168-28164,norththrift337,buyer,3199,533,ebay_transactions_2026-09-22_2026-09-30.csv,148,599,0,1
ebay:19-69586-41725:sale,ebay,ebay,sale,2026-09-28,19-69586-41725,happypicker821,buyer,1999,295,ebay_transactions_2026-09-22_2026-09-30.csv,149,0,0,1
ebay:18-13933-12434:sale,ebay,ebay,sale,2026-09-28,18-13933-12434,sunnythrift76,buyer,899,228,ebay_transactions_2026-09-22_2026-09-30.csv,150,599,0,1
ebay:23-73173-40823:sale,ebay,ebay,sale,2026-09-28,23-73173-40823,retromaple213,buyer,2399,348,ebay_transactions_2026-09-22_2026-09-30.csv,151,0,0,1
ebay:14-67473-20569:sale,ebay,ebay,sale,2026-09-28,14-67473-20569,happypicker81,buyer,1399,295,ebay_transactions_2026-09-22_2026-09-30.csv,152,599,0,1
ebay:19-71484-30863:sale,ebay,ebay,sale,2026-09-29,19-71484-30863,luckydeals892,buyer,599,109,ebay_transactions_2026-09-22_2026-09-30.csv,153,0,0,1
ebay:13-11533-21277:sale,ebay,ebay,sale,2026-09-29,13-11533-21277,sunnyhound128,buyer,4499,705,ebay_transactions_2026-09-22_2026-09-30.csv,154,599,0,1
ebay:26-13819-31353:sale,ebay,ebay,sale,2026-09-29,26-13819-31353,bluebear721,buyer,899,228,ebay_transactions_2026-09-22_2026-09-30.csv,155,599,0,1
ebay:24-75073-67067:sale,ebay,ebay,sale,2026-09-29,24-75073-67067,goldenpicker226,buyer,2099,308,ebay_transactions_2026-09-22_2026-09-30.csv,156,0,0,1
ebay:15-77118-57101:sale,ebay,ebay,sale,2026-09-29,15-77118-57101,swiftriver58,buyer,4699,732,ebay_transactions_2026-09-22_2026-09-30.csv,157,599,0,1
ebay:24-84332-27864:sale,ebay,ebay,sale,2026-09-29,24-84332-27864,sunnyfox291,buyer,2099,387,ebay_transactions_2026-09-22_2026-09-30.csv,158,599,0,1
ebay:10-23582-32956:sale,ebay,ebay,sale,2026-09-29,10-23582-32956,swiftthrift94,buyer,3699,520,ebay_transactions_2026-09-22_2026-09-30.csv,159,0,0,1
ebay:21-80631-27137:sale,ebay,ebay,sale,2026-09-29,21-80631-27137,bluebear389,buyer,1599,321,ebay_transactions_2026-09-22_2026-09-30.csv,160,599,0,1
ebay:24-86640-49363:sale,ebay,ebay,sale,2026-09-29,24-86640-49363,luckydeals892,buyer,799,136,ebay_transactions_2026-09-22_2026-09-30.csv,161,0,0,1
ebay:18-13080-58496:sale,ebay,ebay,sale,2026-09-29,18-13080-58496,northowl551,buyer,1099,176,ebay_transactions_2026-09-22_2026-09-30.csv,162,0,0,1
ebay:24-74663-52298:sale,ebay,ebay,sale,2026-09-29,24-74663-52298,goldenfinds46,buyer,2899,414,ebay_transactions_2026-09-22_2026-09-30.csv,163,0,0,1
ebay:21-19062-65953:sale,ebay,ebay,sale,2026-09-29,21-19062-65953,goldenbear847,buyer,2199,321,ebay_transactions_2026-09-22_2026-09-30.csv,164,0,0,1
ebay:16-34401-70314:sale,ebay,ebay,sale,2026-09-29,16-34401-70314,sunnyhound355,buyer,3499,494,ebay_transactions_2026-09-22_2026-09-30.csv,165,0,0,1
ebay:17-64153-41336:sale,ebay,ebay,sale,2026-09-29,17-64153-41336,sunnydeals656,buyer,699,123,ebay_transactions_2026-09-22_2026-09-30.csv,166,0,0,1
ebay:22-51623-90676:sale,ebay,ebay,sale,2026-09-29,22-51623-90676,bluefox823,buyer,1899,282,ebay_transactions_2026-09-22_2026-09-30.csv,167,0,0,1
ebay:20-85184-14530:sale,ebay,ebay,sale,2026-09-29,20-85184-14530,happyhound912,buyer,3499,573,ebay_transactions_2026-09-22_2026-09-30.csv,168,599,0,1
ebay:23-82057-72436:sale,ebay,ebay,sale,2026-09-29,23-82057-72436,retrothrift166,buyer,4299,679,ebay_transactions_2026-09-22_2026-09-30.csv,169,599,0,1
ebay:23-42554-50059:sale,ebay,ebay,sale,2026-09-29,23-42554-50059,swiftowl464,buyer,1099,255,ebay_transactions_2026-09-22_2026-09-30.csv,170,599,0,1
ebay:16-64378-78231:sale,ebay,ebay,sale,2026-09-29,16-64378-78231,quietriver76,buyer,8099,1103,ebay_transactions_2026-09-22_2026-09-30.csv,171,0,0,1
ebay:22-72882-74759:sale,ebay,ebay,sale,2026-09-29,22-72882-74759,swiftdeals96,buyer,1499,229,ebay_transactions_2026-09-22_2026-09-30.csv,172,0,0,1
ebay:11-76491-28144:sale,ebay,ebay,sale,2026-09-29,11-76491-28144,happyhound714,buyer,2399,348,ebay_transactions_2026-09-22_2026-09-30.csv,173,0,0,1
ebay:15-82293-84522:sale,ebay,ebay,sale,2026-09-29,15-82293-84522,rustythrift584,buyer,4299,600,ebay_transactions_2026-09-22_2026-09-30.csv,174,0,0,1
ebay:20-70929-29048:sale,ebay,ebay,sale,2026-09-29,20-70929-29048,retrofinds636,buyer,3799,533,ebay_transactions_2026-09-22_2026-09-30.csv,175,0,0,1
ebay:25-13929-27220:sale,ebay,ebay,sale,2026-09-29,25-13929-27220,quietowl208,buyer,3399,560,ebay_transactions_2026-09-22_2026-09-30.csv,176,599,0,1
ebay:12-20071-38511:sale,ebay,ebay,sale,2026-09-30,12-20071-38511,northfinds911,buyer,2099,387,ebay_transactions_2026-09-22_2026-09-30.csv,177,599,0,1
ebay:22-68440-48319:sale,ebay,ebay,sale,2026-09-30,22-68440-48319,norththrift215,buyer,3799,613,ebay_transactions_2026-09-22_2026-09-30.csv,178,599,0,1
ebay:15-28384-50309:sale,ebay,ebay,sale,2026-09-30,15-28384-50309,bluefox954,buyer,1599,242,ebay_transactions_2026-09-22_2026-09-30.csv,179,0,0,1
ebay:19-30351-24184:sale,ebay,ebay,sale,2026-09-30,19-30351-24184,sunnyfox908,buyer,1599,242,ebay_transactions_2026-09-22_2026-09-30.csv,180,0,0,1
ebay:26-93546-96953:sale,ebay,ebay,sale,2026-09-30,26-93546-96953,retrohound271,buyer,1999,374,ebay_transactions_2026-09-22_2026-09-30.csv,181,599,0,1
ebay:24-75942-88470:sale,ebay,ebay,sale,2026-09-30,24-75942-88470,retrodeals52,buyer,1999,295,ebay_transactions_2026-09-22_2026-09-30.csv,182,0,0,1
ebay:11-64368-74475:sale,ebay,ebay,sale,2026-09-30,11-64368-74475,luckydeals170,buyer,1399,295,ebay_transactions_2026-09-22_2026-09-30.csv,183,599,0,1
ebay:21-36782-38838:sale,ebay,ebay,sale,2026-09-30,21-36782-38838,happyfinds526,buyer,1299,202,ebay_transactions_2026-09-22_2026-09-30.csv,184,0,0,1
ebay:12-61225-11274:sale,ebay,ebay,sale,2026-09-30,12-61225-11274,quietfinds20,buyer,7299,1076,ebay_transactions_2026-09-22_2026-09-30.csv,185,599,0,1
ebay:19-78629-26006:sale,ebay,ebay,sale,2026-09-30,19-78629-26006,bluedeals262,buyer,3199,533,ebay_transactions_2026-09-22_2026-09-30.csv,186,599,0,1
ebay:21-13811-57683:sale,ebay,ebay,sale,2026-09-30,21-13811-57683,luckypicker342,buyer,1899,282,ebay_transactions_2026-09-22_2026-09-30.csv,187,0,0,1
ebay:20-68616-19719:sale,ebay,ebay,sale,2026-09-30,20-68616-19719,sunnybear769,buyer,2199,321,ebay_transactions_2026-09-22_2026-09-30.csv,188,0,0,1
ebay:27-83407-89432:sale,ebay,ebay,sale,2026-09-30,27-83407-89432,retroowl39,buyer,1199,189,ebay_transactions_2026-09-22_2026-09-30.csv,189,0,0,1
ebay:17-14079-99117:sale,ebay,ebay,sale,2026-09-30,17-14079-99117,retrothrift727,buyer,3799,533,ebay_transactions_2026-09-22_2026-09-30.csv,190,0,0,1
ebay:21-99444-73355:sale,ebay,ebay,sale,2026-09-30,21-99444-73355,rustypicker989,buyer,2899,414,ebay_transactions_2026-09-22_2026-09-30.csv,191,0,0,1
ebay:24-48409-32076:sale,ebay,ebay,sale,2026-09-30,24-48409-32076,quietmaple24,buyer,1799,268,ebay_transactions_2026-09-22_2026-09-30.csv,192,0,0,1
ebay:12-53204-16520:sale,ebay,ebay,sale,2026-09-30,12-53204-16520,quietfox883,buyer,2399,348,ebay_transactions_2026-09-22_2026-09-30.csv,193,0,0,1
ebay:25-11885-21266:sale,ebay,ebay,sale,2026-09-30,25-11885-21266,luckypicker802,buyer,3199,454,ebay_transactions_2026-09-22_2026-09-30.csv,194,0,0,1
ebay:15-83520-85713:sale,ebay,ebay,sale,2026-09-30,15-83520-85713,quietthrift76,buyer,2199,321,ebay_transactions_2026-09-22_2026-09-30.csv,195,0,0,1
ebay:12-79460-82574:sale,ebay,ebay,sale,2026-09-30,12-79460-82574,northriver239,buyer,1999,295,ebay_transactions_2026-09-22_2026-09-30.csv,196,0,0,1
ebay:19-30221-24943:sale,ebay,ebay,sale,2026-09-30,19-30221-24943,happythrift355,buyer,1599,242,ebay_transactions_2026-09-22_2026-09-30.csv,197,0,0,1
ebay:14-19570-87521:sale,ebay,ebay,sale,2026-09-30,14-19570-87521,rustyowl249,buyer,1199,189,ebay_transactions_2026-09-22_2026-09-30.csv,198,0,0,1
ebay:22-31005-32880:sale,ebay,ebay,sale,2026-09-30,22-31005-32880,happypicker940,buyer,3499,494,ebay_transactions_2026-09-22_2026-09-30.csv,199,0,0,1
upright:883003:sale,upright,shopgoodwill,sale,2026-09-01,883003,retrofox189,order,2600,0,paid_orders_09-01-2026_09-01-2026.xlsx,1,1499,300,1
upright:883006:sale,upright,shopgoodwill,sale,2026-09-01,883006,quietbear247,order,2600,0,paid_orders_09-01-2026_09-01-2026.xlsx,2,1299,300,1
upright:883009:sale,upright,shopgoodwill,sale,2026-09-01,883009,happyowl780,order,1600,0,paid_orders_09-01-2026_09-01-2026.xlsx,3,899,300,1
upright:883013:sale,upright,shopgoodwill,sale,2026-09-01,883013,rustythrift48,order,1000,0,paid_orders_09-01-2026_09-01-2026.xlsx,4,1499,300,1
upright:883017:sale,upright,shopgoodwill,sale,2026-09-01,883017,retroriver331,order,700,0,paid_orders_09-01-2026_09-01-2026.xlsx,5,1299,300,1
upright:883019:sale,upright,shopgoodwill,sale,2026-09-01,883019,quietmaple512,order,700,0,paid_orders_09-01-2026_09-01-2026.xlsx,6,1299,300,1
upright:883022:sale,upright,shopgoodwill,sale,2026-09-01,883022,goldenfox53,order,2900,0,paid_orders_09-01-2026_09-01-2026.xlsx,7,1299,300,1
upright:883025:sale,upright,shopgoodwill,sale,2026-09-01,883025,sunnythrift739,order,2800,0,paid_orders_09-01-2026_09-01-2026.xlsx,8,1099,300,1
upright:883027:sale,upright,shopgoodwill,sale,2026-09-01,883027,northpicker68,order,700,0,paid_orders_09-01-2026_09-01-2026.xlsx,9,899,300,1
upright:883030:sale,upright,shopgoodwill,sale,2026-09-01,883030,rustybear940,order,1300,0,paid_orders_09-01-2026_09-01-2026.xlsx,10,1099,300,1
upright:883034:sale,upright,shopgoodwill,sale,2026-09-01,883034,retrofinds594,order,4200,0,paid_orders_09-01-2026_09-01-2026.xlsx,11,1099,300,1
upright:883035:sale,upright,shopgoodwill,sale,2026-09-01,883035,luckyfinds317,order,3400,0,paid_orders_09-01-2026_09-01-2026.xlsx,12,1099,300,1
upright:883039:sale,upright,shopgoodwill,sale,2026-09-01,883039,happydeals661,order,2700,0,paid_orders_09-01-2026_09-01-2026.xlsx,13,1099,300,1
upright:883040:sale,upright,shopgoodwill,sale,2026-09-01,883040,sunnyhound266,order,3400,0,paid_orders_09-01-2026_09-01-2026.xlsx,14,1299,300,1
upright:883042:sale,upright,shopgoodwill,sale,2026-09-01,883042,swiftmaple687,order,1000,0,paid_orders_09-01-2026_09-01-2026.xlsx,15,1099,300,1
upright:883043:sale,upright,shopgoodwill,sale,2026-09-01,883043,goldendeals658,order,2200,0,paid_orders_09-01-2026_09-01-2026.xlsx,16,1499,300,1
upright:883046:sale,upright,shopgoodwill,sale,2026-09-01,883046,sunnymaple342,order,3000,0,paid_orders_09-01-2026_09-01-2026.xlsx,17,1299,300,1
upright:883047:sale,upright,shopgoodwill,sale,2026-09-01,883047,rustyriver353,order,1800,0,paid_orders_09-01-2026_09-01-2026.xlsx,18,1299,300,1
upright:883048:sale,upright,shopgoodwill,sale,2026-09-01,883048,luckybear997,order,700,0,paid_orders_09-01-2026_09-01-2026.xlsx,19,1299,300,1
upright:883052:sale,upright,shopgoodwill,sale,2026-09-01,883052,rustyfinds592,order,3400,0,paid_orders_09-01-2026_09-01-2026.xlsx,20,1499,300,1
upright:883058:sale,upright,shopgoodwill,sale,2026-09-01,883058,quietfinds697,order,4300,0,paid_orders_09-01-2026_09-01-2026.xlsx,21,1099,300,1
upright:883059:sale,upright,shopgoodwill,sale,2026-09-01,883059,rustyowl451,order,4500,0,paid_orders_09-01-2026_09-01-2026.xlsx,22,1099,300,1
upright:883060:sale,upright,shopgoodwill,sale,2026-09-01,883060,happyowl530,order,3400,0,paid_orders_09-01-2026_09-01-2026.xlsx,23,899,300,1
upright:883061:sale,upright,shopgoodwill,sale,2026-09-01,883061,bluedeals43,order,4000,0,paid_orders_09-01-2026_09-01-2026.xlsx,24,1499,300,1
upright:883063:sale,upright,shopgoodwill,sale,2026-09-01,883063,quietowl255,order,800,0,paid_orders_09-01-2026_09-01-2026.xlsx,25,1299,300,1
upright:883066:sale,upright,shopgoodwill,sale,2026-09-01,883066,rustythrift768,order,4300,0,paid_orders_09-01-2026_09-01-2026.xlsx,26,1099,300,1
upright:883069:sale,upright,shopgoodwill,sale,2026-09-01,883069,swiftthrift974,order,1400,0,paid_orders_09-01-2026_09-01-2026.xlsx,27,1499,300,1
upright:883071:sale,upright,shopgoodwill,sale,2026-09-01,883071,retroowl470,order,1200,0,paid_orders_09-01-2026_09-01-2026.xlsx,28,1499,300,1
upright:883075:sale,upright,shopgoodwill,sale,2026-09-01,883075,goldenhound277,order,2100,0,paid_orders_09-01-2026_09-01-2026.xlsx,29,899,300,1
upright:883077:sale,upright,shopgoodwill,sale,2026-09-01,883077,rustybear157,order,1100,0,paid_orders_09-01-2026_09-01-2026.xlsx,30,1099,300,1
upright:883079:sale,upright,shopgoodwill,sale,2026-09-01,883079,rustyhound434,order,3800,0,paid_orders_09-01-2026_09-01-2026.xlsx,31,1099,300,1
upright:883082:sale,upright,shopgoodwill,sale,2026-09-01,883082,rustybear157,order,1600,0,paid_orders_09-01-2026_09-01-2026.xlsx,32,1299,300,1
upright:883086:sale,upright,shopgoodwill,sale,2026-09-01,883086,luckydeals969,order,2500,0,paid_orders_09-01-2026_09-01-2026.xlsx,33,1299,300,1
upright:883090:sale,upright,shopgoodwill,sale,2026-09-01,883090,swiftpicker774,order,2600,0,paid_orders_09-01-2026_09-01-2026.xlsx,34,899,300,1
upright:883094:sale,upright,shopgoodwill,sale,2026-09-01,883094,sunnyfox757,order,3800,0,paid_orders_09-01-2026_09-01-2026.xlsx,35,1499,300,1
upright:883096:sale,upright,shopgoodwill,sale,2026-09-01,883096,sunnyfinds636,order,5300,0,paid_orders_09-01-2026_09-01-2026.xlsx,36,899,300,1
upright:883100:sale,upright,shopgoodwill,sale,2026-09-01,883100,quiethound911,order,10800,0,paid_orders_09-01-2026_09-01-2026.xlsx,37,1099,300,1
upright:883104:sale,upright,shopgoodwill,sale,2026-09-01,883104,blueowl393,order,5000,0,paid_orders_09-01-2026_09-01-2026.xlsx,38,899,300,1
upright:883106:sale,upright,shopgoodwill,sale,2026-09-01,883106,northbear492,order,3400,0,paid_orders_09-01-2026_09-01-2026.xlsx,39,1299,300,1
upright:883108:sale,upright,shopgoodwill,sale,2026-09-01,883108,swifthound771,order,1300,0,paid_orders_09-01-2026_09-01-2026.xlsx,40,1299,300,1
upright:883112:sale,upright,shopgoodwill,sale,2026-09-01,883112,sunnyriver907,order,1200,0,paid_orders_09-01-2026_09-01-2026.xlsx,41,899,300,1
upright:883116:sale,upright,shopgoodwill,sale,2026-09-01,883116,sunnythrift103,order,2200,0,paid_orders_09-01-2026_09-01-2026.xlsx,42,1299,300,1
upright:883120:sale,upright,shopgoodwill,sale,2026-09-01,883120,swiftmaple442,order,1200,0,paid_orders_09-01-2026_09-01-2026.xlsx,43,1499,300,1
upright:883122:sale,upright,shopgoodwill,sale,2026-09-01,883122,norththrift587,order,9500,0,paid_orders_09-01-2026_09-01-2026.xlsx,44,1299,300,1
upright:883126:sale,upright,shopgoodwill,sale,2026-09-01,883126,goldenhound106,order,7200,0,paid_orders_09-01-2026_09-01-2026.xlsx,45,1299,300,1
upright:883174:sale,upright,shopgoodwill,sale,2026-09-02,883174,quietfinds999,order,3600,0,paid_orders_09-01-2026_09-01-2026.xlsx,46,1499,300,1
upright:883200:sale,upright,shopgoodwill,sale,2026-09-02,883200,sunnybear76,order,4300,0,paid_orders_09-01-2026_09-01-2026.xlsx,47,899,300,1
upright:883130:sale,upright,shopgoodwill,sale,2026-09-02,883130,quietdeals153,order,1400,0,paid_orders_09-02-2026_09-02-2026.xlsx,1,899,300,1
upright:883132:sale,upright,shopgoodwill,sale,2026-09-02,883132,retrothrift613,order,3200,0,paid_orders_09-02-2026_09-02-2026.xlsx,2,1299,300,1
upright:883135:sale,upright,shopgoodwill,sale,2026-09-02,883135,luckyhound716,order,2100,0,paid_orders_09-02-2026_09-02-2026.xlsx,3,1099,300,1
upright:883136:sale,upright,shopgoodwill,sale,2026-09-02,883136,swiftfox885,order,5600,0,paid_orders_09-02-2026_09-02-2026.xlsx,4,899,300,1
upright:883138:sale,upright,shopgoodwill,sale,2026-09-02,883138,retrodeals661,order,6000,0,paid_orders_09-02-2026_09-02-2026.xlsx,5,1299,300,1
upright:883141:sale,upright,shopgoodwill,sale,2026-09-02,883141,luckyfinds131,order,4200,0,paid_orders_09-02-2026_09-02-2026.xlsx,6,899,300,1
upright:883144:sale,upright,shopgoodwill,sale,2026-09-02,883144,swiftpicker150,order,3100,0,paid_orders_09-02-2026_09-02-2026.xlsx,7,899,300,1
upright:883148:sale,upright,shopgoodwill,sale,2026-09-02,883148,happydeals583,order,3100,0,paid_orders_09-02-2026_09-02-2026.xlsx,8,1499,300,1
upright:883151:sale,upright,shopgoodwill,sale,2026-09-02,883151,quietpicker858,order,3100,0,paid_orders_09-02-2026_09-02-2026.xlsx,9,1099,300,1
upright:883155:sale,upright,shopgoodwill,sale,2026-09-02,883155,happyriver286,order,3100,0,paid_orders_09-02-2026_09-02-2026.xlsx,10,899,300,1
upright:883157:sale,upright,shopgoodwill,sale,2026-09-02,883157,quietowl255,order,1300,0,paid_orders_09-02-2026_09-02-2026.xlsx,11,1299,300,1
upright:883158:sale,upright,shopgoodwill,sale,2026-09-02,883158,swifthound540,order,4400,0,paid_orders_09-02-2026_09-02-2026.xlsx,12,1299,300,1
upright:883159:sale,upright,shopgoodwill,sale,2026-09-02,883159,goldenthrift189,order,2000,0,paid_orders_09-02-2026_09-02-2026.xlsx,13,1499,300,1
upright:883161:sale,upright,shopgoodwill,sale,2026-09-02,883161,quietthrift253,order,2900,0,paid_orders_09-02-2026_09-02-2026.xlsx,14,1099,300,1
upright:883165:sale,upright,shopgoodwill,sale,2026-09-02,883165,happyriver307,order,5800,0,paid_orders_09-02-2026_09-02-2026.xlsx,15,1099,300,1
upright:883168:sale,upright,shopgoodwill,sale,2026-09-02,883168,northowl354,order,1000,0,paid_orders_09-02-2026_09-02-2026.xlsx,16,1099,300,1
upright:883172:sale,upright,shopgoodwill,sale,2026-09-02,883172,retrofinds176,order,10200,0,paid_orders_09-02-2026_09-02-2026.xlsx,17,1499,300,1
upright:883177:sale,upright,shopgoodwill,sale,2026-09-02,883177,happyowl698,order,2800,0,paid_orders_09-02-2026_09-02-2026.xlsx,18,1499,300,1
upright:883179:sale,upright,shopgoodwill,sale,2026-09-02,883179,retrobear241,order,500,0,paid_orders_09-02-2026_09-02-2026.xlsx,19,899,300,1
upright:883183:sale,upright,shopgoodwill,sale,2026-09-02,883183,rustythrift768,order,4400,0,paid_orders_09-02-2026_09-02-2026.xlsx,20,899,300,1
upright:883186:sale,upright,shopgoodwill,sale,2026-09-02,883186,luckyfinds99,order,7900,0,paid_orders_09-02-2026_09-02-2026.xlsx,21,899,300,1
upright:883189:sale,upright,shopgoodwill,sale,2026-09-02,883189,norththrift327,order,2400,0,paid_orders_09-02-2026_09-02-2026.xlsx,22,899,300,1
upright:883192:sale,upright,shopgoodwill,sale,2026-09-02,883192,sunnyfox590,order,1200,0,paid_orders_09-02-2026_09-02-2026.xlsx,23,1499,300,1
upright:883193:sale,upright,shopgoodwill,sale,2026-09-02,883193,luckybear997,order,3400,0,paid_orders_09-02-2026_09-02-2026.xlsx,24,899,300,1
upright:883197:sale,upright,shopgoodwill,sale,2026-09-02,883197,swiftpicker150,order,2100,0,paid_orders_09-02-2026_09-02-2026.xlsx,25,1299,300,1
upright:883199:sale,upright,shopgoodwill,sale,2026-09-02,883199,retroowl674,order,1000,0,paid_orders_09-02-2026_09-02-2026.xlsx,26,1099,300,1
upright:883202:sale,upright,shopgoodwill,sale,2026-09-02,883202,goldenhound106,order,1400,0,paid_orders_09-02-2026_09-02-2026.xlsx,27,1499,300,1
upright:883258:sale,upright,shopgoodwill,sale,2026-09-03,883258,bluehound170,order,2200,0,paid_orders_09-02-2026_09-02-2026.xlsx,28,1099,300,1
upright:883206:sale,upright,shopgoodwill,sale,2026-09-03,883206,retrobear241,order,1300,0,paid_orders_09-03-2026_09-03-2026.xlsx,1,1099,300,1
upright:883209:sale,upright,shopgoodwill,sale,2026-09-03,883209,sunnymaple460,order,4800,0,paid_orders_09-03-2026_09-03-2026.xlsx,2,1499,300,1
upright:883210:sale,upright,shopgoodwill,sale,2026-09-03,883210,retroowl57,order,9500,0,paid_orders_09-03-2026_09-03-2026.xlsx,3,1099,300,1
upright:883211:sale,upright,shopgoodwill,sale,2026-09-03,883211,sunnyfox590,order,1700,0,paid_orders_09-03-2026_09-03-2026.xlsx,4,899,300,1
upright:883213:sale,upright,shopgoodwill,sale,2026-09-03,883213,sunnyhound619,order,1400,0,paid_orders_09-03-2026_09-03-2026.xlsx,5,1499,300,1
upright:883216:sale,upright,shopgoodwill,sale,2026-09-03,883216,swiftpicker621,order,5000,0,paid_orders_09-03-2026_09-03-2026.xlsx,6,1099,300,1
upright:883219:sale,upright,shopgoodwill,sale,2026-09-03,883219,rustythrift768,order,1400,0,paid_orders_09-03-2026_09-03-2026.xlsx,7,1099,300,1
upright:883223:sale,upright,shopgoodwill,sale,2026-09-03,883223,happythrift947,order,19800,0,paid_orders_09-03-2026_09-03-2026.xlsx,8,1099,300,1
upright:883227:sale,upright,shopgoodwill,sale,2026-09-03,883227,quietmaple286,order,2000,0,paid_orders_09-03-2026_09-03-2026.xlsx,9,1099,300,1
upright:883229:sale,upright,shopgoodwill,sale,2026-09-03,883229,sunnyfinds844,order,2800,0,paid_orders_09-03-2026_09-03-2026.xlsx,10,1299,300,1
upright:883233:sale,upright,shopgoodwill,sale,2026-09-03,883233,sunnyhound619,order,2300,0,paid_orders_09-03-2026_09-03-2026.xlsx,11,1099,300,1
upright:883237:sale,upright,shopgoodwill,sale,2026-09-03,883237,goldenfox575,order,3200,0,paid_orders_09-03-2026_09-03-2026.xlsx,12,1499,300,1
upright:883239:sale,upright,shopgoodwill,sale,2026-09-03,883239,happyowl698,order,4500,0,paid_orders_09-03-2026_09-03-2026.xlsx,13,1499,300,1
upright:883242:sale,upright,shopgoodwill,sale,2026-09-03,883242,swifthound696,order,900,0,paid_orders_09-03-2026_09-03-2026.xlsx,14,1499,300,1
upright:883246:sale,upright,shopgoodwill,sale,2026-09-03,883246,rustybear371,order,5200,0,paid_orders_09-03-2026_09-03-2026.xlsx,15,1499,300,1
upright:883249:sale,upright,shopgoodwill,sale,2026-09-03,883249,goldenowl355,order,4200,0,paid_orders_09-03-2026_09-03-2026.xlsx,16,1099,300,1
upright:883251:sale,upright,shopgoodwill,sale,2026-09-03,883251,happypicker852,order,10400,0,paid_orders_09-03-2026_09-03-2026.xlsx,17,1299,300,1
upright:883255:sale,upright,shopgoodwill,sale,2026-09-03,883255,quietriver554,order,800,0,paid_orders_09-03-2026_09-03-2026.xlsx,18,899,300,1
upright:883260:sale,upright,shopgoodwill,sale,2026-09-03,883260,northowl354,order,1200,0,paid_orders_09-03-2026_09-03-2026.xlsx,19,1099,300,1
upright:883263:sale,upright,shopgoodwill,sale,2026-09-03,883263,swiftpicker358,order,3000,0,paid_orders_09-03-2026_09-03-2026.xlsx,20,1099,300,1
upright:883266:sale,upright,shopgoodwill,sale,2026-09-03,883266,quietmaple286,order,1600,0,paid_orders_09-03-2026_09-03-2026.xlsx,21,1499,300,1
upright:883267:sale,upright,shopgoodwill,sale,2026-09-03,883267,goldenhound559,order,4700,0,paid_orders_09-03-2026_09-03-2026.xlsx,22,899,300,1
upright:883268:sale,upright,shopgoodwill,sale,2026-09-03,883268,retrofinds732,order,3300,0,paid_orders_09-03-2026_09-03-2026.xlsx,23,1299,300,1
upright:883271:sale,upright,shopgoodwill,sale,2026-09-03,883271,bluefox91,order,2100,0,paid_orders_09-03-2026_09-03-2026.xlsx,24,1499,300,1
upright:883274:sale,upright,shopgoodwill,sale,2026-09-03,883274,happyhound494,order,3100,0,paid_orders_09-03-2026_09-03-2026.xlsx,25,899,300,1
upright:883275:sale,upright,shopgoodwill,sale,2026-09-03,883275,happydeals860,order,1300,0,paid_orders_09-03-2026_09-03-2026.xlsx,26,1299,300,1
upright:883277:sale,upright,shopgoodwill,sale,2026-09-03,883277,sunnythrift739,order,7900,0,paid_orders_09-03-2026_09-03-2026.xlsx,27,1099,300,1
upright:883281:sale,upright,shopgoodwill,sale,2026-09-03,883281,quietthrift983,order,3500,0,paid_orders_09-03-2026_09-03-2026.xlsx,28,1299,300,1
upright:883282:sale,upright,shopgoodwill,sale,2026-09-03,883282,sunnyriver115,order,13000,0,paid_orders_09-03-2026_09-03-2026.xlsx,29,1299,300,1
upright:883285:sale,upright,shopgoodwill,sale,2026-09-03,883285,northbear59,order,4400,0,paid_orders_09-03-2026_09-03-2026.xlsx,30,1499,300,1
upright:883287:sale,upright,shopgoodwill,sale,2026-09-03,883287,swiftfox837,order,2400,0,paid_orders_09-03-2026_09-03-2026.xlsx,31,1499,300,1
upright:883288:sale,upright,shopgoodwill,sale,2026-09-03,883288,rustybear960,order,1100,0,paid_orders_09-03-2026_09-03-2026.xlsx,32,899,300,1
upright:883292:sale,upright,shopgoodwill,sale,2026-09-03,883292,goldenhound380,order,1200,0,paid_orders_09-03-2026_09-03-2026.xlsx,33,1499,300,1
upright:883294:sale,upright,shopgoodwill,sale,2026-09-03,883294,rustyfinds103,order,3400,0,paid_orders_09-03-2026_09-03-2026.xlsx,34,1299,300,1
upright:883361:sale,upright,shopgoodwill,sale,2026-09-04,883361,sunnymaple342,order,2400,0,paid_orders_09-03-2026_09-03-2026.xlsx,35,1499,300,1
upright:883372:sale,upright,shopgoodwill,sale,2026-09-04,883372,quietfinds384,order,1800,0,paid_orders_09-03-2026_09-03-2026.xlsx,36,1499,300,1
upright:883381:sale,upright,shopgoodwill,sale,2026-09-04,883381,luckymaple292,order,6100,0,paid_orders_09-03-2026_09-03-2026.xlsx,37,1299,300,1
upright:883298:sale,upright,shopgoodwill,sale,2026-09-04,883298,rustyfox244,order,2100,0,paid_orders_09-04-2026_09-04-2026.xlsx,1,1499,300,1
upright:883301:sale,upright,shopgoodwill,sale,2026-09-04,883301,bluehound944,order,500,0,paid_orders_09-04-2026_09-04-2026.xlsx,2,1099,300,1
upright:883303:sale,upright,shopgoodwill,sale,2026-09-04,883303,sunnyfox757,order,1600,0,paid_orders_09-04-2026_09-04-2026.xlsx,3,1499,300,1
upright:883304:sale,upright,shopgoodwill,sale,2026-09-04,883304,quiethound605,order,3300,0,paid_orders_09-04-2026_09-04-2026.xlsx,4,1499,300,1
upright:883306:sale,upright,shopgoodwill,sale,2026-09-04,883306,northbear59,order,3200,0,paid_orders_09-04-2026_09-04-2026.xlsx,5,1499,300,1
upright:883308:sale,upright,shopgoodwill,sale,2026-09-04,883308,retroriver350,order,1700,0,paid_orders_09-04-2026_09-04-2026.xlsx,6,1099,300,1
upright:883312:sale,upright,shopgoodwill,sale,2026-09-04,883312,quietmaple68,order,2400,0,paid_orders_09-04-2026_09-04-2026.xlsx,7,1499,300,1
upright:883316:sale,upright,shopgoodwill,sale,2026-09-04,883316,northowl354,order,1400,0,paid_orders_09-04-2026_09-04-2026.xlsx,8,1099,300,1
upright:883317:sale,upright,shopgoodwill,sale,2026-09-04,883317,swiftfox885,order,2600,0,paid_orders_09-04-2026_09-04-2026.xlsx,9,1499,300,1
upright:883318:sale,upright,shopgoodwill,sale,2026-09-04,883318,happydeals292,order,2700,0,paid_orders_09-04-2026_09-04-2026.xlsx,10,1499,300,1
upright:883319:sale,upright,shopgoodwill,sale,2026-09-04,883319,happymaple9,order,2100,0,paid_orders_09-04-2026_09-04-2026.xlsx,11,1099,300,1
upright:883320:sale,upright,shopgoodwill,sale,2026-09-04,883320,retrothrift752,order,1900,0,paid_orders_09-04-2026_09-04-2026.xlsx,12,1099,300,1
upright:883324:sale,upright,shopgoodwill,sale,2026-09-04,883324,sunnyfinds591,order,3400,0,paid_orders_09-04-2026_09-04-2026.xlsx,13,1299,300,1
upright:883327:sale,upright,shopgoodwill,sale,2026-09-04,883327,sunnymaple218,order,1800,0,paid_orders_09-04-2026_09-04-2026.xlsx,14,1099,300,1
upright:883330:sale,upright,shopgoodwill,sale,2026-09-04,883330,happyowl780,order,3700,0,paid_orders_09-04-2026_09-04-2026.xlsx,15,1299,300,1
upright:883334:sale,upright,shopgoodwill,sale,2026-09-04,883334,quietfinds999,order,2900,0,paid_orders_09-04-2026_09-04-2026.xlsx,16,899,300,1
upright:883337:sale,upright,shopgoodwill,sale,2026-09-04,883337,happypicker705,order,4900,0,paid_orders_09-04-2026_09-04-2026.xlsx,17,1299,300,1
upright:883340:sale,upright,shopgoodwill,sale,2026-09-04,883340,swiftpicker621,order,1900,0,paid_orders_09-04-2026_09-04-2026.xlsx,18,1499,300,1
upright:883341:sale,upright,shopgoodwill,sale,2026-09-04,883341,quietmaple465,order,1500,0,paid_orders_09-04-2026_09-04-2026.xlsx,19,1499,300,1
upright:883343:sale,upright,shopgoodwill,sale,2026-09-04,883343,bluepicker634,order,1200,0,paid_orders_09-04-2026_09-04-2026.xlsx,20,1299,300,1
upright:883344:sale,upright,shopgoodwill,sale,2026-09-04,883344,sunnyowl410,order,5400,0,paid_orders_09-04-2026_09-04-2026.xlsx,21,1099,300,1
upright:883346:sale,upright,shopgoodwill,sale,2026-09-04,883346,retrohound141,order,700,0,paid_orders_09-04-2026_09-04-2026.xlsx,22,899,300,1
upright:883349:sale,upright,shopgoodwill,sale,2026-09-04,883349,rustyowl451,order,600,0,paid_orders_09-04-2026_09-04-2026.xlsx,23,1299,300,1
upright:883352:sale,upright,shopgoodwill,sale,2026-09-04,883352,rustybear202,order,4300,0,paid_orders_09-04-2026_09-04-2026.xlsx,24,1499,300,1
upright:883355:sale,upright,shopgoodwill,sale,2026-09-04,883355,goldenfox575,order,4900,0,paid_orders_09-04-2026_09-04-2026.xlsx,25,899,300,1
upright:883358:sale,upright,shopgoodwill,sale,2026-09-04,883358,northriver733,order,2500,0,paid_orders_09-04-2026_09-04-2026.xlsx,26,1299,300,1
upright:883365:sale,upright,shopgoodwill,sale,2026-09-04,883365,swiftowl491,order,3200,0,paid_orders_09-04-2026_09-04-2026.xlsx,27,1499,300,1
upright:883368:sale,upright,shopgoodwill,sale,2026-09-04,883368,luckymaple347,order,1900,0,paid_orders_09-04-2026_09-04-2026.xlsx,28,1299,300,1
upright:883374:sale,upright,shopgoodwill,sale,2026-09-04,883374,northhound287,order,1700,0,paid_orders_09-04-2026_09-04-2026.xlsx,29,1299,300,1
upright:883375:sale,upright,shopgoodwill,sale,2026-09-04,883375,quietowl387,order,3500,0,paid_orders_09-04-2026_09-04-2026.xlsx,30,899,300,1
upright:883377:sale,upright,shopgoodwill,sale,2026-09-04,883377,northdeals658,order,3200,0,paid_orders_09-04-2026_09-04-2026.xlsx,31,899,300,1
upright:883384:sale,upright,shopgoodwill,sale,2026-09-04,883384,quietowl255,order,1800,0,paid_orders_09-04-2026_09-04-2026.xlsx,32,1099,300,1
upright:883388:sale,upright,shopgoodwill,sale,2026-09-04,883388,luckyfinds131,order,3000,0,paid_orders_09-04-2026_09-04-2026.xlsx,33,1499,300,1
upright:883391:sale,upright,shopgoodwill,sale,2026-09-04,883391,goldenhound559,order,13900,0,paid_orders_09-04-2026_09-04-2026.xlsx,34,1099,300,1
upright:883409:sale,upright,shopgoodwill,sale,2026-09-05,883409,luckydeals969,order,1600,0,paid_orders_09-04-2026_09-04-2026.xlsx,35,1099,300,1
upright:883421:sale,upright,shopgoodwill,sale,2026-09-05,883421,swiftfox885,order,2100,0,paid_orders_09-04-2026_09-04-2026.xlsx,36,899,300,1
upright:883450:sale,upright,shopgoodwill,sale,2026-09-05,883450,sunnyfinds844,order,7500,0,paid_orders_09-04-2026_09-04-2026.xlsx,37,1099,300,1
upright:883395:sale,upright,shopgoodwill,sale,2026-09-05,883395,bluefox645,order,4300,0,paid_orders_09-05-2026_09-05-2026.xlsx,1,1499,300,1
upright:883396:sale,upright,shopgoodwill,sale,2026-09-05,883396,sunnypicker573,order,4000,0,paid_orders_09-05-2026_09-05-2026.xlsx,2,1299,300,1
upright:883400:sale,upright,shopgoodwill,sale,2026-09-05,883400,luckyfox39,order,13400,0,paid_orders_09-05-2026_09-05-2026.xlsx,3,1099,300,1
upright:883403:sale,upright,shopgoodwill,sale,2026-09-05,883403,northdeals393,order,2400,0,paid_orders_09-05-2026_09-05-2026.xlsx,4,899,300,1
upright:883405:sale,upright,shopgoodwill,sale,2026-09-05,883405,quietthrift313,order,4400,0,paid_orders_09-05-2026_09-05-2026.xlsx,5,1099,300,1
upright:883413:sale,upright,shopgoodwill,sale,2026-09-05,883413,goldendeals798,order,7400,0,paid_orders_09-05-2026_09-05-2026.xlsx,6,899,300,1
upright:883415:sale,upright,shopgoodwill,sale,2026-09-05,883415,happyhound494,order,4600,0,paid_orders_09-05-2026_09-05-2026.xlsx,7,1499,300,1
upright:883416:sale,upright,shopgoodwill,sale,2026-09-05,883416,sunnymaple889,order,2100,0,paid_orders_09-05-2026_09-05-2026.xlsx,8,1099,300,1
upright:883419:sale,upright,shopgoodwill,sale,2026-09-05,883419,bluefox91,order,1700,0,paid_orders_09-05-2026_09-05-2026.xlsx,9,1499,300,1
upright:883420:sale,upright,shopgoodwill,sale,2026-09-05,883420,sunnyfinds591,order,1800,0,paid_orders_09-05-2026_09-05-2026.xlsx,10,1099,300,1
upright:883422:sale,upright,shopgoodwill,sale,2026-09-05,883422,rustyfinds694,order,1000,0,paid_orders_09-05-2026_09-05-2026.xlsx,11,1299,300,1
upright:883425:sale,upright,shopgoodwill,sale,2026-09-05,883425,luckyfox39,order,2300,0,paid_orders_09-05-2026_09-05-2026.xlsx,12,1299,300,1
upright:883427:sale,upright,shopgoodwill,sale,2026-09-05,883427,rustythrift768,order,900,0,paid_orders_09-05-2026_09-05-2026.xlsx,13,1299,300,1
upright:883430:sale,upright,shopgoodwill,sale,2026-09-05,883430,happydeals292,order,1300,0,paid_orders_09-05-2026_09-05-2026.xlsx,14,1099,300,1
upright:883432:sale,upright,shopgoodwill,sale,2026-09-05,883432,quietriver554,order,2700,0,paid_orders_09-05-2026_09-05-2026.xlsx,15,899,300,1
upright:883433:sale,upright,shopgoodwill,sale,2026-09-05,883433,happyowl530,order,6100,0,paid_orders_09-05-2026_09-05-2026.xlsx,16,899,300,1
upright:883437:sale,upright,shopgoodwill,sale,2026-09-05,883437,goldenthrift506,order,3800,0,paid_orders_09-05-2026_09-05-2026.xlsx,17,1099,300,1
upright:883438:sale,upright,shopgoodwill,sale,2026-09-05,883438,happyriver286,order,1400,0,paid_orders_09-05-2026_09-05-2026.xlsx,18,1299,300,1
upright:883440:sale,upright,shopgoodwill,sale,2026-09-05,883440,rustyfox765,order,4600,0,paid_orders_09-05-2026_09-05-2026.xlsx,19,899,300,1
upright:883442:sale,upright,shopgoodwill,sale,2026-09-05,883442,sunnyriver115,order,2600,0,paid_orders_09-05-2026_09-05-2026.xlsx,20,1099,300,1
upright:883443:sale,upright,shopgoodwill,sale,2026-09-05,883443,rustybear940,order,1200,0,paid_orders_09-05-2026_09-05-2026.xlsx,21,1099,300,1
upright:883447:sale,upright,shopgoodwill,sale,2026-09-05,883447,happybear910,order,5000,0,paid_orders_09-05-2026_09-05-2026.xlsx,22,1499,300,1
upright:883452:sale,upright,shopgoodwill,sale,2026-09-05,883452,sunnymaple931,order,8700,0,paid_orders_09-05-2026_09-05-2026.xlsx,23,899,300,1
upright:883454:sale,upright,shopgoodwill,sale,2026-09-05,883454,sunnybear258,order,900,0,paid_orders_09-05-2026_09-05-2026.xlsx,24,899,300,1
upright:883455:sale,upright,shopgoodwill,sale,2026-09-05,883455,rustymaple702,order,1000,0,paid_orders_09-05-2026_09-05-2026.xlsx,25,1299,300,1
upright:883458:sale,upright,shopgoodwill,sale,2026-09-05,883458,rustymaple702,order,3300,0,paid_orders_09-05-2026_09-05-2026.xlsx,26,1099,300,1
upright:883459:sale,upright,shopgoodwill,sale,2026-09-05,883459,swiftfinds234,order,7400,0,paid_orders_09-05-2026_09-05-2026.xlsx,27,899,300,1
upright:883462:sale,upright,shopgoodwill,sale,2026-09-05,883462,quietriver207,order,3100,0,paid_orders_09-05-2026_09-05-2026.xlsx,28,1499,300,1
upright:883464:sale,upright,shopgoodwill,sale,2026-09-05,883464,retromaple52,order,1800,0,paid_orders_09-05-2026_09-05-2026.xlsx,29,1499,300,1
upright:883467:sale,upright,shopgoodwill,sale,2026-09-05,883467,sunnyfinds665,order,4700,0,paid_orders_09-05-2026_09-05-2026.xlsx,30,1499,300,1
upright:883468:sale,upright,shopgoodwill,sale,2026-09-05,883468,quietthrift313,order,600,0,paid_orders_09-05-2026_09-05-2026.xlsx,31,1499,300,1
upright:883472:sale,upright,shopgoodwill,sale,2026-09-05,883472,sunnybear338,order,4800,0,paid_orders_09-05-2026_09-05-2026.xlsx,32,899,300,1
upright:883474:sale,upright,shopgoodwill,sale,2026-09-06,883474,rustymaple702,order,5900,0,paid_orders_09-06-2026_09-06-2026.xlsx,1,1099,300,1
upright:883476:sale,upright,shopgoodwill,sale,2026-09-06,883476,rustybear248,order,2500,0,paid_orders_09-06-2026_09-06-2026.xlsx,2,1099,300,1
upright:883480:sale,upright,shopgoodwill,sale,2026-09-06,883480,bluehound170,order,4500,0,paid_orders_09-06-2026_09-06-2026.xlsx,3,1299,300,1
upright:883481:sale,upright,shopgoodwill,sale,2026-09-06,883481,retrothrift571,order,2400,0,paid_orders_09-06-2026_09-06-2026.xlsx,4,1099,300,1
upright:883485:sale,upright,shopgoodwill,sale,2026-09-06,883485,happyfox155,order,1500,0,paid_orders_09-06-2026_09-06-2026.xlsx,5,1499,300,1
upright:883489:sale,upright,shopgoodwill,sale,2026-09-06,883489,swiftfox947,order,3200,0,paid_orders_09-06-2026_09-06-2026.xlsx,6,1099,300,1
upright:883490:sale,upright,shopgoodwill,sale,2026-09-06,883490,luckyriver25,order,3800,0,paid_orders_09-06-2026_09-06-2026.xlsx,7,1499,300,1
upright:883493:sale,upright,shopgoodwill,sale,2026-09-06,883493,quietowl201,order,1800,0,paid_orders_09-06-2026_09-06-2026.xlsx,8,1299,300,1
upright:883496:sale,upright,shopgoodwill,sale,2026-09-06,883496,retrothrift613,order,7100,0,paid_orders_09-06-2026_09-06-2026.xlsx,9,1499,300,1
upright:883499:sale,upright,shopgoodwill,sale,2026-09-06,883499,sunnythrift739,order,2700,0,paid_orders_09-06-2026_09-06-2026.xlsx,10,1099,300,1
upright:883503:sale,upright,shopgoodwill,sale,2026-09-06,883503,happypicker852,order,3400,0,paid_orders_09-06-2026_09-06-2026.xlsx,11,899,300,1
upright:883507:sale,upright,shopgoodwill,sale,2026-09-06,883507,goldenhound277,order,1800,0,paid_orders_09-06-2026_09-06-2026.xlsx,12,1299,300,1
upright:883509:sale,upright,shopgoodwill,sale,2026-09-06,883509,northpicker925,order,2600,0,paid_orders_09-06-2026_09-06-2026.xlsx,13,899,300,1
upright:883512:sale,upright,shopgoodwill,sale,2026-09-06,883512,swiftmaple442,order,2000,0,paid_orders_09-06-2026_09-06-2026.xlsx,14,1499,300,1
upright:883514:sale,upright,shopgoodwill,sale,2026-09-06,883514,quietriver270,order,3400,0,paid_orders_09-06-2026_09-06-2026.xlsx,15,1299,300,1
upright:883515:sale,upright,shopgoodwill,sale,2026-09-06,883515,goldenowl339,order,700,0,paid_orders_09-06-2026_09-06-2026.xlsx,16,1499,300,1
upright:883516:sale,upright,shopgoodwill,sale,2026-09-06,883516,retrofox929,order,3500,0,paid_orders_09-06-2026_09-06-2026.xlsx,17,1099,300,1
upright:883518:sale,upright,shopgoodwill,sale,2026-09-06,883518,quietfinds697,order,1800,0,paid_orders_09-06-2026_09-06-2026.xlsx,18,1099,300,1
upright:883520:sale,upright,shopgoodwill,sale,2026-09-06,883520,swiftmaple653,order,6500,0,paid_orders_09-06-2026_09-06-2026.xlsx,19,1099,300,1
upright:883522:sale,upright,shopgoodwill,sale,2026-09-06,883522,happymaple9,order,1700,0,paid_orders_09-06-2026_09-06-2026.xlsx,20,1299,300,1
upright:883525:sale,upright,shopgoodwill,sale,2026-09-06,883525,happypicker219,order,1300,0,paid_orders_09-06-2026_09-06-2026.xlsx,21,899,300,1
upright:883529:sale,upright,shopgoodwill,sale,2026-09-06,883529,quietdeals153,order,500,0,paid_orders_09-06-2026_09-06-2026.xlsx,22,899,300,1
upright:883533:sale,upright,shopgoodwill,sale,2026-09-06,883533,quietriver270,order,5000,0,paid_orders_09-06-2026_09-06-2026.xlsx,23,1499,300,1
upright:883536:sale,upright,shopgoodwill,sale,2026-09-06,883536,northriver733,order,6900,0,paid_orders_09-06-2026_09-06-2026.xlsx,24,1499,300,1
upright:883539:sale,upright,shopgoodwill,sale,2026-09-06,883539,retropicker448,order,1400,0,paid_orders_09-06-2026_09-06-2026.xlsx,25,1099,300,1
upright:883542:sale,upright,shopgoodwill,sale,2026-09-06,883542,sunnyowl410,order,6400,0,paid_orders_09-06-2026_09-06-2026.xlsx,26,1299,300,1
upright:883546:sale,upright,shopgoodwill,sale,2026-09-06,883546,retrothrift613,order,3100,0,paid_orders_09-06-2026_09-06-2026.xlsx,27,1099,300,1
upright:883548:sale,upright,shopgoodwill,sale,2026-09-06,883548,goldenhound930,order,3100,0,paid_orders_09-06-2026_09-06-2026.xlsx,28,1299,300,1
upright:883552:sale,upright,shopgoodwill,sale,2026-09-06,883552,retrofox189,order,3900,0,paid_orders_09-06-2026_09-06-2026.xlsx,29,1299,300,1
upright:883553:sale,upright,shopgoodwill,sale,2026-09-06,883553,happypicker852,order,2900,0,paid_orders_09-06-2026_09-06-2026.xlsx,30,899,300,1
upright:883554:sale,upright,shopgoodwill,sale,2026-09-06,883554,northdeals658,order,4800,0,paid_orders_09-06-2026_09-06-2026.xlsx,31,1499,300,1
upright:883558:sale,upright,shopgoodwill,sale,2026-09-06,883558,goldenbear150,order,3200,0,paid_orders_09-06-2026_09-06-2026.xlsx,32,1099,300,1
upright:883562:sale,upright,shopgoodwill,sale,2026-09-06,883562,rustyriver353,order,6000,0,paid_orders_09-06-2026_09-06-2026.xlsx,33,1099,300,1
upright:883564:sale,upright,shopgoodwill,sale,2026-09-06,883564,swiftmaple442,order,1800,0,paid_orders_09-06-2026_09-06-2026.xlsx,34,1099,300,1
upright:883568:sale,upright,shopgoodwill,sale,2026-09-06,883568,retrohound328,order,1800,0,paid_orders_09-06-2026_09-06-2026.xlsx,35,1499,300,1
upright:883570:sale,upright,shopgoodwill,sale,2026-09-06,883570,sunnyfox556,order,2900,0,paid_orders_09-06-2026_09-06-2026.xlsx,36,1499,300,1
upright:883571:sale,upright,shopgoodwill,sale,2026-09-06,883571,rustybear960,order,3500,0,paid_orders_09-06-2026_09-06-2026.xlsx,37,899,300,1
upright:883574:sale,upright,shopgoodwill,sale,2026-09-06,883574,bluefox645,order,4600,0,paid_orders_09-06-2026_09-06-2026.xlsx,38,899,300,1
upright:883578:sale,upright,shopgoodwill,sale,2026-09-06,883578,bluethrift664,order,3700,0,paid_orders_09-06-2026_09-06-2026.xlsx,39,899,300,1
upright:883579:sale,upright,shopgoodwill,sale,2026-09-06,883579,sunnyfox622,order,1100,0,paid_orders_09-06-2026_09-06-2026.xlsx,40,1499,300,1
upright:883582:sale,upright,shopgoodwill,sale,2026-09-06,883582,rustythrift48,order,18900,0,paid_orders_09-06-2026_09-06-2026.xlsx,41,1499,300,1
upright:883670:sale,upright,shopgoodwill,sale,2026-09-08,883670,bluehound290,order,3900,0,paid_orders_09-08-2026_09-08-2026.xlsx,1,1099,300,1
upright:883671:sale,upright,shopgoodwill,sale,2026-09-08,883671,happydeals149,order,3400,0,paid_orders_09-08-2026_09-08-2026.xlsx,2,899,300,1
upright:883675:sale,upright,shopgoodwill,sale,2026-09-08,883675,happydeals583,order,500,0,paid_orders_09-08-2026_09-08-2026.xlsx,3,1499,300,1
upright:883677:sale,upright,shopgoodwill,sale,2026-09-08,883677,happydeals149,order,4200,0,paid_orders_09-08-2026_09-08-2026.xlsx,4,899,300,1
upright:883679:sale,upright,shopgoodwill,sale,2026-09-08,883679,sunnypicker573,order,2300,0,paid_orders_09-08-2026_09-08-2026.xlsx,5,1299,300,1
upright:883683:sale,upright,shopgoodwill,sale,2026-09-08,883683,rustybear248,order,1500,0,paid_orders_09-08-2026_09-08-2026.xlsx,6,899,300,1
upright:883686:sale,upright,shopgoodwill,sale,2026-09-08,883686,retrothrift752,order,1500,0,paid_orders_09-08-2026_09-08-2026.xlsx,7,1099,300,1
upright:883690:sale,upright,shopgoodwill,sale,2026-09-08,883690,swiftowl491,order,2900,0,paid_orders_09-08-2026_09-08-2026.xlsx,8,1499,300,1
upright:883692:sale,upright,shopgoodwill,sale,2026-09-08,883692,quietbear853,order,2500,0,paid_orders_09-08-2026_09-08-2026.xlsx,9,1299,300,1
upright:883696:sale,upright,shopgoodwill,sale,2026-09-08,883696,swiftdeals627,order,2200,0,paid_orders_09-08-2026_09-08-2026.xlsx,10,1499,300,1
upright:883701:sale,upright,shopgoodwill,sale,2026-09-08,883701,norththrift292,order,2500,0,paid_orders_09-08-2026_09-08-2026.xlsx,11,1099,300,1
upright:883704:sale,upright,shopgoodwill,sale,2026-09-08,883704,sunnymaple889,order,3000,0,paid_orders_09-08-2026_09-08-2026.xlsx,12,1099,300,1
upright:883706:sale,upright,shopgoodwill,sale,2026-09-08,883706,northbear492,order,1600,0,paid_orders_09-08-2026_09-08-2026.xlsx,13,1299,300,1
upright:883709:sale,upright,shopgoodwill,sale,2026-09-08,883709,swiftmaple442,order,7000,0,paid_orders_09-08-2026_09-08-2026.xlsx,14,899,300,1
upright:883712:sale,upright,shopgoodwill,sale,2026-09-08,883712,luckybear997,order,4500,0,paid_orders_09-08-2026_09-08-2026.xlsx,15,1099,300,1
upright:883713:sale,upright,shopgoodwill,sale,2026-09-08,883713,sunnymaple931,order,1100,0,paid_orders_09-08-2026_09-08-2026.xlsx,16,1499,300,1
upright:883716:sale,upright,shopgoodwill,sale,2026-09-08,883716,sunnyowl410,order,700,0,paid_orders_09-08-2026_09-08-2026.xlsx,17,1299,300,1
upright:883720:sale,upright,shopgoodwill,sale,2026-09-08,883720,sunnyfox556,order,3200,0,paid_orders_09-08-2026_09-08-2026.xlsx,18,1099,300,1
upright:883721:sale,upright,shopgoodwill,sale,2026-09-08,883721,happyfinds531,order,1000,0,paid_orders_09-08-2026_09-08-2026.xlsx,19,899,300,1
upright:883724:sale,upright,shopgoodwill,sale,2026-09-08,883724,goldenfinds169,order,2400,0,paid_orders_09-08-2026_09-08-2026.xlsx,20,1499,300,1
upright:883725:sale,upright,shopgoodwill,sale,2026-09-08,883725,retroowl844,order,1700,0,paid_orders_09-08-2026_09-08-2026.xlsx,21,1099,300,1
upright:883728:sale,upright,shopgoodwill,sale,2026-09-08,883728,quietthrift313,order,2200,0,paid_orders_09-08-2026_09-08-2026.xlsx,22,899,300,1
upright:883731:sale,upright,shopgoodwill,sale,2026-09-08,883731,bluehound290,order,2000,0,paid_orders_09-08-2026_09-08-2026.xlsx,23,1499,300,1
upright:883734:sale,upright,shopgoodwill,sale,2026-09-08,883734,quietowl255,order,5800,0,paid_orders_09-08-2026_09-08-2026.xlsx,24,1099,300,1
upright:883737:sale,upright,shopgoodwill,sale,2026-09-08,883737,swifthound540,order,2100,0,paid_orders_09-08-2026_09-08-2026.xlsx,25,899,300,1
upright:883738:sale,upright,shopgoodwill,sale,2026-09-08,883738,quietowl201,order,600,0,paid_orders_09-08-2026_09-08-2026.xlsx,26,1499,300,1
upright:883742:sale,upright,shopgoodwill,sale,2026-09-08,883742,quiethound605,order,4000,0,paid_orders_09-08-2026_09-08-2026.xlsx,27,899,300,1
upright:883746:sale,upright,shopgoodwill,sale,2026-09-08,883746,luckydeals969,order,2500,0,paid_orders_09-08-2026_09-08-2026.xlsx,28,1499,300,1
upright:883750:sale,upright,shopgoodwill,sale,2026-09-08,883750,retrofox929,order,3100,0,paid_orders_09-08-2026_09-08-2026.xlsx,29,1099,300,1
upright:883756:sale,upright,shopgoodwill,sale,2026-09-08,883756,happypicker852,order,2700,0,paid_orders_09-08-2026_09-08-2026.xlsx,30,1299,300,1
upright:883761:sale,upright,shopgoodwill,sale,2026-09-08,883761,happyowl698,order,4500,0,paid_orders_09-08-2026_09-08-2026.xlsx,31,1099,300,1
upright:883764:sale,upright,shopgoodwill,sale,2026-09-08,883764,luckyfinds317,order,4600,0,paid_orders_09-08-2026_09-08-2026.xlsx,32,1299,300,1
upright:883768:sale,upright,shopgoodwill,sale,2026-09-08,883768,goldenthrift189,order,3200,0,paid_orders_09-08-2026_09-08-2026.xlsx,33,1299,300,1
upright:883771:sale,upright,shopgoodwill,sale,2026-09-08,883771,sunnyfinds636,order,1400,0,paid_orders_09-08-2026_09-08-2026.xlsx,34,1499,300,1
upright:883774:sale,upright,shopgoodwill,sale,2026-09-09,883774,rustyowl451,order,4700,0,paid_orders_09-09-2026_09-09-2026.xlsx,1,1099,300,1
upright:883777:sale,upright,shopgoodwill,sale,2026-09-09,883777,retrofinds594,order,1400,0,paid_orders_09-09-2026_09-09-2026.xlsx,2,1499,300,1
upright:883779:sale,upright,shopgoodwill,sale,2026-09-09,883779,quietbear896,order,2900,0,paid_orders_09-09-2026_09-09-2026.xlsx,3,1299,300,1
upright:883780:sale,upright,shopgoodwill,sale,2026-09-09,883780,happymaple239,order,3400,0,paid_orders_09-09-2026_09-09-2026.xlsx,4,899,300,1
upright:883783:sale,upright,shopgoodwill,sale,2026-09-09,883783,swiftfinds597,order,2200,0,paid_orders_09-09-2026_09-09-2026.xlsx,5,1299,300,1
upright:883784:sale,upright,shopgoodwill,sale,2026-09-09,883784,sunnydeals740,order,6900,0,paid_orders_09-09-2026_09-09-2026.xlsx,6,1299,300,1
upright:883788:sale,upright,shopgoodwill,sale,2026-09-09,883788,rustybear940,order,3700,0,paid_orders_09-09-2026_09-09-2026.xlsx,7,899,300,1
upright:883792:sale,upright,shopgoodwill,sale,2026-09-09,883792,retrodeals240,order,3100,0,paid_orders_09-09-2026_09-09-2026.xlsx,8,1299,300,1
upright:883793:sale,upright,shopgoodwill,sale,2026-09-09,883793,northbear492,order,600,0,paid_orders_09-09-2026_09-09-2026.xlsx,9,899,300,1
upright:883796:sale,upright,shopgoodwill,sale,2026-09-09,883796,quietbear763,order,12000,0,paid_orders_09-09-2026_09-09-2026.xlsx,10,899,300,1
upright:883800:sale,upright,shopgoodwill,sale,2026-09-09,883800,retroriver346,order,2500,0,paid_orders_09-09-2026_09-09-2026.xlsx,11,1299,300,1
upright:883803:sale,upright,shopgoodwill,sale,2026-09-09,883803,goldenthrift506,order,4500,0,paid_orders_09-09-2026_09-09-2026.xlsx,12,1099,300,1
upright:883806:sale,upright,shopgoodwill,sale,2026-09-09,883806,luckybear997,order,1300,0,paid_orders_09-09-2026_09-09-2026.xlsx,13,1099,300,1
upright:883808:sale,upright,shopgoodwill,sale,2026-09-09,883808,happyfinds531,order,1800,0,paid_orders_09-09-2026_09-09-2026.xlsx,14,1299,300,1
upright:883809:sale,upright,shopgoodwill,sale,2026-09-09,883809,retrohound328,order,3600,0,paid_orders_09-09-2026_09-09-2026.xlsx,15,899,300,1
upright:883811:sale,upright,shopgoodwill,sale,2026-09-09,883811,sunnypicker573,order,1300,0,paid_orders_09-09-2026_09-09-2026.xlsx,16,1099,300,1
upright:883815:sale,upright,shopgoodwill,sale,2026-09-09,883815,sunnyfox590,order,1500,0,paid_orders_09-09-2026_09-09-2026.xlsx,17,1499,300,1
upright:883816:sale,upright,shopgoodwill,sale,2026-09-09,883816,happyowl916,order,8200,0,paid_orders_09-09-2026_09-09-2026.xlsx,18,1299,300,1
upright:883820:sale,upright,shopgoodwill,sale,2026-09-09,883820,retrohound328,order,6300,0,paid_orders_09-09-2026_09-09-2026.xlsx,19,1299,300,1
upright:883822:sale,upright,shopgoodwill,sale,2026-09-09,883822,rustyfinds103,order,5100,0,paid_orders_09-09-2026_09-09-2026.xlsx,20,899,300,1
upright:883824:sale,upright,shopgoodwill,sale,2026-09-09,883824,swifthound696,order,1600,0,paid_orders_09-09-2026_09-09-2026.xlsx,21,1499,300,1
upright:883825:sale,upright,shopgoodwill,sale,2026-09-09,883825,goldenhound106,order,3100,0,paid_orders_09-09-2026_09-09-2026.xlsx,22,1499,300,1
upright:883829:sale,upright,shopgoodwill,sale,2026-09-09,883829,retrohound328,order,10400,0,paid_orders_09-09-2026_09-09-2026.xlsx,23,1099,300,1
upright:883833:sale,upright,shopgoodwill,sale,2026-09-09,883833,northbear492,order,1400,0,paid_orders_09-09-2026_09-09-2026.xlsx,24,1099,300,1
upright:883836:sale,upright,shopgoodwill,sale,2026-09-09,883836,quietpicker145,order,3100,0,paid_orders_09-09-2026_09-09-2026.xlsx,25,1299,300,1
upright:883840:sale,upright,shopgoodwill,sale,2026-09-09,883840,sunnypicker821,order,2800,0,paid_orders_09-09-2026_09-09-2026.xlsx,26,899,300,1
upright:883841:sale,upright,shopgoodwill,sale,2026-09-09,883841,swiftpicker956,order,500,0,paid_orders_09-09-2026_09-09-2026.xlsx,27,1499,300,1
upright:883842:sale,upright,shopgoodwill,sale,2026-09-09,883842,sunnyfox622,order,8600,0,paid_orders_09-09-2026_09-09-2026.xlsx,28,899,300,1
upright:883932:sale,upright,shopgoodwill,sale,2026-09-10,883932,swiftfox885,order,3700,0,paid_orders_09-09-2026_09-09-2026.xlsx,29,1099,300,1
upright:883844:sale,upright,shopgoodwill,sale,2026-09-10,883844,swiftfinds234,order,4300,0,paid_orders_09-10-2026_09-10-2026.xlsx,1,899,300,1
upright:883846:sale,upright,shopgoodwill,sale,2026-09-10,883846,goldenfinds282,order,1200,0,paid_orders_09-10-2026_09-10-2026.xlsx,2,1499,300,1
upright:883849:sale,upright,shopgoodwill,sale,2026-09-10,883849,swiftdeals627,order,2700,0,paid_orders_09-10-2026_09-10-2026.xlsx,3,1099,300,1
upright:883850:sale,upright,shopgoodwill,sale,2026-09-10,883850,happyowl780,order,2200,0,paid_orders_09-10-2026_09-10-2026.xlsx,4,1499,300,1
upright:883852:sale,upright,shopgoodwill,sale,2026-09-10,883852,norththrift327,order,7900,0,paid_orders_09-10-2026_09-10-2026.xlsx,5,899,300,1
upright:883854:sale,upright,shopgoodwill,sale,2026-09-10,883854,bluedeals937,order,5300,0,paid_orders_09-10-2026_09-10-2026.xlsx,6,1299,300,1
upright:883856:sale,upright,shopgoodwill,sale,2026-09-10,883856,bluethrift664,order,4800,0,paid_orders_09-10-2026_09-10-2026.xlsx,7,1499,300,1
upright:883858:sale,upright,shopgoodwill,sale,2026-09-10,883858,retrofox945,order,6700,0,paid_orders_09-10-2026_09-10-2026.xlsx,8,1099,300,1
upright:883862:sale,upright,shopgoodwill,sale,2026-09-10,883862,sunnybear338,order,1400,0,paid_orders_09-10-2026_09-10-2026.xlsx,9,1499,300,1
upright:883865:sale,upright,shopgoodwill,sale,2026-09-10,883865,retrothrift571,order,600,0,paid_orders_09-10-2026_09-10-2026.xlsx,10,1299,300,1
upright:883867:sale,upright,shopgoodwill,sale,2026-09-10,883867,retrothrift613,order,4400,0,paid_orders_09-10-2026_09-10-2026.xlsx,11,1299,300,1
upright:883869:sale,upright,shopgoodwill,sale,2026-09-10,883869,retroriver331,order,2200,0,paid_orders_09-10-2026_09-10-2026.xlsx,12,1099,300,1
upright:883870:sale,upright,shopgoodwill,sale,2026-09-10,883870,bluethrift664,order,2500,0,paid_orders_09-10-2026_09-10-2026.xlsx,13,899,300,1
upright:883872:sale,upright,shopgoodwill,sale,2026-09-10,883872,quietdeals751,order,2300,0,paid_orders_09-10-2026_09-10-2026.xlsx,14,1499,300,1
upright:883876:sale,upright,shopgoodwill,sale,2026-09-10,883876,rustyhound958,order,2000,0,paid_orders_09-10-2026_09-10-2026.xlsx,15,1299,300,1
upright:883877:sale,upright,shopgoodwill,sale,2026-09-10,883877,quietowl201,order,6400,0,paid_orders_09-10-2026_09-10-2026.xlsx,16,1299,300,1
upright:883879:sale,upright,shopgoodwill,sale,2026-09-10,883879,blueowl393,order,2800,0,paid_orders_09-10-2026_09-10-2026.xlsx,17,1499,300,1
upright:883881:sale,upright,shopgoodwill,sale,2026-09-10,883881,rustythrift48,order,1800,0,paid_orders_09-10-2026_09-10-2026.xlsx,18,1099,300,1
upright:883882:sale,upright,shopgoodwill,sale,2026-09-10,883882,blueriver129,order,2100,0,paid_orders_09-10-2026_09-10-2026.xlsx,19,899,300,1
upright:883886:sale,upright,shopgoodwill,sale,2026-09-10,883886,luckydeals227,order,1900,0,paid_orders_09-10-2026_09-10-2026.xlsx,20,899,300,1
upright:883887:sale,upright,shopgoodwill,sale,2026-09-10,883887,quiethound911,order,9400,0,paid_orders_09-10-2026_09-10-2026.xlsx,21,1299,300,1
upright:883888:sale,upright,shopgoodwill,sale,2026-09-10,883888,swifthound718,order,2500,0,paid_orders_09-10-2026_09-10-2026.xlsx,22,899,300,1
upright:883890:sale,upright,shopgoodwill,sale,2026-09-10,883890,quietfox686,order,1400,0,paid_orders_09-10-2026_09-10-2026.xlsx,23,899,300,1
upright:883894:sale,upright,shopgoodwill,sale,2026-09-10,883894,goldendeals798,order,2100,0,paid_orders_09-10-2026_09-10-2026.xlsx,24,899,300,1
upright:883897:sale,upright,shopgoodwill,sale,2026-09-10,883897,happyfox570,order,1200,0,paid_orders_09-10-2026_09-10-2026.xlsx,25,1499,300,1
upright:883900:sale,upright,shopgoodwill,sale,2026-09-10,883900,quietriver207,order,1900,0,paid_orders_09-10-2026_09-10-2026.xlsx,26,1099,300,1
upright:883903:sale,upright,shopgoodwill,sale,2026-09-10,883903,swiftthrift661,order,2400,0,paid_orders_09-10-2026_09-10-2026.xlsx,27,899,300,1
upright:883906:sale,upright,shopgoodwill,sale,2026-09-10,883906,swiftpicker621,order,2200,0,paid_orders_09-10-2026_09-10-2026.xlsx,28,1499,300,1
upright:883907:sale,upright,shopgoodwill,sale,2026-09-10,883907,goldenthrift506,order,2200,0,paid_orders_09-10-2026_09-10-2026.xlsx,29,1499,300,1
upright:883909:sale,upright,shopgoodwill,sale,2026-09-10,883909,swiftowl391,order,3100,0,paid_orders_09-10-2026_09-10-2026.xlsx,30,899,300,1
upright:883911:sale,upright,shopgoodwill,sale,2026-09-10,883911,northdeals393,order,4100,0,paid_orders_09-10-2026_09-10-2026.xlsx,31,1099,300,1
upright:883914:sale,upright,shopgoodwill,sale,2026-09-10,883914,quietmaple192,order,2100,0,paid_orders_09-10-2026_09-10-2026.xlsx,32,1099,300,1
upright:883915:sale,upright,shopgoodwill,sale,2026-09-10,883915,rustymaple994,order,900,0,paid_orders_09-10-2026_09-10-2026.xlsx,33,1099,300,1
upright:883918:sale,upright,shopgoodwill,sale,2026-09-10,883918,rustyfox594,order,6300,0,paid_orders_09-10-2026_09-10-2026.xlsx,34,1099,300,1
upright:883920:sale,upright,shopgoodwill,sale,2026-09-10,883920,bluethrift816,order,2000,0,paid_orders_09-10-2026_09-10-2026.xlsx,35,1299,300,1
upright:883921:sale,upright,shopgoodwill,sale,2026-09-10,883921,quietriver554,order,1200,0,paid_orders_09-10-2026_09-10-2026.xlsx,36,1299,300,1
upright:883923:sale,upright,shopgoodwill,sale,2026-09-10,883923,rustythrift50,order,5900,0,paid_orders_09-10-2026_09-10-2026.xlsx,37,1099,300,1
upright:883925:sale,upright,shopgoodwill,sale,2026-09-10,883925,retroriver972,order,2900,0,paid_orders_09-10-2026_09-10-2026.xlsx,38,1099,300,1
upright:883929:sale,upright,shopgoodwill,sale,2026-09-10,883929,rustymaple86,order,2800,0,paid_orders_09-10-2026_09-10-2026.xlsx,39,1499,300,1
upright:883931:sale,upright,shopgoodwill,sale,2026-09-10,883931,happyriver753,order,2200,0,paid_orders_09-10-2026_09-10-2026.xlsx,40,899,300,1
upright:883935:sale,upright,shopgoodwill,sale,2026-09-10,883935,luckymaple347,order,2300,0,paid_orders_09-10-2026_09-10-2026.xlsx,41,1499,300,1
upright:883937:sale,upright,shopgoodwill,sale,2026-09-10,883937,swiftmaple653,order,4700,0,paid_orders_09-10-2026_09-10-2026.xlsx,42,1099,300,1
upright:883939:sale,upright,shopgoodwill,sale,2026-09-10,883939,quietfinds384,order,1100,0,paid_orders_09-10-2026_09-10-2026.xlsx,43,899,300,1
upright:883941:sale,upright,shopgoodwill,sale,2026-09-10,883941,quietpicker145,order,2900,0,paid_orders_09-10-2026_09-10-2026.xlsx,44,1499,300,1
upright:883944:sale,upright,shopgoodwill,sale,2026-09-10,883944,blueowl393,order,3600,0,paid_orders_09-10-2026_09-10-2026.xlsx,45,899,300,1
upright:883958:sale,upright,shopgoodwill,sale,2026-09-11,883958,happydeals661,order,3000,0,paid_orders_09-10-2026_09-10-2026.xlsx,46,1099,300,1
upright:883982:sale,upright,shopgoodwill,sale,2026-09-11,883982,rustyhound958,order,2200,0,paid_orders_09-10-2026_09-10-2026.xlsx,47,899,300,1
upright:883999:sale,upright,shopgoodwill,sale,2026-09-11,883999,happyhound494,order,4500,0,paid_orders_09-10-2026_09-10-2026.xlsx,48,1499,300,1
upright:884010:sale,upright,shopgoodwill,sale,2026-09-11,884010,rustybear248,order,2100,0,paid_orders_09-10-2026_09-10-2026.xlsx,49,1499,300,1
upright:884063:sale,upright,shopgoodwill,sale,2026-09-11,884063,swifthound771,order,1000,0,paid_orders_09-10-2026_09-10-2026.xlsx,50,1299,300,1
upright:884067:sale,upright,shopgoodwill,sale,2026-09-11,884067,rustybear248,order,15600,0,paid_orders_09-10-2026_09-10-2026.xlsx,51,899,300,1
upright:884068:sale,upright,shopgoodwill,sale,2026-09-11,884068,goldenfox108,order,3700,0,paid_orders_09-10-2026_09-10-2026.xlsx,52,1099,300,1
upright:883945:sale,upright,shopgoodwill,sale,2026-09-11,883945,norththrift292,order,1300,0,paid_orders_09-11-2026_09-11-2026.xlsx,1,1499,300,1
upright:883946:sale,upright,shopgoodwill,sale,2026-09-11,883946,swiftfinds597,order,1500,0,paid_orders_09-11-2026_09-11-2026.xlsx,2,1099,300,1
upright:883947:sale,upright,shopgoodwill,sale,2026-09-11,883947,goldenbear150,order,5400,0,paid_orders_09-11-2026_09-11-2026.xlsx,3,1299,300,1
upright:883948:sale,upright,shopgoodwill,sale,2026-09-11,883948,retrothrift571,order,1300,0,paid_orders_09-11-2026_09-11-2026.xlsx,4,1499,300,1
upright:883951:sale,upright,shopgoodwill,sale,2026-09-11,883951,happybear910,order,3300,0,paid_orders_09-11-2026_09-11-2026.xlsx,5,1099,300,1
upright:883953:sale,upright,shopgoodwill,sale,2026-09-11,883953,retrodeals240,order,7000,0,paid_orders_09-11-2026_09-11-2026.xlsx,6,1499,300,1
upright:883954:sale,upright,shopgoodwill,sale,2026-09-11,883954,happythrift947,order,5500,0,paid_orders_09-11-2026_09-11-2026.xlsx,7,1099,300,1
upright:883959:sale,upright,shopgoodwill,sale,2026-09-11,883959,happyhound211,order,4000,0,paid_orders_09-11-2026_09-11-2026.xlsx,8,1099,300,1
upright:883960:sale,upright,shopgoodwill,sale,2026-09-11,883960,happythrift947,order,3800,0,paid_orders_09-11-2026_09-11-2026.xlsx,9,1299,300,1
upright:883962:sale,upright,shopgoodwill,sale,2026-09-11,883962,sunnymaple460,order,1500,0,paid_orders_09-11-2026_09-11-2026.xlsx,10,1299,300,1
upright:883966:sale,upright,shopgoodwill,sale,2026-09-11,883966,retrodeals952,order,1700,0,paid_orders_09-11-2026_09-11-2026.xlsx,11,1299,300,1
upright:883969:sale,upright,shopgoodwill,sale,2026-09-11,883969,swiftthrift661,order,1100,0,paid_orders_09-11-2026_09-11-2026.xlsx,12,1099,300,1
upright:883973:sale,upright,shopgoodwill,sale,2026-09-11,883973,sunnypicker821,order,2700,0,paid_orders_09-11-2026_09-11-2026.xlsx,13,899,300,1
upright:883977:sale,upright,shopgoodwill,sale,2026-09-11,883977,swiftfox837,order,1900,0,paid_orders_09-11-2026_09-11-2026.xlsx,14,1299,300,1
upright:883978:sale,upright,shopgoodwill,sale,2026-09-11,883978,quietowl201,order,900,0,paid_orders_09-11-2026_09-11-2026.xlsx,15,1499,300,1
upright:883984:sale,upright,shopgoodwill,sale,2026-09-11,883984,goldenowl339,order,4000,0,paid_orders_09-11-2026_09-11-2026.xlsx,16,1499,300,1
upright:883988:sale,upright,shopgoodwill,sale,2026-09-11,883988,bluehound115,order,4300,0,paid_orders_09-11-2026_09-11-2026.xlsx,17,1499,300,1
upright:883991:sale,upright,shopgoodwill,sale,2026-09-11,883991,goldenbear150,order,8000,0,paid_orders_09-11-2026_09-11-2026.xlsx,18,1299,300,1
upright:883994:sale,upright,shopgoodwill,sale,2026-09-11,883994,luckypicker932,order,2600,0,paid_orders_09-11-2026_09-11-2026.xlsx,19,1499,300,1
upright:883996:sale,upright,shopgoodwill,sale,2026-09-11,883996,goldenfinds90,order,3300,0,paid_orders_09-11-2026_09-11-2026.xlsx,20,1099,300,1
upright:884000:sale,upright,shopgoodwill,sale,2026-09-11,884000,happyhound211,order,1800,0,paid_orders_09-11-2026_09-11-2026.xlsx,21,899,300,1
upright:884001:sale,upright,shopgoodwill,sale,2026-09-11,884001,swiftmaple677,order,2200,0,paid_orders_09-11-2026_09-11-2026.xlsx,22,899,300,1
upright:884003:sale,upright,shopgoodwill,sale,2026-09-11,884003,northbear492,order,2700,0,paid_orders_09-11-2026_09-11-2026.xlsx,23,899,300,1
upright:884004:sale,upright,shopgoodwill,sale,2026-09-11,884004,rustyfox244,order,700,0,paid_orders_09-11-2026_09-11-2026.xlsx,24,1299,300,1
upright:884005:sale,upright,shopgoodwill,sale,2026-09-11,884005,northowl969,order,1600,0,paid_orders_09-11-2026_09-11-2026.xlsx,25,1099,300,1
upright:884007:sale,upright,shopgoodwill,sale,2026-09-11,884007,swiftthrift498,order,1100,0,paid_orders_09-11-2026_09-11-2026.xlsx,26,1099,300,1
upright:884008:sale,upright,shopgoodwill,sale,2026-09-11,884008,quietdeals751,order,3700,0,paid_orders_09-11-2026_09-11-2026.xlsx,27,1299,300,1
upright:884014:sale,upright,shopgoodwill,sale,2026-09-11,884014,rustybear940,order,1700,0,paid_orders_09-11-2026_09-11-2026.xlsx,28,1499,300,1
upright:884017:sale,upright,shopgoodwill,sale,2026-09-11,884017,sunnyfox391,order,13500,0,paid_orders_09-11-2026_09-11-2026.xlsx,29,899,300,1
upright:884018:sale,upright,shopgoodwill,sale,2026-09-11,884018,sunnythrift542,order,3300,0,paid_orders_09-11-2026_09-11-2026.xlsx,30,899,300,1
upright:884022:sale,upright,shopgoodwill,sale,2026-09-11,884022,quietpicker858,order,11300,0,paid_orders_09-11-2026_09-11-2026.xlsx,31,1299,300,1
upright:884023:sale,upright,shopgoodwill,sale,2026-09-11,884023,retrothrift613,order,2600,0,paid_orders_09-11-2026_09-11-2026.xlsx,32,1099,300,1
upright:884027:sale,upright,shopgoodwill,sale,2026-09-11,884027,sunnymaple931,order,1400,0,paid_orders_09-11-2026_09-11-2026.xlsx,33,1499,300,1
upright:884030:sale,upright,shopgoodwill,sale,2026-09-11,884030,swifthound696,order,3800,0,paid_orders_09-11-2026_09-11-2026.xlsx,34,1299,300,1
upright:884031:sale,upright,shopgoodwill,sale,2026-09-11,884031,goldenfox575,order,1200,0,paid_orders_09-11-2026_09-11-2026.xlsx,35,1499,300,1
upright:884034:sale,upright,shopgoodwill,sale,2026-09-11,884034,bluefinds54,order,6600,0,paid_orders_09-11-2026_09-11-2026.xlsx,36,899,300,1
upright:884036:sale,upright,shopgoodwill,sale,2026-09-11,884036,sunnyriver115,order,2400,0,paid_orders_09-11-2026_09-11-2026.xlsx,37,899,300,1
upright:884040:sale,upright,shopgoodwill,sale,2026-09-11,884040,sunnyfox757,order,2300,0,paid_orders_09-11-2026_09-11-2026.xlsx,38,899,300,1
upright:884042:sale,upright,shopgoodwill,sale,2026-09-11,884042,northbear492,order,4800,0,paid_orders_09-11-2026_09-11-2026.xlsx,39,899,300,1
upright:884045:sale,upright,shopgoodwill,sale,2026-09-11,884045,luckyfox994,order,6000,0,paid_orders_09-11-2026_09-11-2026.xlsx,40,1099,300,1
upright:884048:sale,upright,shopgoodwill,sale,2026-09-11,884048,retrofox431,order,2100,0,paid_orders_09-11-2026_09-11-2026.xlsx,41,899,300,1
upright:884049:sale,upright,shopgoodwill,sale,2026-09-11,884049,retropicker448,order,4500,0,paid_orders_09-11-2026_09-11-2026.xlsx,42,1099,300,1
upright:884050:sale,upright,shopgoodwill,sale,2026-09-11,884050,sunnybear338,order,2900,0,paid_orders_09-11-2026_09-11-2026.xlsx,43,1299,300,1
upright:884051:sale,upright,shopgoodwill,sale,2026-09-11,884051,happypicker705,order,1900,0,paid_orders_09-11-2026_09-11-2026.xlsx,44,1099,300,1
upright:884052:sale,upright,shopgoodwill,sale,2026-09-11,884052,goldenowl355,order,19200,0,paid_orders_09-11-2026_09-11-2026.xlsx,45,899,300,1
upright:884054:sale,upright,shopgoodwill,sale,2026-09-11,884054,northhound287,order,5000,0,paid_orders_09-11-2026_09-11-2026.xlsx,46,1499,300,1
upright:884055:sale,upright,shopgoodwill,sale,2026-09-11,884055,sunnypicker573,order,2800,0,paid_orders_09-11-2026_09-11-2026.xlsx,47,1099,300,1
upright:884058:sale,upright,shopgoodwill,sale,2026-09-11,884058,bluefox91,order,2100,0,paid_orders_09-11-2026_09-11-2026.xlsx,48,1099,300,1
upright:884062:sale,upright,shopgoodwill,sale,2026-09-11,884062,quietthrift313,order,3800,0,paid_orders_09-11-2026_09-11-2026.xlsx,49,899,300,1
upright:884069:sale,upright,shopgoodwill,sale,2026-09-11,884069,sunnybear258,order,3000,0,paid_orders_09-11-2026_09-11-2026.xlsx,50,1099,300,1
upright:884164:sale,upright,shopgoodwill,sale,2026-09-12,884164,sunnyriver981,order,1500,0,paid_orders_09-11-2026_09-11-2026.xlsx,51,1099,300,1
upright:884073:sale,upright,shopgoodwill,sale,2026-09-12,884073,retroriver972,order,1600,0,paid_orders_09-12-2026_09-12-2026.xlsx,1,1299,300,1
upright:884074:sale,upright,shopgoodwill,sale,2026-09-12,884074,retroowl766,order,2000,0,paid_orders_09-12-2026_09-12-2026.xlsx,2,1299,300,1
upright:884076:sale,upright,shopgoodwill,sale,2026-09-12,884076,northhound287,order,9000,0,paid_orders_09-12-2026_09-12-2026.xlsx,3,1299,300,1
upright:884079:sale,upright,shopgoodwill,sale,2026-09-12,884079,bluedeals51,order,3100,0,paid_orders_09-12-2026_09-12-2026.xlsx,4,1099,300,1
upright:884081:sale,upright,shopgoodwill,sale,2026-09-12,884081,happyhound211,order,4100,0,paid_orders_09-12-2026_09-12-2026.xlsx,5,1499,300,1
upright:884085:sale,upright,shopgoodwill,sale,2026-09-12,884085,quietthrift313,order,2800,0,paid_orders_09-12-2026_09-12-2026.xlsx,6,899,300,1
upright:884087:sale,upright,shopgoodwill,sale,2026-09-12,884087,retrofinds594,order,1700,0,paid_orders_09-12-2026_09-12-2026.xlsx,7,1499,300,1
upright:884088:sale,upright,shopgoodwill,sale,2026-09-12,884088,retrohound141,order,1600,0,paid_orders_09-12-2026_09-12-2026.xlsx,8,1299,300,1
upright:884089:sale,upright,shopgoodwill,sale,2026-09-12,884089,sunnyfox590,order,3600,0,paid_orders_09-12-2026_09-12-2026.xlsx,9,1299,300,1
upright:884090:sale,upright,shopgoodwill,sale,2026-09-12,884090,quietthrift253,order,7400,0,paid_orders_09-12-2026_09-12-2026.xlsx,10,1499,300,1
upright:884092:sale,upright,shopgoodwill,sale,2026-09-12,884092,luckydeals969,order,1500,0,paid_orders_09-12-2026_09-12-2026.xlsx,11,1499,300,1
upright:884095:sale,upright,shopgoodwill,sale,2026-09-12,884095,northriver733,order,1400,0,paid_orders_09-12-2026_09-12-2026.xlsx,12,1099,300,1
upright:884097:sale,upright,shopgoodwill,sale,2026-09-12,884097,quiethound442,order,2100,0,paid_orders_09-12-2026_09-12-2026.xlsx,13,1499,300,1
upright:884098:sale,upright,shopgoodwill,sale,2026-09-12,884098,happyowl530,order,1400,0,paid_orders_09-12-2026_09-12-2026.xlsx,14,1299,300,1
upright:884099:sale,upright,shopgoodwill,sale,2026-09-12,884099,swiftfox947,order,5200,0,paid_orders_09-12-2026_09-12-2026.xlsx,15,1299,300,1
upright:884101:sale,upright,shopgoodwill,sale,2026-09-12,884101,swiftfox259,order,2100,0,paid_orders_09-12-2026_09-12-2026.xlsx,16,1499,300,1
upright:884105:sale,upright,shopgoodwill,sale,2026-09-12,884105,sunnyfox622,order,1100,0,paid_orders_09-12-2026_09-12-2026.xlsx,17,1299,300,1
upright:884108:sale,upright,shopgoodwill,sale,2026-09-12,884108,northpicker564,order,3000,0,paid_orders_09-12-2026_09-12-2026.xlsx,18,899,300,1
upright:884112:sale,upright,shopgoodwill,sale,2026-09-12,884112,sunnythrift739,order,8600,0,paid_orders_09-12-2026_09-12-2026.xlsx,19,899,300,1
upright:884113:sale,upright,shopgoodwill,sale,2026-09-12,884113,northdeals658,order,5200,0,paid_orders_09-12-2026_09-12-2026.xlsx,20,1299,300,1
upright:884116:sale,upright,shopgoodwill,sale,2026-09-12,884116,rustyhound434,order,2200,0,paid_orders_09-12-2026_09-12-2026.xlsx,21,1299,300,1
upright:884120:sale,upright,shopgoodwill,sale,2026-09-12,884120,sunnypicker573,order,2700,0,paid_orders_09-12-2026_09-12-2026.xlsx,22,1499,300,1
upright:884123:sale,upright,shopgoodwill,sale,2026-09-12,884123,quietbear763,order,8000,0,paid_orders_09-12-2026_09-12-2026.xlsx,23,899,300,1
upright:884125:sale,upright,shopgoodwill,sale,2026-09-12,884125,rustymaple994,order,11100,0,paid_orders_09-12-2026_09-12-2026.xlsx,24,1299,300,1
upright:884129:sale,upright,shopgoodwill,sale,2026-09-12,884129,swiftpicker956,order,3100,0,paid_orders_09-12-2026_09-12-2026.xlsx,25,899,300,1
upright:884133:sale,upright,shopgoodwill,sale,2026-09-12,884133,happyowl916,order,4900,0,paid_orders_09-12-2026_09-12-2026.xlsx,26,899,300,1
upright:884134:sale,upright,shopgoodwill,sale,2026-09-12,884134,sunnybear258,order,1600,0,paid_orders_09-12-2026_09-12-2026.xlsx,27,1299,300,1
upright:884138:sale,upright,shopgoodwill,sale,2026-09-12,884138,bluepicker259,order,2000,0,paid_orders_09-12-2026_09-12-2026.xlsx,28,899,300,1
upright:884141:sale,upright,shopgoodwill,sale,2026-09-12,884141,sunnyfox556,order,5400,0,paid_orders_09-12-2026_09-12-2026.xlsx,29,1499,300,1
upright:884143:sale,upright,shopgoodwill,sale,2026-09-12,884143,quietfinds697,order,1000,0,paid_orders_09-12-2026_09-12-2026.xlsx,30,1099,300,1
upright:884145:sale,upright,shopgoodwill,sale,2026-09-12,884145,quietfinds999,order,2600,0,paid_orders_09-12-2026_09-12-2026.xlsx,31,899,300,1
upright:884146:sale,upright,shopgoodwill,sale,2026-09-12,884146,goldenfinds234,order,4900,0,paid_orders_09-12-2026_09-12-2026.xlsx,32,1499,300,1
upright:884150:sale,upright,shopgoodwill,sale,2026-09-12,884150,happymaple9,order,2300,0,paid_orders_09-12-2026_09-12-2026.xlsx,33,1499,300,1
upright:884154:sale,upright,shopgoodwill,sale,2026-09-12,884154,quietriver554,order,800,0,paid_orders_09-12-2026_09-12-2026.xlsx,34,1499,300,1
upright:884155:sale,upright,shopgoodwill,sale,2026-09-12,884155,bluedeals43,order,5700,0,paid_orders_09-12-2026_09-12-2026.xlsx,35,1299,300,1
upright:884156:sale,upright,shopgoodwill,sale,2026-09-12,884156,swifthound718,order,5700,0,paid_orders_09-12-2026_09-12-2026.xlsx,36,899,300,1
upright:884159:sale,upright,shopgoodwill,sale,2026-09-12,884159,happyhound211,order,1900,0,paid_orders_09-12-2026_09-12-2026.xlsx,37,1499,300,1
upright:884160:sale,upright,shopgoodwill,sale,2026-09-12,884160,retromaple234,order,2100,0,paid_orders_09-12-2026_09-12-2026.xlsx,38,1299,300,1
upright:884162:sale,upright,shopgoodwill,sale,2026-09-12,884162,quiethound911,order,2800,0,paid_orders_09-12-2026_09-12-2026.xlsx,39,899,300,1
upright:884168:sale,upright,shopgoodwill,sale,2026-09-12,884168,sunnythrift739,order,6400,0,paid_orders_09-12-2026_09-12-2026.xlsx,40,1299,300,1
upright:884171:sale,upright,shopgoodwill,sale,2026-09-12,884171,retroowl189,order,4500,0,paid_orders_09-12-2026_09-12-2026.xlsx,41,1499,300,1
upright:884215:sale,upright,shopgoodwill,sale,2026-09-13,884215,swiftfox837,order,4300,0,paid_orders_09-12-2026_09-12-2026.xlsx,42,1499,300,1
upright:884231:sale,upright,shopgoodwill,sale,2026-09-13,884231,blueriver129,order,2300,0,paid_orders_09-12-2026_09-12-2026.xlsx,43,899,300,1
upright:884328:sale,upright,shopgoodwill,sale,2026-09-13,884328,happythrift947,order,7000,0,paid_orders_09-12-2026_09-12-2026.xlsx,44,1099,300,1
upright:884172:sale,upright,shopgoodwill,sale,2026-09-13,884172,bluepicker634,order,600,0,paid_orders_09-13-2026_09-13-2026.xlsx,1,899,300,1
upright:884173:sale,upright,shopgoodwill,sale,2026-09-13,884173,goldenfox108,order,4600,0,paid_orders_09-13-2026_09-13-2026.xlsx,2,1499,300,1
upright:884174:sale,upright,shopgoodwill,sale,2026-09-13,884174,retrobear241,order,1300,0,paid_orders_09-13-2026_09-13-2026.xlsx,3,1299,300,1
upright:884175:sale,upright,shopgoodwill,sale,2026-09-13,884175,quietdeals751,order,3000,0,paid_orders_09-13-2026_09-13-2026.xlsx,4,1099,300,1
upright:884176:sale,upright,shopgoodwill,sale,2026-09-13,884176,quietbear853,order,7000,0,paid_orders_09-13-2026_09-13-2026.xlsx,5,1299,300,1
upright:884179:sale,upright,shopgoodwill,sale,2026-09-13,884179,luckydeals227,order,2800,0,paid_orders_09-13-2026_09-13-2026.xlsx,6,899,300,1
upright:884181:sale,upright,shopgoodwill,sale,2026-09-13,884181,quietowl387,order,2500,0,paid_orders_09-13-2026_09-13-2026.xlsx,7,899,300,1
upright:884184:sale,upright,shopgoodwill,sale,2026-09-13,884184,happydeals860,order,12500,0,paid_orders_09-13-2026_09-13-2026.xlsx,8,1499,300,1
upright:884188:sale,upright,shopgoodwill,sale,2026-09-13,884188,rustyowl451,order,2000,0,paid_orders_09-13-2026_09-13-2026.xlsx,9,1099,300,1
upright:884190:sale,upright,shopgoodwill,sale,2026-09-13,884190,quietdeals192,order,3400,0,paid_orders_09-13-2026_09-13-2026.xlsx,10,1099,300,1
upright:884193:sale,upright,shopgoodwill,sale,2026-09-13,884193,happybear910,order,5000,0,paid_orders_09-13-2026_09-13-2026.xlsx,11,1499,300,1
upright:884197:sale,upright,shopgoodwill,sale,2026-09-13,884197,quietdeals751,order,4200,0,paid_orders_09-13-2026_09-13-2026.xlsx,12,1299,300,1
upright:884200:sale,upright,shopgoodwill,sale,2026-09-13,884200,rustyhound434,order,1300,0,paid_orders_09-13-2026_09-13-2026.xlsx,13,899,300,1
upright:884202:sale,upright,shopgoodwill,sale,2026-09-13,884202,bluefox377,order,1500,0,paid_orders_09-13-2026_09-13-2026.xlsx,14,1299,300,1
upright:884205:sale,upright,shopgoodwill,sale,2026-09-13,884205,swifthound540,order,2100,0,paid_orders_09-13-2026_09-13-2026.xlsx,15,1299,300,1
upright:884206:sale,upright,shopgoodwill,sale,2026-09-13,884206,happybear910,order,1900,0,paid_orders_09-13-2026_09-13-2026.xlsx,16,1299,300,1
upright:884207:sale,upright,shopgoodwill,sale,2026-09-13,884207,swiftowl491,order,2100,0,paid_orders_09-13-2026_09-13-2026.xlsx,17,1299,300,1
upright:884208:sale,upright,shopgoodwill,sale,2026-09-13,884208,rustyowl451,order,1100,0,paid_orders_09-13-2026_09-13-2026.xlsx,18,1299,300,1
upright:884210:sale,upright,shopgoodwill,sale,2026-09-13,884210,goldenthrift506,order,2500,0,paid_orders_09-13-2026_09-13-2026.xlsx,19,1299,300,1
upright:884213:sale,upright,shopgoodwill,sale,2026-09-13,884213,quietmaple512,order,1200,0,paid_orders_09-13-2026_09-13-2026.xlsx,20,899,300,1
upright:884219:sale,upright,shopgoodwill,sale,2026-09-13,884219,quietmaple68,order,1500,0,paid_orders_09-13-2026_09-13-2026.xlsx,21,1299,300,1
upright:884222:sale,upright,shopgoodwill,sale,2026-09-13,884222,sunnythrift542,order,1300,0,paid_orders_09-13-2026_09-13-2026.xlsx,22,1499,300,1
upright:884223:sale,upright,shopgoodwill,sale,2026-09-13,884223,swiftpicker774,order,3600,0,paid_orders_09-13-2026_09-13-2026.xlsx,23,1499,300,1
upright:884227:sale,upright,shopgoodwill,sale,2026-09-13,884227,goldenthrift189,order,800,0,paid_orders_09-13-2026_09-13-2026.xlsx,24,1499,300,1
upright:884233:sale,upright,shopgoodwill,sale,2026-09-13,884233,northbear492,order,9600,0,paid_orders_09-13-2026_09-13-2026.xlsx,25,1299,300,1
upright:884236:sale,upright,shopgoodwill,sale,2026-09-13,884236,happypicker705,order,8500,0,paid_orders_09-13-2026_09-13-2026.xlsx,26,1099,300,1
upright:884240:sale,upright,shopgoodwill,sale,2026-09-13,884240,happymaple239,order,2800,0,paid_orders_09-13-2026_09-13-2026.xlsx,27,899,300,1
upright:884244:sale,upright,shopgoodwill,sale,2026-09-13,884244,retrofinds594,order,1200,0,paid_orders_09-13-2026_09-13-2026.xlsx,28,1099,300,1
upright:884246:sale,upright,shopgoodwill,sale,2026-09-13,884246,rustypicker237,order,2100,0,paid_orders_09-13-2026_09-13-2026.xlsx,29,1499,300,1
upright:884248:sale,upright,shopgoodwill,sale,2026-09-13,884248,goldenfinds234,order,3700,0,paid_orders_09-13-2026_09-13-2026.xlsx,30,1299,300,1
upright:884249:sale,upright,shopgoodwill,sale,2026-09-13,884249,retrohound141,order,11100,0,paid_orders_09-13-2026_09-13-2026.xlsx,31,1099,300,1
upright:884253:sale,upright,shopgoodwill,sale,2026-09-13,884253,sunnybear258,order,10600,0,paid_orders_09-13-2026_09-13-2026.xlsx,32,899,300,1
upright:884255:sale,upright,shopgoodwill,sale,2026-09-13,884255,happyowl780,order,5000,0,paid_orders_09-13-2026_09-13-2026.xlsx,33,1499,300,1
upright:884258:sale,upright,shopgoodwill,sale,2026-09-13,884258,quietdeals834,order,1300,0,paid_orders_09-13-2026_09-13-2026.xlsx,34,1099,300,1
upright:884260:sale,upright,shopgoodwill,sale,2026-09-13,884260,retroowl57,order,3200,0,paid_orders_09-13-2026_09-13-2026.xlsx,35,899,300,1
upright:884261:sale,upright,shopgoodwill,sale,2026-09-13,884261,rustymaple702,order,4700,0,paid_orders_09-13-2026_09-13-2026.xlsx,36,1099,300,1
upright:884265:sale,upright,shopgoodwill,sale,2026-09-13,884265,quietthrift931,order,800,0,paid_orders_09-13-2026_09-13-2026.xlsx,37,1299,300,1
upright:884269:sale,upright,shopgoodwill,sale,2026-09-13,884269,rustybear940,order,1200,0,paid_orders_09-13-2026_09-13-2026.xlsx,38,1299,300,1
upright:884270:sale,upright,shopgoodwill,sale,2026-09-13,884270,rustyfox244,order,7100,0,paid_orders_09-13-2026_09-13-2026.xlsx,39,1099,300,1
upright:884271:sale,upright,shopgoodwill,sale,2026-09-13,884271,luckybear857,order,2500,0,paid_orders_09-13-2026_09-13-2026.xlsx,40,1299,300,1
upright:884272:sale,upright,shopgoodwill,sale,2026-09-13,884272,rustyfox244,order,4800,0,paid_orders_09-13-2026_09-13-2026.xlsx,41,1099,300,1
upright:884274:sale,upright,shopgoodwill,sale,2026-09-13,884274,northpicker925,order,2800,0,paid_orders_09-13-2026_09-13-2026.xlsx,42,1499,300,1
upright:884275:sale,upright,shopgoodwill,sale,2026-09-13,884275,sunnybear258,order,5900,0,paid_orders_09-13-2026_09-13-2026.xlsx,43,899,300,1
upright:884279:sale,upright,shopgoodwill,sale,2026-09-13,884279,quietriver358,order,1500,0,paid_orders_09-13-2026_09-13-2026.xlsx,44,1099,300,1
upright:884282:sale,upright,shopgoodwill,sale,2026-09-13,884282,swiftdeals534,order,1900,0,paid_orders_09-13-2026_09-13-2026.xlsx,45,899,300,1
upright:884286:sale,upright,shopgoodwill,sale,2026-09-13,884286,goldenfinds90,order,8000,0,paid_orders_09-13-2026_09-13-2026.xlsx,46,899,300,1
upright:884287:sale,upright,shopgoodwill,sale,2026-09-13,884287,bluethrift30,order,2000,0,paid_orders_09-13-2026_09-13-2026.xlsx,47,1099,300,1
upright:884290:sale,upright,shopgoodwill,sale,2026-09-13,884290,swiftmaple653,order,2400,0,paid_orders_09-13-2026_09-13-2026.xlsx,48,1099,300,1
upright:884294:sale,upright,shopgoodwill,sale,2026-09-13,884294,rustymaple702,order,3900,0,paid_orders_09-13-2026_09-13-2026.xlsx,49,1499,300,1
upright:884298:sale,upright,shopgoodwill,sale,2026-09-13,884298,goldenbear150,order,900,0,paid_orders_09-13-2026_09-13-2026.xlsx,50,899,300,1
upright:884300:sale,upright,shopgoodwill,sale,2026-09-13,884300,sunnydeals996,order,2700,0,paid_orders_09-13-2026_09-13-2026.xlsx,51,1499,300,1
upright:884304:sale,upright,shopgoodwill,sale,2026-09-13,884304,bluethrift67,order,2000,0,paid_orders_09-13-2026_09-13-2026.xlsx,52,1099,300,1
upright:884308:sale,upright,shopgoodwill,sale,2026-09-13,884308,blueowl160,order,5300,0,paid_orders_09-13-2026_09-13-2026.xlsx,53,1099,300,1
upright:884310:sale,upright,shopgoodwill,sale,2026-09-13,884310,rustyowl451,order,2000,0,paid_orders_09-13-2026_09-13-2026.xlsx,54,899,300,1
upright:884313:sale,upright,shopgoodwill,sale,2026-09-13,884313,quietpicker145,order,4600,0,paid_orders_09-13-2026_09-13-2026.xlsx,55,1099,300,1
upright:884316:sale,upright,shopgoodwill,sale,2026-09-13,884316,rustyhound958,order,1700,0,paid_orders_09-13-2026_09-13-2026.xlsx,56,1299,300,1
upright:884317:sale,upright,shopgoodwill,sale,2026-09-13,884317,sunnybear338,order,800,0,paid_orders_09-13-2026_09-13-2026.xlsx,57,1299,300,1
upright:884318:sale,upright,shopgoodwill,sale,2026-09-13,884318,happyowl780,order,7600,0,paid_orders_09-13-2026_09-13-2026.xlsx,58,1299,300,1
upright:884320:sale,upright,shopgoodwill,sale,2026-09-13,884320,goldenfinds90,order,1600,0,paid_orders_09-13-2026_09-13-2026.xlsx,59,1499,300,1
upright:884324:sale,upright,shopgoodwill,sale,2026-09-13,884324,sunnypicker821,order,1100,0,paid_orders_09-13-2026_09-13-2026.xlsx,60,1299,300,1
upright:884344:sale,upright,shopgoodwill,sale,2026-09-14,884344,sunnymaple460,order,2400,0,paid_orders_09-13-2026_09-13-2026.xlsx,61,899,300,1
upright:884331:sale,upright,shopgoodwill,sale,2026-09-14,884331,sunnybear76,order,1500,0,paid_orders_09-14-2026_09-14-2026.xlsx,1,1299,300,1
upright:884333:sale,upright,shopgoodwill,sale,2026-09-14,884333,swifthound754,order,1700,0,paid_orders_09-14-2026_09-14-2026.xlsx,2,1499,300,1
upright:884337:sale,upright,shopgoodwill,sale,2026-09-14,884337,luckyhound127,order,3900,0,paid_orders_09-14-2026_09-14-2026.xlsx,3,1099,300,1
upright:884340:sale,upright,shopgoodwill,sale,2026-09-14,884340,northpicker68,order,3400,0,paid_orders_09-14-2026_09-14-2026.xlsx,4,1499,300,1
upright:884343:sale,upright,shopgoodwill,sale,2026-09-14,884343,swiftfox947,order,3700,0,paid_orders_09-14-2026_09-14-2026.xlsx,5,1299,300,1
upright:884346:sale,upright,shopgoodwill,sale,2026-09-14,884346,bluedeals463,order,2800,0,paid_orders_09-14-2026_09-14-2026.xlsx,6,1499,300,1
upright:884350:sale,upright,shopgoodwill,sale,2026-09-14,884350,swiftdeals952,order,800,0,paid_orders_09-14-2026_09-14-2026.xlsx,7,1499,300,1
upright:884352:sale,upright,shopgoodwill,sale,2026-09-14,884352,swiftmaple687,order,1700,0,paid_orders_09-14-2026_09-14-2026.xlsx,8,899,300,1
upright:884353:sale,upright,shopgoodwill,sale,2026-09-14,884353,retroriver350,order,1600,0,paid_orders_09-14-2026_09-14-2026.xlsx,9,1299,300,1
upright:884356:sale,upright,shopgoodwill,sale,2026-09-14,884356,luckyowl234,order,2800,0,paid_orders_09-14-2026_09-14-2026.xlsx,10,1499,300,1
upright:884357:sale,upright,shopgoodwill,sale,2026-09-14,884357,goldenriver513,order,4500,0,paid_orders_09-14-2026_09-14-2026.xlsx,11,1299,300,1
upright:884358:sale,upright,shopgoodwill,sale,2026-09-14,884358,quietpicker858,order,1900,0,paid_orders_09-14-2026_09-14-2026.xlsx,12,1299,300,1
upright:884362:sale,upright,shopgoodwill,sale,2026-09-14,884362,happyhound211,order,1300,0,paid_orders_09-14-2026_09-14-2026.xlsx,13,899,300,1
upright:884365:sale,upright,shopgoodwill,sale,2026-09-14,884365,retrodeals952,order,1100,0,paid_orders_09-14-2026_09-14-2026.xlsx,14,1099,300,1
upright:884369:sale,upright,shopgoodwill,sale,2026-09-14,884369,sunnyhound266,order,3400,0,paid_orders_09-14-2026_09-14-2026.xlsx,15,1499,300,1
upright:884371:sale,upright,shopgoodwill,sale,2026-09-14,884371,bluefox587,order,2900,0,paid_orders_09-14-2026_09-14-2026.xlsx,16,1299,300,1
upright:884373:sale,upright,shopgoodwill,sale,2026-09-14,884373,northhound287,order,2500,0,paid_orders_09-14-2026_09-14-2026.xlsx,17,1499,300,1
upright:884376:sale,upright,shopgoodwill,sale,2026-09-14,884376,retroriver331,order,2200,0,paid_orders_09-14-2026_09-14-2026.xlsx,18,1299,300,1
upright:884379:sale,upright,shopgoodwill,sale,2026-09-14,884379,goldendeals798,order,1400,0,paid_orders_09-14-2026_09-14-2026.xlsx,19,1299,300,1
upright:884383:sale,upright,shopgoodwill,sale,2026-09-14,884383,bluefox377,order,2600,0,paid_orders_09-14-2026_09-14-2026.xlsx,20,1299,300,1
upright:884387:sale,upright,shopgoodwill,sale,2026-09-14,884387,rustybear960,order,2100,0,paid_orders_09-14-2026_09-14-2026.xlsx,21,899,300,1
upright:884389:sale,upright,shopgoodwill,sale,2026-09-14,884389,quietthrift931,order,10000,0,paid_orders_09-14-2026_09-14-2026.xlsx,22,899,300,1
upright:884390:sale,upright,shopgoodwill,sale,2026-09-14,884390,luckyriver25,order,2600,0,paid_orders_09-14-2026_09-14-2026.xlsx,23,1299,300,1
upright:884394:sale,upright,shopgoodwill,sale,2026-09-14,884394,sunnyriver981,order,6200,0,paid_orders_09-14-2026_09-14-2026.xlsx,24,1299,300,1
upright:884395:sale,upright,shopgoodwill,sale,2026-09-14,884395,happyowl698,order,2100,0,paid_orders_09-14-2026_09-14-2026.xlsx,25,899,300,1
upright:884396:sale,upright,shopgoodwill,sale,2026-09-14,884396,rustybear157,order,600,0,paid_orders_09-14-2026_09-14-2026.xlsx,26,1299,300,1
upright:884400:sale,upright,shopgoodwill,sale,2026-09-14,884400,retroowl470,order,4500,0,paid_orders_09-14-2026_09-14-2026.xlsx,27,1099,300,1
upright:884402:sale,upright,shopgoodwill,sale,2026-09-14,884402,luckyfinds99,order,2100,0,paid_orders_09-14-2026_09-14-2026.xlsx,28,1099,300,1
upright:884405:sale,upright,shopgoodwill,sale,2026-09-14,884405,retrofinds732,order,4200,0,paid_orders_09-14-2026_09-14-2026.xlsx,29,1499,300,1
upright:884408:sale,upright,shopgoodwill,sale,2026-09-14,884408,retroriver346,order,2700,0,paid_orders_09-14-2026_09-14-2026.xlsx,30,899,300,1
upright:884410:sale,upright,shopgoodwill,sale,2026-09-15,884410,swiftdeals627,order,10900,0,paid_orders_09-15-2026_09-15-2026 (4).xlsx,1,1099,300,1
upright:884411:sale,upright,shopgoodwill,sale,2026-09-15,884411,swiftfox885,order,5400,0,paid_orders_09-15-2026_09-15-2026 (4).xlsx,2,1099,300,1
upright:884414:sale,upright,shopgoodwill,sale,2026-09-15,884414,bluefox91,order,700,0,paid_orders_09-15-2026_09-15-2026 (4).xlsx,3,899,300,1
upright:884416:sale,upright,shopgoodwill,sale,2026-09-15,884416,swiftriver876,order,1500,0,paid_orders_09-15-2026_09-15-2026 (4).xlsx,4,1299,300,1
upright:884417:sale,upright,shopgoodwill,sale,2026-09-15,884417,quietowl255,order,2400,0,paid_orders_09-15-2026_09-15-2026 (4).xlsx,5,1499,300,1
upright:884420:sale,upright,shopgoodwill,sale,2026-09-15,884420,retropicker67,order,8800,0,paid_orders_09-15-2026_09-15-2026 (4).xlsx,6,1099,300,1
upright:884421:sale,upright,shopgoodwill,sale,2026-09-15,884421,luckyriver25,order,5600,0,paid_orders_09-15-2026_09-15-2026 (4).xlsx,7,1499,300,1
upright:884422:sale,upright,shopgoodwill,sale,2026-09-15,884422,quietowl255,order,1300,0,paid_orders_09-15-2026_09-15-2026 (4).xlsx,8,1499,300,1
upright:884425:sale,upright,shopgoodwill,sale,2026-09-15,884425,swiftowl113,order,6100,0,paid_orders_09-15-2026_09-15-2026 (4).xlsx,9,1299,300,1
upright:884426:sale,upright,shopgoodwill,sale,2026-09-15,884426,northowl598,order,2200,0,paid_orders_09-15-2026_09-15-2026 (4).xlsx,10,1299,300,1
upright:884427:sale,upright,shopgoodwill,sale,2026-09-15,884427,happyowl916,order,800,0,paid_orders_09-15-2026_09-15-2026 (4).xlsx,11,1499,300,1
upright:884431:sale,upright,shopgoodwill,sale,2026-09-15,884431,northriver733,order,4000,0,paid_orders_09-15-2026_09-15-2026 (4).xlsx,12,1099,300,1
upright:884435:sale,upright,shopgoodwill,sale,2026-09-15,884435,retrothrift752,order,3200,0,paid_orders_09-15-2026_09-15-2026 (4).xlsx,13,1299,300,1
upright:884437:sale,upright,shopgoodwill,sale,2026-09-15,884437,sunnyriver981,order,2200,0,paid_orders_09-15-2026_09-15-2026 (4).xlsx,14,1099,300,1
upright:884439:sale,upright,shopgoodwill,sale,2026-09-15,884439,quietdeals153,order,1500,0,paid_orders_09-15-2026_09-15-2026 (4).xlsx,15,1099,300,1
upright:884443:sale,upright,shopgoodwill,sale,2026-09-15,884443,goldenhound277,order,4000,0,paid_orders_09-15-2026_09-15-2026 (4).xlsx,16,1099,300,1
upright:884447:sale,upright,shopgoodwill,sale,2026-09-15,884447,quietpicker531,order,5000,0,paid_orders_09-15-2026_09-15-2026 (4).xlsx,17,899,300,1
upright:884449:sale,upright,shopgoodwill,sale,2026-09-15,884449,bluefox301,order,2300,0,paid_orders_09-15-2026_09-15-2026 (4).xlsx,18,1099,300,1
upright:884450:sale,upright,shopgoodwill,sale,2026-09-15,884450,retrohound141,order,4000,0,paid_orders_09-15-2026_09-15-2026 (4).xlsx,19,1099,300,1
upright:884454:sale,upright,shopgoodwill,sale,2026-09-15,884454,luckyriver25,order,1300,0,paid_orders_09-15-2026_09-15-2026 (4).xlsx,20,1299,300,1
upright:884458:sale,upright,shopgoodwill,sale,2026-09-15,884458,goldenthrift189,order,600,0,paid_orders_09-15-2026_09-15-2026 (4).xlsx,21,1099,300,1
upright:884462:sale,upright,shopgoodwill,sale,2026-09-15,884462,sunnyowl410,order,2000,0,paid_orders_09-15-2026_09-15-2026 (4).xlsx,22,1499,300,1
upright:884463:sale,upright,shopgoodwill,sale,2026-09-15,884463,sunnyfox391,order,1800,0,paid_orders_09-15-2026_09-15-2026 (4).xlsx,23,1299,300,1
upright:884465:sale,upright,shopgoodwill,sale,2026-09-15,884465,happyowl780,order,1200,0,paid_orders_09-15-2026_09-15-2026 (4).xlsx,24,1299,300,1
upright:884466:sale,upright,shopgoodwill,sale,2026-09-15,884466,happymaple239,order,3700,0,paid_orders_09-15-2026_09-15-2026 (4).xlsx,25,1499,300,1
upright:884469:sale,upright,shopgoodwill,sale,2026-09-15,884469,retrofinds732,order,5100,0,paid_orders_09-15-2026_09-15-2026 (4).xlsx,26,1299,300,1
upright:884470:sale,upright,shopgoodwill,sale,2026-09-15,884470,happydeals583,order,600,0,paid_orders_09-15-2026_09-15-2026 (4).xlsx,27,1299,300,1
upright:884474:sale,upright,shopgoodwill,sale,2026-09-15,884474,happydeals583,order,500,0,paid_orders_09-15-2026_09-15-2026 (4).xlsx,28,1499,300,1
upright:884477:sale,upright,shopgoodwill,sale,2026-09-15,884477,retrofox431,order,4400,0,paid_orders_09-15-2026_09-15-2026 (4).xlsx,29,899,300,1
upright:884481:sale,upright,shopgoodwill,sale,2026-09-15,884481,swiftmaple677,order,6000,0,paid_orders_09-15-2026_09-15-2026 (4).xlsx,30,899,300,1
upright:884483:sale,upright,shopgoodwill,sale,2026-09-15,884483,goldenfox53,order,5200,0,paid_orders_09-15-2026_09-15-2026 (4).xlsx,31,1499,300,1
upright:884487:sale,upright,shopgoodwill,sale,2026-09-15,884487,rustyowl451,order,5800,0,paid_orders_09-15-2026_09-15-2026 (4).xlsx,32,899,300,1
upright:884491:sale,upright,shopgoodwill,sale,2026-09-15,884491,quietthrift983,order,800,0,paid_orders_09-15-2026_09-15-2026 (4).xlsx,33,899,300,1
upright:884492:sale,upright,shopgoodwill,sale,2026-09-15,884492,retrofox189,order,3100,0,paid_orders_09-15-2026_09-15-2026 (4).xlsx,34,899,300,1
upright:884493:sale,upright,shopgoodwill,sale,2026-09-15,884493,bluefox587,order,6500,0,paid_orders_09-15-2026_09-15-2026 (4).xlsx,35,1099,300,1
upright:884496:sale,upright,shopgoodwill,sale,2026-09-15,884496,rustyhound434,order,6100,0,paid_orders_09-15-2026_09-15-2026 (4).xlsx,36,1499,300,1
upright:884497:sale,upright,shopgoodwill,sale,2026-09-15,884497,happypicker852,order,3800,0,paid_orders_09-15-2026_09-15-2026 (4).xlsx,37,1099,300,1
upright:884501:sale,upright,shopgoodwill,sale,2026-09-15,884501,quietthrift313,order,2100,0,paid_orders_09-15-2026_09-15-2026 (4).xlsx,38,1099,300,1
upright:884503:sale,upright,shopgoodwill,sale,2026-09-15,884503,bluethrift816,order,3300,0,paid_orders_09-15-2026_09-15-2026 (4).xlsx,39,1099,300,1
upright:884512:sale,upright,shopgoodwill,sale,2026-09-16,884512,rustyfinds694,order,3700,0,paid_orders_09-15-2026_09-15-2026 (4).xlsx,40,1299,300,1
upright:884505:sale,upright,shopgoodwill,sale,2026-09-16,884505,goldenhound106,order,1500,0,paid_orders_09-16-2026_09-16-2026.xlsx,1,899,300,1
upright:884509:sale,upright,shopgoodwill,sale,2026-09-16,884509,goldenthrift189,order,2100,0,paid_orders_09-16-2026_09-16-2026.xlsx,2,899,300,1
upright:884516:sale,upright,shopgoodwill,sale,2026-09-16,884516,quietdeals834,order,3500,0,paid_orders_09-16-2026_09-16-2026.xlsx,3,1299,300,1
upright:884518:sale,upright,shopgoodwill,sale,2026-09-16,884518,happyfinds531,order,800,0,paid_orders_09-16-2026_09-16-2026.xlsx,4,899,300,1
upright:884521:sale,upright,shopgoodwill,sale,2026-09-16,884521,norththrift292,order,1300,0,paid_orders_09-16-2026_09-16-2026.xlsx,5,899,300,1
upright:884523:sale,upright,shopgoodwill,sale,2026-09-16,884523,goldenriver348,order,3000,0,paid_orders_09-16-2026_09-16-2026.xlsx,6,1499,300,1
upright:884525:sale,upright,shopgoodwill,sale,2026-09-16,884525,goldenhound277,order,900,0,paid_orders_09-16-2026_09-16-2026.xlsx,7,1299,300,1
upright:884527:sale,upright,shopgoodwill,sale,2026-09-16,884527,quietthrift931,order,2800,0,paid_orders_09-16-2026_09-16-2026.xlsx,8,1099,300,1
upright:884530:sale,upright,shopgoodwill,sale,2026-09-16,884530,bluepicker634,order,2900,0,paid_orders_09-16-2026_09-16-2026.xlsx,9,1099,300,1
upright:884533:sale,upright,shopgoodwill,sale,2026-09-16,884533,rustybear248,order,500,0,paid_orders_09-16-2026_09-16-2026.xlsx,10,1499,300,1
upright:884536:sale,upright,shopgoodwill,sale,2026-09-16,884536,rustymaple256,order,500,0,paid_orders_09-16-2026_09-16-2026.xlsx,11,1099,300,1
upright:884540:sale,upright,shopgoodwill,sale,2026-09-16,884540,retrothrift571,order,1700,0,paid_orders_09-16-2026_09-16-2026.xlsx,12,1099,300,1
upright:884542:sale,upright,shopgoodwill,sale,2026-09-16,884542,bluefox91,order,900,0,paid_orders_09-16-2026_09-16-2026.xlsx,13,899,300,1
upright:884546:sale,upright,shopgoodwill,sale,2026-09-16,884546,retrothrift752,order,1100,0,paid_orders_09-16-2026_09-16-2026.xlsx,14,1299,300,1
upright:884550:sale,upright,shopgoodwill,sale,2026-09-16,884550,sunnyriver907,order,3600,0,paid_orders_09-16-2026_09-16-2026.xlsx,15,1299,300,1
upright:884553:sale,upright,shopgoodwill,sale,2026-09-16,884553,swiftthrift661,order,1600,0,paid_orders_09-16-2026_09-16-2026.xlsx,16,899,300,1
upright:884557:sale,upright,shopgoodwill,sale,2026-09-16,884557,goldenbear306,order,1400,0,paid_orders_09-16-2026_09-16-2026.xlsx,17,1299,300,1
upright:884558:sale,upright,shopgoodwill,sale,2026-09-16,884558,swiftpicker682,order,6100,0,paid_orders_09-16-2026_09-16-2026.xlsx,18,1299,300,1
upright:884559:sale,upright,shopgoodwill,sale,2026-09-16,884559,happymaple239,order,2900,0,paid_orders_09-16-2026_09-16-2026.xlsx,19,899,300,1
upright:884560:sale,upright,shopgoodwill,sale,2026-09-16,884560,sunnybear338,order,700,0,paid_orders_09-16-2026_09-16-2026.xlsx,20,1299,300,1
upright:884562:sale,upright,shopgoodwill,sale,2026-09-16,884562,swiftmaple653,order,2000,0,paid_orders_09-16-2026_09-16-2026.xlsx,21,899,300,1
upright:884566:sale,upright,shopgoodwill,sale,2026-09-16,884566,sunnypicker821,order,19600,0,paid_orders_09-16-2026_09-16-2026.xlsx,22,1099,300,1
upright:884567:sale,upright,shopgoodwill,sale,2026-09-16,884567,sunnyhound619,order,3200,0,paid_orders_09-16-2026_09-16-2026.xlsx,23,1499,300,1
upright:884569:sale,upright,shopgoodwill,sale,2026-09-16,884569,rustyfox765,order,3400,0,paid_orders_09-16-2026_09-16-2026.xlsx,24,1499,300,1
upright:884571:sale,upright,shopgoodwill,sale,2026-09-16,884571,retrothrift613,order,2300,0,paid_orders_09-16-2026_09-16-2026.xlsx,25,1099,300,1
upright:884573:sale,upright,shopgoodwill,sale,2026-09-16,884573,quietdeals192,order,5700,0,paid_orders_09-16-2026_09-16-2026.xlsx,26,899,300,1
upright:884574:sale,upright,shopgoodwill,sale,2026-09-16,884574,quietthrift931,order,4200,0,paid_orders_09-16-2026_09-16-2026.xlsx,27,1499,300,1
upright:884575:sale,upright,shopgoodwill,sale,2026-09-16,884575,sunnyfinds591,order,1100,0,paid_orders_09-16-2026_09-16-2026.xlsx,28,899,300,1
upright:884579:sale,upright,shopgoodwill,sale,2026-09-16,884579,goldenfox575,order,1800,0,paid_orders_09-16-2026_09-16-2026.xlsx,29,1499,300,1
upright:884583:sale,upright,shopgoodwill,sale,2026-09-16,884583,goldendeals798,order,1700,0,paid_orders_09-16-2026_09-16-2026.xlsx,30,1299,300,1
upright:884586:sale,upright,shopgoodwill,sale,2026-09-16,884586,quietthrift313,order,1400,0,paid_orders_09-16-2026_09-16-2026.xlsx,31,1499,300,1
upright:884588:sale,upright,shopgoodwill,sale,2026-09-16,884588,luckyhound716,order,1700,0,paid_orders_09-16-2026_09-16-2026.xlsx,32,1499,300,1
upright:884589:sale,upright,shopgoodwill,sale,2026-09-16,884589,sunnyfinds636,order,2800,0,paid_orders_09-16-2026_09-16-2026.xlsx,33,1099,300,1
upright:884592:sale,upright,shopgoodwill,sale,2026-09-17,884592,luckyriver667,order,1500,0,paid_orders_09-16-2026_09-16-2026.xlsx,34,1099,300,1
upright:884636:sale,upright,shopgoodwill,sale,2026-09-17,884636,rustythrift768,order,3500,0,paid_orders_09-16-2026_09-16-2026.xlsx,35,1299,300,1
upright:884660:sale,upright,shopgoodwill,sale,2026-09-17,884660,luckydeals969,order,5300,0,paid_orders_09-16-2026_09-16-2026.xlsx,36,1099,300,1
upright:884665:sale,upright,shopgoodwill,sale,2026-09-17,884665,luckyriver667,order,5900,0,paid_orders_09-16-2026_09-16-2026.xlsx,37,899,300,1
upright:884718:sale,upright,shopgoodwill,sale,2026-09-17,884718,sunnypicker573,order,800,0,paid_orders_09-16-2026_09-16-2026.xlsx,38,1299,300,1
upright:884730:sale,upright,shopgoodwill,sale,2026-09-17,884730,swiftfinds142,order,1700,0,paid_orders_09-16-2026_09-16-2026.xlsx,39,1299,300,1
upright:884593:sale,upright,shopgoodwill,sale,2026-09-17,884593,northpicker68,order,900,0,paid_orders_09-17-2026_09-17-2026.xlsx,1,899,300,1
upright:884594:sale,upright,shopgoodwill,sale,2026-09-17,884594,bluedeals43,order,2400,0,paid_orders_09-17-2026_09-17-2026.xlsx,2,1499,300,1
upright:884598:sale,upright,shopgoodwill,sale,2026-09-17,884598,sunnypicker573,order,1000,0,paid_orders_09-17-2026_09-17-2026.xlsx,3,1299,300,1
upright:884602:sale,upright,shopgoodwill,sale,2026-09-17,884602,bluehound115,order,5200,0,paid_orders_09-17-2026_09-17-2026.xlsx,4,899,300,1
upright:884606:sale,upright,shopgoodwill,sale,2026-09-17,884606,sunnyriver115,order,7300,0,paid_orders_09-17-2026_09-17-2026.xlsx,5,899,300,1
upright:884610:sale,upright,shopgoodwill,sale,2026-09-17,884610,retropicker67,order,2700,0,paid_orders_09-17-2026_09-17-2026.xlsx,6,1099,300,1
upright:884613:sale,upright,shopgoodwill,sale,2026-09-17,884613,retroowl57,order,1100,0,paid_orders_09-17-2026_09-17-2026.xlsx,7,1299,300,1
upright:884617:sale,upright,shopgoodwill,sale,2026-09-17,884617,bluepicker634,order,2500,0,paid_orders_09-17-2026_09-17-2026.xlsx,8,1099,300,1
upright:884619:sale,upright,shopgoodwill,sale,2026-09-17,884619,rustyhound958,order,15000,0,paid_orders_09-17-2026_09-17-2026.xlsx,9,1099,300,1
upright:884622:sale,upright,shopgoodwill,sale,2026-09-17,884622,quietbear763,order,700,0,paid_orders_09-17-2026_09-17-2026.xlsx,10,899,300,1
upright:884624:sale,upright,shopgoodwill,sale,2026-09-17,884624,rustymaple994,order,4000,0,paid_orders_09-17-2026_09-17-2026.xlsx,11,1299,300,1
upright:884625:sale,upright,shopgoodwill,sale,2026-09-17,884625,swiftmaple809,order,3300,0,paid_orders_09-17-2026_09-17-2026.xlsx,12,899,300,1
upright:884628:sale,upright,shopgoodwill,sale,2026-09-17,884628,happyriver286,order,2200,0,paid_orders_09-17-2026_09-17-2026.xlsx,13,1299,300,1
upright:884632:sale,upright,shopgoodwill,sale,2026-09-17,884632,quietpicker145,order,4000,0,paid_orders_09-17-2026_09-17-2026.xlsx,14,899,300,1
upright:884634:sale,upright,shopgoodwill,sale,2026-09-17,884634,goldenhound559,order,3500,0,paid_orders_09-17-2026_09-17-2026.xlsx,15,1299,300,1
upright:884640:sale,upright,shopgoodwill,sale,2026-09-17,884640,bluehound944,order,600,0,paid_orders_09-17-2026_09-17-2026.xlsx,16,899,300,1
upright:884644:sale,upright,shopgoodwill,sale,2026-09-17,884644,happyfox155,order,6400,0,paid_orders_09-17-2026_09-17-2026.xlsx,17,1099,300,1
upright:884645:sale,upright,shopgoodwill,sale,2026-09-17,884645,bluethrift664,order,22100,0,paid_orders_09-17-2026_09-17-2026.xlsx,18,1499,300,1
upright:884649:sale,upright,shopgoodwill,sale,2026-09-17,884649,goldenowl823,order,1700,0,paid_orders_09-17-2026_09-17-2026.xlsx,19,1299,300,1
upright:884650:sale,upright,shopgoodwill,sale,2026-09-17,884650,sunnymaple342,order,900,0,paid_orders_09-17-2026_09-17-2026.xlsx,20,899,300,1
upright:884653:sale,upright,shopgoodwill,sale,2026-09-17,884653,goldenhound380,order,3800,0,paid_orders_09-17-2026_09-17-2026.xlsx,21,1099,300,1
upright:884654:sale,upright,shopgoodwill,sale,2026-09-17,884654,bluebear828,order,2300,0,paid_orders_09-17-2026_09-17-2026.xlsx,22,899,300,1
upright:884657:sale,upright,shopgoodwill,sale,2026-09-17,884657,quietriver270,order,4500,0,paid_orders_09-17-2026_09-17-2026.xlsx,23,1499,300,1
upright:884662:sale,upright,shopgoodwill,sale,2026-09-17,884662,northbear492,order,2300,0,paid_orders_09-17-2026_09-17-2026.xlsx,24,899,300,1
upright:884667:sale,upright,shopgoodwill,sale,2026-09-17,884667,swiftmaple687,order,4600,0,paid_orders_09-17-2026_09-17-2026.xlsx,25,899,300,1
upright:884668:sale,upright,shopgoodwill,sale,2026-09-17,884668,bluethrift65,order,4500,0,paid_orders_09-17-2026_09-17-2026.xlsx,26,1499,300,1
upright:884670:sale,upright,shopgoodwill,sale,2026-09-17,884670,swiftpicker956,order,1900,0,paid_orders_09-17-2026_09-17-2026.xlsx,27,899,300,1
upright:884673:sale,upright,shopgoodwill,sale,2026-09-17,884673,sunnyowl410,order,2800,0,paid_orders_09-17-2026_09-17-2026.xlsx,28,1099,300,1
upright:884674:sale,upright,shopgoodwill,sale,2026-09-17,884674,happyowl780,order,7100,0,paid_orders_09-17-2026_09-17-2026.xlsx,29,1499,300,1
upright:884677:sale,upright,shopgoodwill,sale,2026-09-17,884677,rustyhound417,order,1000,0,paid_orders_09-17-2026_09-17-2026.xlsx,30,899,300,1
upright:884679:sale,upright,shopgoodwill,sale,2026-09-17,884679,retrohound141,order,1400,0,paid_orders_09-17-2026_09-17-2026.xlsx,31,1099,300,1
upright:884682:sale,upright,shopgoodwill,sale,2026-09-17,884682,sunnyfinds636,order,2100,0,paid_orders_09-17-2026_09-17-2026.xlsx,32,1499,300,1
upright:884686:sale,upright,shopgoodwill,sale,2026-09-17,884686,retrodeals661,order,5400,0,paid_orders_09-17-2026_09-17-2026.xlsx,33,1499,300,1
upright:884689:sale,upright,shopgoodwill,sale,2026-09-17,884689,swiftthrift498,order,3100,0,paid_orders_09-17-2026_09-17-2026.xlsx,34,1099,300,1
upright:884691:sale,upright,shopgoodwill,sale,2026-09-17,884691,happythrift947,order,1800,0,paid_orders_09-17-2026_09-17-2026.xlsx,35,899,300,1
upright:884695:sale,upright,shopgoodwill,sale,2026-09-17,884695,bluemaple228,order,1600,0,paid_orders_09-17-2026_09-17-2026.xlsx,36,1299,300,1
upright:884699:sale,upright,shopgoodwill,sale,2026-09-17,884699,northpicker564,order,2700,0,paid_orders_09-17-2026_09-17-2026.xlsx,37,1099,300,1
upright:884703:sale,upright,shopgoodwill,sale,2026-09-17,884703,sunnyfox757,order,3200,0,paid_orders_09-17-2026_09-17-2026.xlsx,38,1099,300,1
upright:884706:sale,upright,shopgoodwill,sale,2026-09-17,884706,luckybear767,order,9500,0,paid_orders_09-17-2026_09-17-2026.xlsx,39,1499,300,1
upright:884710:sale,upright,shopgoodwill,sale,2026-09-17,884710,bluethrift789,order,3200,0,paid_orders_09-17-2026_09-17-2026.xlsx,40,1099,300,1
upright:884712:sale,upright,shopgoodwill,sale,2026-09-17,884712,rustybear940,order,2000,0,paid_orders_09-17-2026_09-17-2026.xlsx,41,1499,300,1
upright:884716:sale,upright,shopgoodwill,sale,2026-09-17,884716,swiftfox259,order,2500,0,paid_orders_09-17-2026_09-17-2026.xlsx,42,899,300,1
upright:884719:sale,upright,shopgoodwill,sale,2026-09-17,884719,sunnyfinds610,order,2100,0,paid_orders_09-17-2026_09-17-2026.xlsx,43,1299,300,1
upright:884722:sale,upright,shopgoodwill,sale,2026-09-17,884722,sunnymaple460,order,7800,0,paid_orders_09-17-2026_09-17-2026.xlsx,44,899,300,1
upright:884725:sale,upright,shopgoodwill,sale,2026-09-17,884725,goldenowl823,order,5700,0,paid_orders_09-17-2026_09-17-2026.xlsx,45,1099,300,1
upright:884727:sale,upright,shopgoodwill,sale,2026-09-17,884727,sunnyriver115,order,7100,0,paid_orders_09-17-2026_09-17-2026.xlsx,46,1299,300,1
upright:884763:sale,upright,shopgoodwill,sale,2026-09-18,884763,swiftmaple442,order,2500,0,paid_orders_09-17-2026_09-17-2026.xlsx,47,1499,300,1
upright:884771:sale,upright,shopgoodwill,sale,2026-09-18,884771,sunnythrift76,order,3200,0,paid_orders_09-17-2026_09-17-2026.xlsx,48,899,300,1
upright:884733:sale,upright,shopgoodwill,sale,2026-09-18,884733,quietdeals153,order,1600,0,paid_orders_09-18-2026_09-18-2026.xlsx,1,899,300,1
upright:884736:sale,upright,shopgoodwill,sale,2026-09-18,884736,quietbear230,order,3200,0,paid_orders_09-18-2026_09-18-2026.xlsx,2,899,300,1
upright:884739:sale,upright,shopgoodwill,sale,2026-09-18,884739,swiftdeals952,order,2900,0,paid_orders_09-18-2026_09-18-2026.xlsx,3,1499,300,1
upright:884740:sale,upright,shopgoodwill,sale,2026-09-18,884740,happypicker705,order,4500,0,paid_orders_09-18-2026_09-18-2026.xlsx,4,1499,300,1
upright:884743:sale,upright,shopgoodwill,sale,2026-09-18,884743,goldenriver205,order,5700,0,paid_orders_09-18-2026_09-18-2026.xlsx,5,1499,300,1
upright:884745:sale,upright,shopgoodwill,sale,2026-09-18,884745,quiethound442,order,6000,0,paid_orders_09-18-2026_09-18-2026.xlsx,6,1299,300,1
upright:884748:sale,upright,shopgoodwill,sale,2026-09-18,884748,swiftriver876,order,3200,0,paid_orders_09-18-2026_09-18-2026.xlsx,7,1099,300,1
upright:884751:sale,upright,shopgoodwill,sale,2026-09-18,884751,quietthrift253,order,900,0,paid_orders_09-18-2026_09-18-2026.xlsx,8,1499,300,1
upright:884754:sale,upright,shopgoodwill,sale,2026-09-18,884754,bluethrift65,order,7500,0,paid_orders_09-18-2026_09-18-2026.xlsx,9,1099,300,1
upright:884757:sale,upright,shopgoodwill,sale,2026-09-18,884757,bluehound170,order,3600,0,paid_orders_09-18-2026_09-18-2026.xlsx,10,899,300,1
upright:884761:sale,upright,shopgoodwill,sale,2026-09-18,884761,happymaple330,order,2100,0,paid_orders_09-18-2026_09-18-2026.xlsx,11,1499,300,1
upright:884767:sale,upright,shopgoodwill,sale,2026-09-18,884767,sunnyfinds844,order,2700,0,paid_orders_09-18-2026_09-18-2026.xlsx,12,899,300,1
upright:884770:sale,upright,shopgoodwill,sale,2026-09-18,884770,quietowl201,order,3600,0,paid_orders_09-18-2026_09-18-2026.xlsx,13,899,300,1
upright:884772:sale,upright,shopgoodwill,sale,2026-09-18,884772,bluedeals463,order,1300,0,paid_orders_09-18-2026_09-18-2026.xlsx,14,1099,300,1
upright:884774:sale,upright,shopgoodwill,sale,2026-09-18,884774,sunnythrift76,order,3300,0,paid_orders_09-18-2026_09-18-2026.xlsx,15,899,300,1
upright:884777:sale,upright,shopgoodwill,sale,2026-09-18,884777,luckymaple292,order,3100,0,paid_orders_09-18-2026_09-18-2026.xlsx,16,1299,300,1
upright:884780:sale,upright,shopgoodwill,sale,2026-09-18,884780,bluefox587,order,900,0,paid_orders_09-18-2026_09-18-2026.xlsx,17,899,300,1
upright:884784:sale,upright,shopgoodwill,sale,2026-09-18,884784,rustyriver107,order,8200,0,paid_orders_09-18-2026_09-18-2026.xlsx,18,1299,300,1
upright:884788:sale,upright,shopgoodwill,sale,2026-09-18,884788,goldenowl339,order,5900,0,paid_orders_09-18-2026_09-18-2026.xlsx,19,1499,300,1
upright:884790:sale,upright,shopgoodwill,sale,2026-09-18,884790,sunnyfox590,order,3500,0,paid_orders_09-18-2026_09-18-2026.xlsx,20,1499,300,1
upright:884791:sale,upright,shopgoodwill,sale,2026-09-18,884791,sunnyfinds665,order,2300,0,paid_orders_09-18-2026_09-18-2026.xlsx,21,899,300,1
upright:884792:sale,upright,shopgoodwill,sale,2026-09-18,884792,luckybear997,order,3700,0,paid_orders_09-18-2026_09-18-2026.xlsx,22,1499,300,1
upright:884793:sale,upright,shopgoodwill,sale,2026-09-18,884793,rustyfox765,order,3900,0,paid_orders_09-18-2026_09-18-2026.xlsx,23,1299,300,1
upright:884794:sale,upright,shopgoodwill,sale,2026-09-18,884794,bluefinds54,order,4500,0,paid_orders_09-18-2026_09-18-2026.xlsx,24,899,300,1
upright:884795:sale,upright,shopgoodwill,sale,2026-09-18,884795,luckyhound716,order,500,0,paid_orders_09-18-2026_09-18-2026.xlsx,25,899,300,1
upright:884798:sale,upright,shopgoodwill,sale,2026-09-18,884798,sunnybear608,order,1800,0,paid_orders_09-18-2026_09-18-2026.xlsx,26,1499,300,1
upright:884801:sale,upright,shopgoodwill,sale,2026-09-18,884801,swifthound771,order,5800,0,paid_orders_09-18-2026_09-18-2026.xlsx,27,899,300,1
upright:884805:sale,upright,shopgoodwill,sale,2026-09-18,884805,bluedeals463,order,4800,0,paid_orders_09-18-2026_09-18-2026.xlsx,28,1099,300,1
upright:884808:sale,upright,shopgoodwill,sale,2026-09-18,884808,rustymaple256,order,3700,0,paid_orders_09-18-2026_09-18-2026.xlsx,29,899,300,1
upright:884810:sale,upright,shopgoodwill,sale,2026-09-18,884810,sunnybear76,order,800,0,paid_orders_09-18-2026_09-18-2026.xlsx,30,1299,300,1
upright:884814:sale,upright,shopgoodwill,sale,2026-09-18,884814,sunnymaple342,order,6000,0,paid_orders_09-18-2026_09-18-2026.xlsx,31,1299,300,1
upright:884817:sale,upright,shopgoodwill,sale,2026-09-18,884817,goldenowl355,order,4500,0,paid_orders_09-18-2026_09-18-2026.xlsx,32,1099,300,1
upright:884820:sale,upright,shopgoodwill,sale,2026-09-18,884820,northhound277,order,1600,0,paid_orders_09-18-2026_09-18-2026.xlsx,33,1499,300,1
upright:884821:sale,upright,shopgoodwill,sale,2026-09-18,884821,quietbear896,order,2400,0,paid_orders_09-18-2026_09-18-2026.xlsx,34,1299,300,1
upright:884823:sale,upright,shopgoodwill,sale,2026-09-18,884823,luckydeals969,order,3400,0,paid_orders_09-18-2026_09-18-2026.xlsx,35,899,300,1
upright:884844:sale,upright,shopgoodwill,sale,2026-09-19,884844,retrofinds594,order,7700,0,paid_orders_09-18-2026_09-18-2026.xlsx,36,1499,300,1
upright:884826:sale,upright,shopgoodwill,sale,2026-09-19,884826,sunnypicker573,order,4200,0,paid_orders_09-19-2026_09-19-2026.xlsx,1,1499,300,1
upright:884828:sale,upright,shopgoodwill,sale,2026-09-19,884828,luckybear997,order,1200,0,paid_orders_09-19-2026_09-19-2026.xlsx,2,1099,300,1
upright:884832:sale,upright,shopgoodwill,sale,2026-09-19,884832,luckyfox39,order,900,0,paid_orders_09-19-2026_09-19-2026.xlsx,3,1499,300,1
upright:884834:sale,upright,shopgoodwill,sale,2026-09-19,884834,northpicker564,order,2800,0,paid_orders_09-19-2026_09-19-2026.xlsx,4,1299,300,1
upright:884837:sale,upright,shopgoodwill,sale,2026-09-19,884837,swiftowl391,order,2300,0,paid_orders_09-19-2026_09-19-2026.xlsx,5,899,300,1
upright:884840:sale,upright,shopgoodwill,sale,2026-09-19,884840,quietdeals834,order,800,0,paid_orders_09-19-2026_09-19-2026.xlsx,6,1099,300,1
upright:884842:sale,upright,shopgoodwill,sale,2026-09-19,884842,swiftowl491,order,500,0,paid_orders_09-19-2026_09-19-2026.xlsx,7,899,300,1
upright:884847:sale,upright,shopgoodwill,sale,2026-09-19,884847,swiftpicker358,order,6000,0,paid_orders_09-19-2026_09-19-2026.xlsx,8,899,300,1
upright:884850:sale,upright,shopgoodwill,sale,2026-09-19,884850,swiftfinds597,order,11700,0,paid_orders_09-19-2026_09-19-2026.xlsx,9,1299,300,1
upright:884852:sale,upright,shopgoodwill,sale,2026-09-19,884852,luckyriver667,order,1200,0,paid_orders_09-19-2026_09-19-2026.xlsx,10,1299,300,1
upright:884854:sale,upright,shopgoodwill,sale,2026-09-19,884854,happydeals292,order,1900,0,paid_orders_09-19-2026_09-19-2026.xlsx,11,899,300,1
upright:884856:sale,upright,shopgoodwill,sale,2026-09-19,884856,sunnythrift76,order,600,0,paid_orders_09-19-2026_09-19-2026.xlsx,12,1299,300,1
upright:884860:sale,upright,shopgoodwill,sale,2026-09-19,884860,retrofinds176,order,2900,0,paid_orders_09-19-2026_09-19-2026.xlsx,13,899,300,1
upright:884862:sale,upright,shopgoodwill,sale,2026-09-19,884862,quietbear247,order,1300,0,paid_orders_09-19-2026_09-19-2026.xlsx,14,1499,300,1
upright:884866:sale,upright,shopgoodwill,sale,2026-09-19,884866,quietbear247,order,2100,0,paid_orders_09-19-2026_09-19-2026.xlsx,15,1299,300,1
upright:884868:sale,upright,shopgoodwill,sale,2026-09-19,884868,luckybear857,order,3200,0,paid_orders_09-19-2026_09-19-2026.xlsx,16,1099,300,1
upright:884872:sale,upright,shopgoodwill,sale,2026-09-19,884872,bluehound115,order,1700,0,paid_orders_09-19-2026_09-19-2026.xlsx,17,1299,300,1
upright:884876:sale,upright,shopgoodwill,sale,2026-09-19,884876,happyriver286,order,2100,0,paid_orders_09-19-2026_09-19-2026.xlsx,18,1499,300,1
upright:884880:sale,upright,shopgoodwill,sale,2026-09-19,884880,swiftdeals534,order,3600,0,paid_orders_09-19-2026_09-19-2026.xlsx,19,1099,300,1
upright:884882:sale,upright,shopgoodwill,sale,2026-09-19,884882,goldenbear150,order,700,0,paid_orders_09-19-2026_09-19-2026.xlsx,20,899,300,1
upright:884883:sale,upright,shopgoodwill,sale,2026-09-19,884883,northowl598,order,1600,0,paid_orders_09-19-2026_09-19-2026.xlsx,21,1499,300,1
upright:884886:sale,upright,shopgoodwill,sale,2026-09-19,884886,goldenpicker387,order,4400,0,paid_orders_09-19-2026_09-19-2026.xlsx,22,1499,300,1
upright:884888:sale,upright,shopgoodwill,sale,2026-09-19,884888,sunnyhound266,order,1000,0,paid_orders_09-19-2026_09-19-2026.xlsx,23,899,300,1
upright:884889:sale,upright,shopgoodwill,sale,2026-09-19,884889,sunnyfox590,order,5100,0,paid_orders_09-19-2026_09-19-2026.xlsx,24,1499,300,1
upright:884891:sale,upright,shopgoodwill,sale,2026-09-19,884891,sunnyfox622,order,5300,0,paid_orders_09-19-2026_09-19-2026.xlsx,25,1499,300,1
upright:884894:sale,upright,shopgoodwill,sale,2026-09-19,884894,sunnypicker573,order,7200,0,paid_orders_09-19-2026_09-19-2026.xlsx,26,899,300,1
upright:884896:sale,upright,shopgoodwill,sale,2026-09-19,884896,blueowl160,order,1400,0,paid_orders_09-19-2026_09-19-2026.xlsx,27,1099,300,1
upright:884900:sale,upright,shopgoodwill,sale,2026-09-19,884900,rustythrift48,order,2500,0,paid_orders_09-19-2026_09-19-2026.xlsx,28,899,300,1
upright:884903:sale,upright,shopgoodwill,sale,2026-09-19,884903,swiftmaple442,order,3400,0,paid_orders_09-19-2026_09-19-2026.xlsx,29,899,300,1
upright:884905:sale,upright,shopgoodwill,sale,2026-09-19,884905,northdeals393,order,1000,0,paid_orders_09-19-2026_09-19-2026.xlsx,30,1099,300,1
upright:884909:sale,upright,shopgoodwill,sale,2026-09-19,884909,happypicker705,order,5400,0,paid_orders_09-19-2026_09-19-2026.xlsx,31,1099,300,1
upright:884910:sale,upright,shopgoodwill,sale,2026-09-19,884910,rustyowl451,order,1100,0,paid_orders_09-19-2026_09-19-2026.xlsx,32,1299,300,1
upright:884911:sale,upright,shopgoodwill,sale,2026-09-19,884911,quietriver554,order,900,0,paid_orders_09-19-2026_09-19-2026.xlsx,33,1499,300,1
upright:884914:sale,upright,shopgoodwill,sale,2026-09-19,884914,goldenriver513,order,4300,0,paid_orders_09-19-2026_09-19-2026.xlsx,34,1499,300,1
upright:884918:sale,upright,shopgoodwill,sale,2026-09-19,884918,retrothrift571,order,4900,0,paid_orders_09-19-2026_09-19-2026.xlsx,35,1499,300,1
upright:884921:sale,upright,shopgoodwill,sale,2026-09-19,884921,swiftfinds707,order,5200,0,paid_orders_09-19-2026_09-19-2026.xlsx,36,1299,300,1
upright:884922:sale,upright,shopgoodwill,sale,2026-09-19,884922,quietriver207,order,3000,0,paid_orders_09-19-2026_09-19-2026.xlsx,37,899,300,1
upright:884925:sale,upright,shopgoodwill,sale,2026-09-19,884925,swiftowl391,order,1300,0,paid_orders_09-19-2026_09-19-2026.xlsx,38,1299,300,1
upright:884927:sale,upright,shopgoodwill,sale,2026-09-19,884927,rustymaple994,order,2300,0,paid_orders_09-19-2026_09-19-2026.xlsx,39,1499,300,1
upright:884930:sale,upright,shopgoodwill,sale,2026-09-19,884930,northpicker397,order,2700,0,paid_orders_09-19-2026_09-19-2026.xlsx,40,899,300,1
upright:884932:sale,upright,shopgoodwill,sale,2026-09-19,884932,rustyriver353,order,1900,0,paid_orders_09-19-2026_09-19-2026.xlsx,41,1299,300,1
upright:884935:sale,upright,shopgoodwill,sale,2026-09-19,884935,bluefox377,order,6000,0,paid_orders_09-19-2026_09-19-2026.xlsx,42,899,300,1
upright:884938:sale,upright,shopgoodwill,sale,2026-09-19,884938,norththrift327,order,4000,0,paid_orders_09-19-2026_09-19-2026.xlsx,43,1499,300,1
upright:884939:sale,upright,shopgoodwill,sale,2026-09-20,884939,quietfox686,order,3500,0,paid_orders_09-20-2026_09-20-2026.xlsx,1,899,300,1
upright:884943:sale,upright,shopgoodwill,sale,2026-09-20,884943,happydeals292,order,2400,0,paid_orders_09-20-2026_09-20-2026.xlsx,2,1099,300,1
upright:884946:sale,upright,shopgoodwill,sale,2026-09-20,884946,retrofox189,order,700,0,paid_orders_09-20-2026_09-20-2026.xlsx,3,899,300,1
upright:884947:sale,upright,shopgoodwill,sale,2026-09-20,884947,northriver733,order,1600,0,paid_orders_09-20-2026_09-20-2026.xlsx,4,1299,300,1
upright:884948:sale,upright,shopgoodwill,sale,2026-09-20,884948,quietthrift983,order,4200,0,paid_orders_09-20-2026_09-20-2026.xlsx,5,1499,300,1
upright:884952:sale,upright,shopgoodwill,sale,2026-09-20,884952,quiethound911,order,4900,0,paid_orders_09-20-2026_09-20-2026.xlsx,6,1299,300,1
upright:884953:sale,upright,shopgoodwill,sale,2026-09-20,884953,retroriver972,order,1500,0,paid_orders_09-20-2026_09-20-2026.xlsx,7,1299,300,1
upright:884957:sale,upright,shopgoodwill,sale,2026-09-20,884957,retropicker448,order,1300,0,paid_orders_09-20-2026_09-20-2026.xlsx,8,1499,300,1
upright:884959:sale,upright,shopgoodwill,sale,2026-09-20,884959,quietmaple512,order,3900,0,paid_orders_09-20-2026_09-20-2026.xlsx,9,1099,300,1
upright:884960:sale,upright,shopgoodwill,sale,2026-09-20,884960,swiftdeals121,order,900,0,paid_orders_09-20-2026_09-20-2026.xlsx,10,1499,300,1
upright:884962:sale,upright,shopgoodwill,sale,2026-09-20,884962,retropicker67,order,1900,0,paid_orders_09-20-2026_09-20-2026.xlsx,11,1299,300,1
upright:884964:sale,upright,shopgoodwill,sale,2026-09-20,884964,quietmaple192,order,5400,0,paid_orders_09-20-2026_09-20-2026.xlsx,12,1099,300,1
upright:884967:sale,upright,shopgoodwill,sale,2026-09-20,884967,retropicker448,order,2700,0,paid_orders_09-20-2026_09-20-2026.xlsx,13,1099,300,1
upright:884971:sale,upright,shopgoodwill,sale,2026-09-20,884971,happythrift947,order,8300,0,paid_orders_09-20-2026_09-20-2026.xlsx,14,1299,300,1
upright:884973:sale,upright,shopgoodwill,sale,2026-09-20,884973,swiftpicker358,order,4500,0,paid_orders_09-20-2026_09-20-2026.xlsx,15,1099,300,1
upright:884974:sale,upright,shopgoodwill,sale,2026-09-20,884974,swiftowl491,order,3900,0,paid_orders_09-20-2026_09-20-2026.xlsx,16,899,300,1
upright:884977:sale,upright,shopgoodwill,sale,2026-09-20,884977,quietbear247,order,1800,0,paid_orders_09-20-2026_09-20-2026.xlsx,17,899,300,1
upright:884980:sale,upright,shopgoodwill,sale,2026-09-20,884980,bluebear828,order,4300,0,paid_orders_09-20-2026_09-20-2026.xlsx,18,899,300,1
upright:884983:sale,upright,shopgoodwill,sale,2026-09-20,884983,bluefox645,order,1500,0,paid_orders_09-20-2026_09-20-2026.xlsx,19,1099,300,1
upright:884986:sale,upright,shopgoodwill,sale,2026-09-20,884986,sunnybear338,order,5500,0,paid_orders_09-20-2026_09-20-2026.xlsx,20,1099,300,1
upright:884989:sale,upright,shopgoodwill,sale,2026-09-20,884989,goldenriver205,order,3500,0,paid_orders_09-20-2026_09-20-2026.xlsx,21,1299,300,1
upright:884991:sale,upright,shopgoodwill,sale,2026-09-20,884991,quietbear896,order,2000,0,paid_orders_09-20-2026_09-20-2026.xlsx,22,899,300,1
upright:884994:sale,upright,shopgoodwill,sale,2026-09-20,884994,goldenfinds169,order,6100,0,paid_orders_09-20-2026_09-20-2026.xlsx,23,1499,300,1
upright:884995:sale,upright,shopgoodwill,sale,2026-09-20,884995,goldenfinds169,order,3800,0,paid_orders_09-20-2026_09-20-2026.xlsx,24,899,300,1
upright:884996:sale,upright,shopgoodwill,sale,2026-09-20,884996,swifthound540,order,4800,0,paid_orders_09-20-2026_09-20-2026.xlsx,25,1499,300,1
upright:884998:sale,upright,shopgoodwill,sale,2026-09-20,884998,goldenhound277,order,2300,0,paid_orders_09-20-2026_09-20-2026.xlsx,26,1099,300,1
upright:885001:sale,upright,shopgoodwill,sale,2026-09-20,885001,swiftmaple809,order,3800,0,paid_orders_09-20-2026_09-20-2026.xlsx,27,1499,300,1
upright:885002:sale,upright,shopgoodwill,sale,2026-09-20,885002,luckyfox994,order,600,0,paid_orders_09-20-2026_09-20-2026.xlsx,28,1499,300,1
upright:885004:sale,upright,shopgoodwill,sale,2026-09-20,885004,quietriver487,order,3500,0,paid_orders_09-20-2026_09-20-2026.xlsx,29,899,300,1
upright:885007:sale,upright,shopgoodwill,sale,2026-09-20,885007,quietdeals834,order,3100,0,paid_orders_09-20-2026_09-20-2026.xlsx,30,1499,300,1
upright:885009:sale,upright,shopgoodwill,sale,2026-09-20,885009,swifthound696,order,5900,0,paid_orders_09-20-2026_09-20-2026.xlsx,31,1299,300,1
upright:885010:sale,upright,shopgoodwill,sale,2026-09-20,885010,bluefox301,order,5700,0,paid_orders_09-20-2026_09-20-2026.xlsx,32,1099,300,1
upright:885012:sale,upright,shopgoodwill,sale,2026-09-20,885012,sunnythrift76,order,6600,0,paid_orders_09-20-2026_09-20-2026.xlsx,33,1499,300,1
upright:885013:sale,upright,shopgoodwill,sale,2026-09-20,885013,quietfox686,order,900,0,paid_orders_09-20-2026_09-20-2026.xlsx,34,1299,300,1
upright:885014:sale,upright,shopgoodwill,sale,2026-09-20,885014,retroowl844,order,2800,0,paid_orders_09-20-2026_09-20-2026.xlsx,35,899,300,1
upright:885015:sale,upright,shopgoodwill,sale,2026-09-20,885015,goldenhound930,order,6300,0,paid_orders_09-20-2026_09-20-2026.xlsx,36,1099,300,1
upright:885016:sale,upright,shopgoodwill,sale,2026-09-20,885016,goldenhound277,order,2300,0,paid_orders_09-20-2026_09-20-2026.xlsx,37,899,300,1
upright:885019:sale,upright,shopgoodwill,sale,2026-09-20,885019,luckyriver667,order,5800,0,paid_orders_09-20-2026_09-20-2026.xlsx,38,1499,300,1
upright:885047:sale,upright,shopgoodwill,sale,2026-09-21,885047,swiftfox947,order,1000,0,paid_orders_09-20-2026_09-20-2026.xlsx,39,1099,300,1
upright:885061:sale,upright,shopgoodwill,sale,2026-09-21,885061,retrothrift752,order,1300,0,paid_orders_09-20-2026_09-20-2026.xlsx,40,899,300,1
upright:885020:sale,upright,shopgoodwill,sale,2026-09-21,885020,quietriver358,order,4700,0,paid_orders_09-21-2026_09-21-2026.xlsx,1,1499,300,1
upright:885024:sale,upright,shopgoodwill,sale,2026-09-21,885024,goldenfox575,order,4600,0,paid_orders_09-21-2026_09-21-2026.xlsx,2,899,300,1
upright:885027:sale,upright,shopgoodwill,sale,2026-09-21,885027,retrofox431,order,2500,0,paid_orders_09-21-2026_09-21-2026.xlsx,3,1499,300,1
upright:885030:sale,upright,shopgoodwill,sale,2026-09-21,885030,swiftmaple809,order,1300,0,paid_orders_09-21-2026_09-21-2026.xlsx,4,899,300,1
upright:885032:sale,upright,shopgoodwill,sale,2026-09-21,885032,quietmaple68,order,1300,0,paid_orders_09-21-2026_09-21-2026.xlsx,5,1499,300,1
upright:885035:sale,upright,shopgoodwill,sale,2026-09-21,885035,bluedeals463,order,1100,0,paid_orders_09-21-2026_09-21-2026.xlsx,6,1299,300,1
upright:885037:sale,upright,shopgoodwill,sale,2026-09-21,885037,sunnymaple931,order,6700,0,paid_orders_09-21-2026_09-21-2026.xlsx,7,1299,300,1
upright:885040:sale,upright,shopgoodwill,sale,2026-09-21,885040,goldenfinds282,order,11700,0,paid_orders_09-21-2026_09-21-2026.xlsx,8,1499,300,1
upright:885044:sale,upright,shopgoodwill,sale,2026-09-21,885044,happyfox155,order,1000,0,paid_orders_09-21-2026_09-21-2026.xlsx,9,1099,300,1
upright:885045:sale,upright,shopgoodwill,sale,2026-09-21,885045,sunnyfox590,order,5300,0,paid_orders_09-21-2026_09-21-2026.xlsx,10,1299,300,1
upright:885049:sale,upright,shopgoodwill,sale,2026-09-21,885049,swiftmaple442,order,2000,0,paid_orders_09-21-2026_09-21-2026.xlsx,11,1299,300,1
upright:885050:sale,upright,shopgoodwill,sale,2026-09-21,885050,quiethound605,order,3300,0,paid_orders_09-21-2026_09-21-2026.xlsx,12,1299,300,1
upright:885053:sale,upright,shopgoodwill,sale,2026-09-21,885053,quietfinds697,order,8400,0,paid_orders_09-21-2026_09-21-2026.xlsx,13,1099,300,1
upright:885057:sale,upright,shopgoodwill,sale,2026-09-21,885057,swiftfinds142,order,2100,0,paid_orders_09-21-2026_09-21-2026.xlsx,14,899,300,1
upright:885058:sale,upright,shopgoodwill,sale,2026-09-21,885058,sunnyfox391,order,900,0,paid_orders_09-21-2026_09-21-2026.xlsx,15,1099,300,1
upright:885062:sale,upright,shopgoodwill,sale,2026-09-21,885062,quietmaple192,order,3400,0,paid_orders_09-21-2026_09-21-2026.xlsx,16,1499,300,1
upright:885063:sale,upright,shopgoodwill,sale,2026-09-21,885063,northpicker397,order,5500,0,paid_orders_09-21-2026_09-21-2026.xlsx,17,1099,300,1
upright:885064:sale,upright,shopgoodwill,sale,2026-09-21,885064,quietdeals834,order,2800,0,paid_orders_09-21-2026_09-21-2026.xlsx,18,1299,300,1
upright:885066:sale,upright,shopgoodwill,sale,2026-09-21,885066,goldenfinds169,order,4700,0,paid_orders_09-21-2026_09-21-2026.xlsx,19,899,300,1
upright:885070:sale,upright,shopgoodwill,sale,2026-09-21,885070,happydeals292,order,3300,0,paid_orders_09-21-2026_09-21-2026.xlsx,20,899,300,1
upright:885071:sale,upright,shopgoodwill,sale,2026-09-21,885071,quietbear247,order,1200,0,paid_orders_09-21-2026_09-21-2026.xlsx,21,1099,300,1
upright:885075:sale,upright,shopgoodwill,sale,2026-09-21,885075,bluedeals51,order,5800,0,paid_orders_09-21-2026_09-21-2026.xlsx,22,1099,300,1
upright:885076:sale,upright,shopgoodwill,sale,2026-09-21,885076,swifthound696,order,6600,0,paid_orders_09-21-2026_09-21-2026.xlsx,23,899,300,1
upright:885080:sale,upright,shopgoodwill,sale,2026-09-21,885080,luckyowl234,order,1800,0,paid_orders_09-21-2026_09-21-2026.xlsx,24,899,300,1
upright:885084:sale,upright,shopgoodwill,sale,2026-09-21,885084,quietriver270,order,900,0,paid_orders_09-21-2026_09-21-2026.xlsx,25,1299,300,1
upright:885086:sale,upright,shopgoodwill,sale,2026-09-21,885086,retrohound141,order,1100,0,paid_orders_09-21-2026_09-21-2026.xlsx,26,1099,300,1
upright:885087:sale,upright,shopgoodwill,sale,2026-09-21,885087,goldendeals658,order,5500,0,paid_orders_09-21-2026_09-21-2026.xlsx,27,899,300,1
upright:885089:sale,upright,shopgoodwill,sale,2026-09-21,885089,northdeals658,order,4500,0,paid_orders_09-21-2026_09-21-2026.xlsx,28,1499,300,1
upright:885093:sale,upright,shopgoodwill,sale,2026-09-21,885093,swiftmaple809,order,3500,0,paid_orders_09-21-2026_09-21-2026.xlsx,29,1499,300,1
upright:885097:sale,upright,shopgoodwill,sale,2026-09-21,885097,northowl598,order,1900,0,paid_orders_09-21-2026_09-21-2026.xlsx,30,1499,300,1
upright:885098:sale,upright,shopgoodwill,sale,2026-09-21,885098,bluethrift30,order,1900,0,paid_orders_09-21-2026_09-21-2026.xlsx,31,1099,300,1
upright:885099:sale,upright,shopgoodwill,sale,2026-09-21,885099,swiftmaple442,order,8400,0,paid_orders_09-21-2026_09-21-2026.xlsx,32,1499,300,1
upright:885102:sale,upright,shopgoodwill,sale,2026-09-21,885102,rustyhound434,order,1500,0,paid_orders_09-21-2026_09-21-2026.xlsx,33,899,300,1
upright:885105:sale,upright,shopgoodwill,sale,2026-09-21,885105,sunnyfinds665,order,1200,0,paid_orders_09-21-2026_09-21-2026.xlsx,34,1299,300,1
upright:885107:sale,upright,shopgoodwill,sale,2026-09-21,885107,goldenriver348,order,2600,0,paid_orders_09-21-2026_09-21-2026.xlsx,35,1099,300,1
upright:885108:sale,upright,shopgoodwill,sale,2026-09-21,885108,bluedeals51,order,1300,0,paid_orders_09-21-2026_09-21-2026.xlsx,36,899,300,1
upright:885110:sale,upright,shopgoodwill,sale,2026-09-21,885110,luckyfinds131,order,1500,0,paid_orders_09-21-2026_09-21-2026.xlsx,37,899,300,1
upright:885113:sale,upright,shopgoodwill,sale,2026-09-21,885113,happymaple330,order,2400,0,paid_orders_09-21-2026_09-21-2026.xlsx,38,1299,300,1
upright:885117:sale,upright,shopgoodwill,sale,2026-09-21,885117,quietriver358,order,1000,0,paid_orders_09-21-2026_09-21-2026.xlsx,39,1299,300,1
upright:885118:sale,upright,shopgoodwill,sale,2026-09-21,885118,retrohound328,order,2900,0,paid_orders_09-21-2026_09-21-2026.xlsx,40,1499,300,1
upright:885121:sale,upright,shopgoodwill,sale,2026-09-21,885121,rustyfox121,order,1400,0,paid_orders_09-21-2026_09-21-2026.xlsx,41,899,300,1
upright:885125:sale,upright,shopgoodwill,sale,2026-09-21,885125,rustythrift117,order,5600,0,paid_orders_09-21-2026_09-21-2026.xlsx,42,1499,300,1
upright:885128:sale,upright,shopgoodwill,sale,2026-09-21,885128,retropicker448,order,4100,0,paid_orders_09-21-2026_09-21-2026.xlsx,43,1099,300,1
upright:885130:sale,upright,shopgoodwill,sale,2026-09-21,885130,happymaple9,order,1500,0,paid_orders_09-21-2026_09-21-2026.xlsx,44,1299,300,1
upright:885134:sale,upright,shopgoodwill,sale,2026-09-21,885134,sunnyfox391,order,1500,0,paid_orders_09-21-2026_09-21-2026.xlsx,45,1299,300,1
upright:885135:sale,upright,shopgoodwill,sale,2026-09-21,885135,goldenriver80,order,2100,0,paid_orders_09-21-2026_09-21-2026.xlsx,46,1299,300,1
upright:885137:sale,upright,shopgoodwill,sale,2026-09-21,885137,retroowl470,order,1400,0,paid_orders_09-21-2026_09-21-2026.xlsx,47,1299,300,1
upright:885139:sale,upright,shopgoodwill,sale,2026-09-21,885139,happydeals292,order,5900,0,paid_orders_09-21-2026_09-21-2026.xlsx,48,1099,300,1
upright:885140:sale,upright,shopgoodwill,sale,2026-09-21,885140,rustyriver107,order,3600,0,paid_orders_09-21-2026_09-21-2026.xlsx,49,1299,300,1
upright:885144:sale,upright,shopgoodwill,sale,2026-09-21,885144,bluefox645,order,7600,0,paid_orders_09-21-2026_09-21-2026.xlsx,50,1499,300,1
upright:885148:sale,upright,shopgoodwill,sale,2026-09-21,885148,luckybear857,order,2000,0,paid_orders_09-21-2026_09-21-2026.xlsx,51,1499,300,1
upright:885152:sale,upright,shopgoodwill,sale,2026-09-21,885152,happyowl698,order,3900,0,paid_orders_09-21-2026_09-21-2026.xlsx,52,1299,300,1
upright:885153:sale,upright,shopgoodwill,sale,2026-09-21,885153,happyowl698,order,3700,0,paid_orders_09-21-2026_09-21-2026.xlsx,53,1499,300,1
upright:885214:sale,upright,shopgoodwill,sale,2026-09-22,885214,sunnythrift103,order,5100,0,paid_orders_09-21-2026_09-21-2026.xlsx,54,1499,300,1
upright:885154:sale,upright,shopgoodwill,sale,2026-09-22,885154,luckydeals227,order,900,0,paid_orders_09-22-2026_09-22-2026.xlsx,1,1099,300,1
upright:885157:sale,upright,shopgoodwill,sale,2026-09-22,885157,luckyfinds317,order,6200,0,paid_orders_09-22-2026_09-22-2026.xlsx,2,1299,300,1
upright:885158:sale,upright,shopgoodwill,sale,2026-09-22,885158,luckyfox994,order,2800,0,paid_orders_09-22-2026_09-22-2026.xlsx,3,1499,300,1
upright:885159:sale,upright,shopgoodwill,sale,2026-09-22,885159,bluepicker634,order,4600,0,paid_orders_09-22-2026_09-22-2026.xlsx,4,1099,300,1
upright:885163:sale,upright,shopgoodwill,sale,2026-09-22,885163,luckypicker848,order,1100,0,paid_orders_09-22-2026_09-22-2026.xlsx,5,1499,300,1
upright:885165:sale,upright,shopgoodwill,sale,2026-09-22,885165,retroowl844,order,3900,0,paid_orders_09-22-2026_09-22-2026.xlsx,6,1499,300,1
upright:885166:sale,upright,shopgoodwill,sale,2026-09-22,885166,quietdeals834,order,2200,0,paid_orders_09-22-2026_09-22-2026.xlsx,7,1299,300,1
upright:885170:sale,upright,shopgoodwill,sale,2026-09-22,885170,sunnyriver981,order,1300,0,paid_orders_09-22-2026_09-22-2026.xlsx,8,1299,300,1
upright:885173:sale,upright,shopgoodwill,sale,2026-09-22,885173,sunnyfox757,order,2800,0,paid_orders_09-22-2026_09-22-2026.xlsx,9,1299,300,1
upright:885174:sale,upright,shopgoodwill,sale,2026-09-22,885174,goldenhound930,order,1000,0,paid_orders_09-22-2026_09-22-2026.xlsx,10,1099,300,1
upright:885178:sale,upright,shopgoodwill,sale,2026-09-22,885178,sunnyfinds665,order,900,0,paid_orders_09-22-2026_09-22-2026.xlsx,11,1299,300,1
upright:885179:sale,upright,shopgoodwill,sale,2026-09-22,885179,northowl598,order,3000,0,paid_orders_09-22-2026_09-22-2026.xlsx,12,1499,300,1
upright:885181:sale,upright,shopgoodwill,sale,2026-09-22,885181,goldenhound138,order,1400,0,paid_orders_09-22-2026_09-22-2026.xlsx,13,1299,300,1
upright:885182:sale,upright,shopgoodwill,sale,2026-09-22,885182,rustythrift50,order,3100,0,paid_orders_09-22-2026_09-22-2026.xlsx,14,1299,300,1
upright:885186:sale,upright,shopgoodwill,sale,2026-09-22,885186,blueriver129,order,2200,0,paid_orders_09-22-2026_09-22-2026.xlsx,15,1299,300,1
upright:885188:sale,upright,shopgoodwill,sale,2026-09-22,885188,happyowl698,order,1800,0,paid_orders_09-22-2026_09-22-2026.xlsx,16,899,300,1
upright:885190:sale,upright,shopgoodwill,sale,2026-09-22,885190,bluethrift67,order,3000,0,paid_orders_09-22-2026_09-22-2026.xlsx,17,1299,300,1
upright:885193:sale,upright,shopgoodwill,sale,2026-09-22,885193,retropicker448,order,4200,0,paid_orders_09-22-2026_09-22-2026.xlsx,18,899,300,1
upright:885196:sale,upright,shopgoodwill,sale,2026-09-22,885196,swiftmaple677,order,1800,0,paid_orders_09-22-2026_09-22-2026.xlsx,19,899,300,1
upright:885199:sale,upright,shopgoodwill,sale,2026-09-22,885199,rustyriver353,order,2700,0,paid_orders_09-22-2026_09-22-2026.xlsx,20,1099,300,1
upright:885201:sale,upright,shopgoodwill,sale,2026-09-22,885201,swiftthrift974,order,2100,0,paid_orders_09-22-2026_09-22-2026.xlsx,21,1099,300,1
upright:885204:sale,upright,shopgoodwill,sale,2026-09-22,885204,rustybear248,order,4400,0,paid_orders_09-22-2026_09-22-2026.xlsx,22,1099,300,1
upright:885205:sale,upright,shopgoodwill,sale,2026-09-22,885205,northowl354,order,1800,0,paid_orders_09-22-2026_09-22-2026.xlsx,23,899,300,1
upright:885208:sale,upright,shopgoodwill,sale,2026-09-22,885208,northhound801,order,1000,0,paid_orders_09-22-2026_09-22-2026.xlsx,24,1299,300,1
upright:885210:sale,upright,shopgoodwill,sale,2026-09-22,885210,luckybear767,order,6800,0,paid_orders_09-22-2026_09-22-2026.xlsx,25,899,300,1
upright:885215:sale,upright,shopgoodwill,sale,2026-09-22,885215,luckyhound716,order,4800,0,paid_orders_09-22-2026_09-22-2026.xlsx,26,899,300,1
upright:885219:sale,upright,shopgoodwill,sale,2026-09-22,885219,rustyriver107,order,4100,0,paid_orders_09-22-2026_09-22-2026.xlsx,27,1099,300,1
upright:885220:sale,upright,shopgoodwill,sale,2026-09-22,885220,sunnyriver907,order,1600,0,paid_orders_09-22-2026_09-22-2026.xlsx,28,1499,300,1
upright:885222:sale,upright,shopgoodwill,sale,2026-09-22,885222,retrothrift571,order,4200,0,paid_orders_09-22-2026_09-22-2026.xlsx,29,1299,300,1
upright:885224:sale,upright,shopgoodwill,sale,2026-09-22,885224,rustyfox594,order,1600,0,paid_orders_09-22-2026_09-22-2026.xlsx,30,1099,300,1
upright:885228:sale,upright,shopgoodwill,sale,2026-09-22,885228,swifthound540,order,900,0,paid_orders_09-22-2026_09-22-2026.xlsx,31,1499,300,1
upright:885229:sale,upright,shopgoodwill,sale,2026-09-22,885229,sunnyfinds636,order,5300,0,paid_orders_09-22-2026_09-22-2026.xlsx,32,899,300,1
upright:885230:sale,upright,shopgoodwill,sale,2026-09-22,885230,goldendeals658,order,3000,0,paid_orders_09-22-2026_09-22-2026.xlsx,33,1099,300,1
upright:885234:sale,upright,shopgoodwill,sale,2026-09-22,885234,swiftriver876,order,1300,0,paid_orders_09-22-2026_09-22-2026.xlsx,34,1099,300,1
upright:885235:sale,upright,shopgoodwill,sale,2026-09-22,885235,rustybear371,order,800,0,paid_orders_09-22-2026_09-22-2026.xlsx,35,1499,300,1
upright:885236:sale,upright,shopgoodwill,sale,2026-09-22,885236,quietthrift253,order,1500,0,paid_orders_09-22-2026_09-22-2026.xlsx,36,1099,300,1
upright:885239:sale,upright,shopgoodwill,sale,2026-09-22,885239,rustypicker237,order,700,0,paid_orders_09-22-2026_09-22-2026.xlsx,37,1499,300,1
upright:885242:sale,upright,shopgoodwill,sale,2026-09-22,885242,rustythrift117,order,1600,0,paid_orders_09-22-2026_09-22-2026.xlsx,38,1299,300,1
upright:885246:sale,upright,shopgoodwill,sale,2026-09-22,885246,goldenhound380,order,2900,0,paid_orders_09-22-2026_09-22-2026.xlsx,39,1499,300,1
upright:885247:sale,upright,shopgoodwill,sale,2026-09-22,885247,retrodeals240,order,1300,0,paid_orders_09-22-2026_09-22-2026.xlsx,40,1099,300,1
upright:885269:sale,upright,shopgoodwill,sale,2026-09-23,885269,rustythrift50,order,2000,0,paid_orders_09-22-2026_09-22-2026.xlsx,41,1499,300,1
upright:885279:sale,upright,shopgoodwill,sale,2026-09-23,885279,sunnybear338,order,2300,0,paid_orders_09-22-2026_09-22-2026.xlsx,42,1499,300,1
upright:885251:sale,upright,shopgoodwill,sale,2026-09-23,885251,northowl969,order,4000,0,paid_orders_09-23-2026_09-23-2026.xlsx,1,1099,300,1
upright:885253:sale,upright,shopgoodwill,sale,2026-09-23,885253,goldenhound106,order,3400,0,paid_orders_09-23-2026_09-23-2026.xlsx,2,1499,300,1
upright:885255:sale,upright,shopgoodwill,sale,2026-09-23,885255,swiftmaple687,order,1400,0,paid_orders_09-23-2026_09-23-2026.xlsx,3,1499,300,1
upright:885257:sale,upright,shopgoodwill,sale,2026-09-23,885257,northdeals393,order,1500,0,paid_orders_09-23-2026_09-23-2026.xlsx,4,899,300,1
upright:885259:sale,upright,shopgoodwill,sale,2026-09-23,885259,northowl969,order,7800,0,paid_orders_09-23-2026_09-23-2026.xlsx,5,1499,300,1
upright:885263:sale,upright,shopgoodwill,sale,2026-09-23,885263,northbear59,order,2000,0,paid_orders_09-23-2026_09-23-2026.xlsx,6,1099,300,1
upright:885267:sale,upright,shopgoodwill,sale,2026-09-23,885267,happymaple9,order,2500,0,paid_orders_09-23-2026_09-23-2026.xlsx,7,1299,300,1
upright:885270:sale,upright,shopgoodwill,sale,2026-09-23,885270,luckymaple347,order,4900,0,paid_orders_09-23-2026_09-23-2026.xlsx,8,1499,300,1
upright:885274:sale,upright,shopgoodwill,sale,2026-09-23,885274,sunnyfox590,order,1000,0,paid_orders_09-23-2026_09-23-2026.xlsx,9,1499,300,1
upright:885277:sale,upright,shopgoodwill,sale,2026-09-23,885277,bluethrift30,order,4200,0,paid_orders_09-23-2026_09-23-2026.xlsx,10,1099,300,1
upright:885282:sale,upright,shopgoodwill,sale,2026-09-23,885282,retrobear241,order,3200,0,paid_orders_09-23-2026_09-23-2026.xlsx,11,1099,300,1
upright:885285:sale,upright,shopgoodwill,sale,2026-09-23,885285,luckyriver25,order,3500,0,paid_orders_09-23-2026_09-23-2026.xlsx,12,899,300,1
upright:885289:sale,upright,shopgoodwill,sale,2026-09-23,885289,retrofox189,order,2400,0,paid_orders_09-23-2026_09-23-2026.xlsx,13,1499,300,1
upright:885290:sale,upright,shopgoodwill,sale,2026-09-23,885290,rustybear157,order,1900,0,paid_orders_09-23-2026_09-23-2026.xlsx,14,1299,300,1
upright:885292:sale,upright,shopgoodwill,sale,2026-09-23,885292,happyowl546,order,3000,0,paid_orders_09-23-2026_09-23-2026.xlsx,15,899,300,1
upright:885296:sale,upright,shopgoodwill,sale,2026-09-23,885296,bluefinds54,order,900,0,paid_orders_09-23-2026_09-23-2026.xlsx,16,1099,300,1
upright:885300:sale,upright,shopgoodwill,sale,2026-09-23,885300,swiftdeals627,order,2600,0,paid_orders_09-23-2026_09-23-2026.xlsx,17,1499,300,1
upright:885318:sale,upright,shopgoodwill,sale,2026-09-24,885318,rustyfox765,order,2600,0,paid_orders_09-23-2026_09-23-2026.xlsx,18,899,300,1
upright:885359:sale,upright,shopgoodwill,sale,2026-09-24,885359,sunnyfox590,order,1100,0,paid_orders_09-23-2026_09-23-2026.xlsx,19,899,300,1
upright:885304:sale,upright,shopgoodwill,sale,2026-09-24,885304,happyriver296,order,3500,0,paid_orders_09-24-2026_09-24-2026.xlsx,1,899,300,1
upright:885307:sale,upright,shopgoodwill,sale,2026-09-24,885307,northowl598,order,7300,0,paid_orders_09-24-2026_09-24-2026.xlsx,2,899,300,1
upright:885308:sale,upright,shopgoodwill,sale,2026-09-24,885308,rustyfinds592,order,2000,0,paid_orders_09-24-2026_09-24-2026.xlsx,3,1499,300,1
upright:885311:sale,upright,shopgoodwill,sale,2026-09-24,885311,swiftpicker621,order,1400,0,paid_orders_09-24-2026_09-24-2026.xlsx,4,899,300,1
upright:885313:sale,upright,shopgoodwill,sale,2026-09-24,885313,retrohound141,order,1400,0,paid_orders_09-24-2026_09-24-2026.xlsx,5,1499,300,1
upright:885314:sale,upright,shopgoodwill,sale,2026-09-24,885314,happyowl698,order,3800,0,paid_orders_09-24-2026_09-24-2026.xlsx,6,1099,300,1
upright:885322:sale,upright,shopgoodwill,sale,2026-09-24,885322,sunnythrift739,order,2600,0,paid_orders_09-24-2026_09-24-2026.xlsx,7,899,300,1
upright:885325:sale,upright,shopgoodwill,sale,2026-09-24,885325,swiftpicker956,order,9700,0,paid_orders_09-24-2026_09-24-2026.xlsx,8,1499,300,1
upright:885327:sale,upright,shopgoodwill,sale,2026-09-24,885327,retrodeals240,order,700,0,paid_orders_09-24-2026_09-24-2026.xlsx,9,1099,300,1
upright:885329:sale,upright,shopgoodwill,sale,2026-09-24,885329,bluefox587,order,4400,0,paid_orders_09-24-2026_09-24-2026.xlsx,10,1499,300,1
upright:885332:sale,upright,shopgoodwill,sale,2026-09-24,885332,retroriver350,order,6500,0,paid_orders_09-24-2026_09-24-2026.xlsx,11,1099,300,1
upright:885333:sale,upright,shopgoodwill,sale,2026-09-24,885333,happyowl698,order,900,0,paid_orders_09-24-2026_09-24-2026.xlsx,12,1299,300,1
upright:885335:sale,upright,shopgoodwill,sale,2026-09-24,885335,goldendeals798,order,600,0,paid_orders_09-24-2026_09-24-2026.xlsx,13,1299,300,1
upright:885338:sale,upright,shopgoodwill,sale,2026-09-24,885338,quietdeals192,order,1700,0,paid_orders_09-24-2026_09-24-2026.xlsx,14,1099,300,1
upright:885339:sale,upright,shopgoodwill,sale,2026-09-24,885339,happypicker705,order,4600,0,paid_orders_09-24-2026_09-24-2026.xlsx,15,899,300,1
upright:885343:sale,upright,shopgoodwill,sale,2026-09-24,885343,sunnythrift739,order,2500,0,paid_orders_09-24-2026_09-24-2026.xlsx,16,899,300,1
upright:885344:sale,upright,shopgoodwill,sale,2026-09-24,885344,swiftpicker682,order,1300,0,paid_orders_09-24-2026_09-24-2026.xlsx,17,1099,300,1
upright:885348:sale,upright,shopgoodwill,sale,2026-09-24,885348,luckyriver667,order,3800,0,paid_orders_09-24-2026_09-24-2026.xlsx,18,1299,300,1
upright:885351:sale,upright,shopgoodwill,sale,2026-09-24,885351,sunnyowl410,order,1500,0,paid_orders_09-24-2026_09-24-2026.xlsx,19,899,300,1
upright:885352:sale,upright,shopgoodwill,sale,2026-09-24,885352,retropicker67,order,3400,0,paid_orders_09-24-2026_09-24-2026.xlsx,20,1099,300,1
upright:885356:sale,upright,shopgoodwill,sale,2026-09-24,885356,bluethrift65,order,10600,0,paid_orders_09-24-2026_09-24-2026.xlsx,21,1499,300,1
upright:885362:sale,upright,shopgoodwill,sale,2026-09-24,885362,sunnyfox757,order,1300,0,paid_orders_09-24-2026_09-24-2026.xlsx,22,899,300,1
upright:885366:sale,upright,shopgoodwill,sale,2026-09-24,885366,sunnydeals747,order,2100,0,paid_orders_09-24-2026_09-24-2026.xlsx,23,1499,300,1
upright:885369:sale,upright,shopgoodwill,sale,2026-09-24,885369,rustyriver353,order,3700,0,paid_orders_09-24-2026_09-24-2026.xlsx,24,899,300,1
upright:885372:sale,upright,shopgoodwill,sale,2026-09-24,885372,swifthound540,order,2300,0,paid_orders_09-24-2026_09-24-2026.xlsx,25,1099,300,1
upright:885374:sale,upright,shopgoodwill,sale,2026-09-24,885374,happyowl780,order,1100,0,paid_orders_09-24-2026_09-24-2026.xlsx,26,899,300,1
upright:885378:sale,upright,shopgoodwill,sale,2026-09-24,885378,bluedeals51,order,3200,0,paid_orders_09-24-2026_09-24-2026.xlsx,27,899,300,1
upright:885379:sale,upright,shopgoodwill,sale,2026-09-24,885379,quietriver270,order,3800,0,paid_orders_09-24-2026_09-24-2026.xlsx,28,1099,300,1
upright:885382:sale,upright,shopgoodwill,sale,2026-09-24,885382,happydeals583,order,900,0,paid_orders_09-24-2026_09-24-2026.xlsx,29,1299,300,1
upright:885383:sale,upright,shopgoodwill,sale,2026-09-24,885383,luckyfinds131,order,5700,0,paid_orders_09-24-2026_09-24-2026.xlsx,30,899,300,1
upright:885385:sale,upright,shopgoodwill,sale,2026-09-24,885385,blueowl165,order,6600,0,paid_orders_09-24-2026_09-24-2026.xlsx,31,1099,300,1
upright:885389:sale,upright,shopgoodwill,sale,2026-09-24,885389,goldenhound106,order,1900,0,paid_orders_09-24-2026_09-24-2026.xlsx,32,899,300,1
upright:885391:sale,upright,shopgoodwill,sale,2026-09-24,885391,luckybear857,order,2000,0,paid_orders_09-24-2026_09-24-2026.xlsx,33,1099,300,1
upright:885393:sale,upright,shopgoodwill,sale,2026-09-24,885393,rustythrift50,order,800,0,paid_orders_09-24-2026_09-24-2026.xlsx,34,1499,300,1
upright:885394:sale,upright,shopgoodwill,sale,2026-09-24,885394,retrofox189,order,4100,0,paid_orders_09-24-2026_09-24-2026.xlsx,35,1099,300,1
upright:885397:sale,upright,shopgoodwill,sale,2026-09-24,885397,bluethrift65,order,1800,0,paid_orders_09-24-2026_09-24-2026.xlsx,36,1299,300,1
upright:885400:sale,upright,shopgoodwill,sale,2026-09-24,885400,swifthound540,order,4600,0,paid_orders_09-24-2026_09-24-2026.xlsx,37,1499,300,1
upright:885404:sale,upright,shopgoodwill,sale,2026-09-24,885404,bluedeals937,order,4400,0,paid_orders_09-24-2026_09-24-2026.xlsx,38,1099,300,1
upright:885405:sale,upright,shopgoodwill,sale,2026-09-24,885405,happyfox155,order,3200,0,paid_orders_09-24-2026_09-24-2026.xlsx,39,1099,300,1
upright:885406:sale,upright,shopgoodwill,sale,2026-09-24,885406,bluefox91,order,4200,0,paid_orders_09-24-2026_09-24-2026.xlsx,40,899,300,1
upright:885408:sale,upright,shopgoodwill,sale,2026-09-24,885408,happydeals583,order,1200,0,paid_orders_09-24-2026_09-24-2026.xlsx,41,899,300,1
upright:885409:sale,upright,shopgoodwill,sale,2026-09-24,885409,swiftthrift498,order,600,0,paid_orders_09-24-2026_09-24-2026.xlsx,42,1499,300,1
upright:885448:sale,upright,shopgoodwill,sale,2026-09-25,885448,goldenfinds282,order,1800,0,paid_orders_09-24-2026_09-24-2026.xlsx,43,1499,300,1
upright:885485:sale,upright,shopgoodwill,sale,2026-09-25,885485,bluehound170,order,1000,0,paid_orders_09-24-2026_09-24-2026.xlsx,44,1499,300,1
upright:885413:sale,upright,shopgoodwill,sale,2026-09-25,885413,goldenowl339,order,1800,0,paid_orders_09-25-2026_09-25-2026.xlsx,1,899,300,1
upright:885415:sale,upright,shopgoodwill,sale,2026-09-25,885415,happyfinds531,order,1500,0,paid_orders_09-25-2026_09-25-2026.xlsx,2,1099,300,1
upright:885416:sale,upright,shopgoodwill,sale,2026-09-25,885416,sunnymaple931,order,4100,0,paid_orders_09-25-2026_09-25-2026.xlsx,3,1099,300,1
upright:885419:sale,upright,shopgoodwill,sale,2026-09-25,885419,goldenriver348,order,2600,0,paid_orders_09-25-2026_09-25-2026.xlsx,4,1299,300,1
upright:885421:sale,upright,shopgoodwill,sale,2026-09-25,885421,rustybear157,order,4800,0,paid_orders_09-25-2026_09-25-2026.xlsx,5,1299,300,1
upright:885423:sale,upright,shopgoodwill,sale,2026-09-25,885423,sunnyowl410,order,3700,0,paid_orders_09-25-2026_09-25-2026.xlsx,6,1099,300,1
upright:885426:sale,upright,shopgoodwill,sale,2026-09-25,885426,swiftfox947,order,3200,0,paid_orders_09-25-2026_09-25-2026.xlsx,7,899,300,1
upright:885429:sale,upright,shopgoodwill,sale,2026-09-25,885429,quietpicker145,order,4500,0,paid_orders_09-25-2026_09-25-2026.xlsx,8,899,300,1
upright:885430:sale,upright,shopgoodwill,sale,2026-09-25,885430,quietriver487,order,1400,0,paid_orders_09-25-2026_09-25-2026.xlsx,9,1499,300,1
upright:885434:sale,upright,shopgoodwill,sale,2026-09-25,885434,bluedeals43,order,4800,0,paid_orders_09-25-2026_09-25-2026.xlsx,10,899,300,1
upright:885438:sale,upright,shopgoodwill,sale,2026-09-25,885438,swifthound540,order,800,0,paid_orders_09-25-2026_09-25-2026.xlsx,11,1299,300,1
upright:885439:sale,upright,shopgoodwill,sale,2026-09-25,885439,swiftfox188,order,5500,0,paid_orders_09-25-2026_09-25-2026.xlsx,12,1299,300,1
upright:885440:sale,upright,shopgoodwill,sale,2026-09-25,885440,bluehound290,order,3000,0,paid_orders_09-25-2026_09-25-2026.xlsx,13,1099,300,1
upright:885441:sale,upright,shopgoodwill,sale,2026-09-25,885441,retrofinds176,order,3600,0,paid_orders_09-25-2026_09-25-2026.xlsx,14,1299,300,1
upright:885443:sale,upright,shopgoodwill,sale,2026-09-25,885443,swiftpicker774,order,6200,0,paid_orders_09-25-2026_09-25-2026.xlsx,15,1299,300,1
upright:885445:sale,upright,shopgoodwill,sale,2026-09-25,885445,sunnythrift739,order,2100,0,paid_orders_09-25-2026_09-25-2026.xlsx,16,1499,300,1
upright:885449:sale,upright,shopgoodwill,sale,2026-09-25,885449,retrofinds176,order,1700,0,paid_orders_09-25-2026_09-25-2026.xlsx,17,899,300,1
upright:885450:sale,upright,shopgoodwill,sale,2026-09-25,885450,sunnyfox622,order,2400,0,paid_orders_09-25-2026_09-25-2026.xlsx,18,899,300,1
upright:885451:sale,upright,shopgoodwill,sale,2026-09-25,885451,luckymaple292,order,6300,0,paid_orders_09-25-2026_09-25-2026.xlsx,19,1499,300,1
upright:885455:sale,upright,shopgoodwill,sale,2026-09-25,885455,quietpicker531,order,1200,0,paid_orders_09-25-2026_09-25-2026.xlsx,20,899,300,1
upright:885456:sale,upright,shopgoodwill,sale,2026-09-25,885456,retrodeals952,order,3800,0,paid_orders_09-25-2026_09-25-2026.xlsx,21,1499,300,1
upright:885458:sale,upright,shopgoodwill,sale,2026-09-25,885458,quietriver554,order,1700,0,paid_orders_09-25-2026_09-25-2026.xlsx,22,1099,300,1
upright:885459:sale,upright,shopgoodwill,sale,2026-09-25,885459,happyhound494,order,1300,0,paid_orders_09-25-2026_09-25-2026.xlsx,23,1299,300,1
upright:885462:sale,upright,shopgoodwill,sale,2026-09-25,885462,sunnyfox391,order,14200,0,paid_orders_09-25-2026_09-25-2026.xlsx,24,899,300,1
upright:885463:sale,upright,shopgoodwill,sale,2026-09-25,885463,swiftpicker774,order,3200,0,paid_orders_09-25-2026_09-25-2026.xlsx,25,1499,300,1
upright:885467:sale,upright,shopgoodwill,sale,2026-09-25,885467,quietfinds999,order,4100,0,paid_orders_09-25-2026_09-25-2026.xlsx,26,1099,300,1
upright:885468:sale,upright,shopgoodwill,sale,2026-09-25,885468,bluefox377,order,1700,0,paid_orders_09-25-2026_09-25-2026.xlsx,27,899,300,1
upright:885472:sale,upright,shopgoodwill,sale,2026-09-25,885472,rustyowl451,order,500,0,paid_orders_09-25-2026_09-25-2026.xlsx,28,1099,300,1
upright:885475:sale,upright,shopgoodwill,sale,2026-09-25,885475,northbear59,order,1600,0,paid_orders_09-25-2026_09-25-2026.xlsx,29,1299,300,1
upright:885476:sale,upright,shopgoodwill,sale,2026-09-25,885476,bluefox681,order,4800,0,paid_orders_09-25-2026_09-25-2026.xlsx,30,1099,300,1
upright:885478:sale,upright,shopgoodwill,sale,2026-09-25,885478,sunnyfox556,order,800,0,paid_orders_09-25-2026_09-25-2026.xlsx,31,1099,300,1
upright:885481:sale,upright,shopgoodwill,sale,2026-09-25,885481,bluethrift816,order,1300,0,paid_orders_09-25-2026_09-25-2026.xlsx,32,899,300,1
upright:885483:sale,upright,shopgoodwill,sale,2026-09-25,885483,sunnymaple218,order,3600,0,paid_orders_09-25-2026_09-25-2026.xlsx,33,1099,300,1
upright:885489:sale,upright,shopgoodwill,sale,2026-09-25,885489,sunnyfox391,order,7100,0,paid_orders_09-25-2026_09-25-2026.xlsx,34,1299,300,1
upright:885490:sale,upright,shopgoodwill,sale,2026-09-25,885490,retroowl57,order,4100,0,paid_orders_09-25-2026_09-25-2026.xlsx,35,1299,300,1
upright:885491:sale,upright,shopgoodwill,sale,2026-09-25,885491,swiftowl113,order,1100,0,paid_orders_09-25-2026_09-25-2026.xlsx,36,1099,300,1
upright:885526:sale,upright,shopgoodwill,sale,2026-09-26,885526,quietbear896,order,1900,0,paid_orders_09-25-2026_09-25-2026.xlsx,37,1099,300,1
upright:885492:sale,upright,shopgoodwill,sale,2026-09-26,885492,retroriver350,order,1100,0,paid_orders_09-26-2026_09-26-2026.xlsx,1,899,300,1
upright:885495:sale,upright,shopgoodwill,sale,2026-09-26,885495,quietbear763,order,2700,0,paid_orders_09-26-2026_09-26-2026.xlsx,2,1299,300,1
upright:885498:sale,upright,shopgoodwill,sale,2026-09-26,885498,rustymaple994,order,1200,0,paid_orders_09-26-2026_09-26-2026.xlsx,3,1299,300,1
upright:885501:sale,upright,shopgoodwill,sale,2026-09-26,885501,quietthrift983,order,1300,0,paid_orders_09-26-2026_09-26-2026.xlsx,4,1499,300,1
upright:885505:sale,upright,shopgoodwill,sale,2026-09-26,885505,happyowl530,order,7200,0,paid_orders_09-26-2026_09-26-2026.xlsx,5,1499,300,1
upright:885508:sale,upright,shopgoodwill,sale,2026-09-26,885508,sunnybear76,order,3600,0,paid_orders_09-26-2026_09-26-2026.xlsx,6,1499,300,1
upright:885512:sale,upright,shopgoodwill,sale,2026-09-26,885512,luckyhound127,order,800,0,paid_orders_09-26-2026_09-26-2026.xlsx,7,1299,300,1
upright:885514:sale,upright,shopgoodwill,sale,2026-09-26,885514,rustyowl451,order,1100,0,paid_orders_09-26-2026_09-26-2026.xlsx,8,1299,300,1
upright:885518:sale,upright,shopgoodwill,sale,2026-09-26,885518,luckybear767,order,1700,0,paid_orders_09-26-2026_09-26-2026.xlsx,9,1299,300,1
upright:885519:sale,upright,shopgoodwill,sale,2026-09-26,885519,rustybear157,order,800,0,paid_orders_09-26-2026_09-26-2026.xlsx,10,1299,300,1
upright:885522:sale,upright,shopgoodwill,sale,2026-09-26,885522,sunnymaple342,order,3000,0,paid_orders_09-26-2026_09-26-2026.xlsx,11,899,300,1
upright:885530:sale,upright,shopgoodwill,sale,2026-09-26,885530,quietthrift983,order,2400,0,paid_orders_09-26-2026_09-26-2026.xlsx,12,1299,300,1
upright:885533:sale,upright,shopgoodwill,sale,2026-09-26,885533,quietdeals153,order,2900,0,paid_orders_09-26-2026_09-26-2026.xlsx,13,899,300,1
upright:885535:sale,upright,shopgoodwill,sale,2026-09-26,885535,goldenhound559,order,1400,0,paid_orders_09-26-2026_09-26-2026.xlsx,14,1499,300,1
upright:885539:sale,upright,shopgoodwill,sale,2026-09-26,885539,happydeals149,order,1500,0,paid_orders_09-26-2026_09-26-2026.xlsx,15,1099,300,1
upright:885540:sale,upright,shopgoodwill,sale,2026-09-26,885540,retroriver972,order,600,0,paid_orders_09-26-2026_09-26-2026.xlsx,16,899,300,1
upright:885544:sale,upright,shopgoodwill,sale,2026-09-26,885544,sunnyowl410,order,4700,0,paid_orders_09-26-2026_09-26-2026.xlsx,17,899,300,1
upright:885547:sale,upright,shopgoodwill,sale,2026-09-26,885547,swiftpicker956,order,10100,0,paid_orders_09-26-2026_09-26-2026.xlsx,18,1499,300,1
upright:885548:sale,upright,shopgoodwill,sale,2026-09-26,885548,bluefox301,order,1600,0,paid_orders_09-26-2026_09-26-2026.xlsx,19,1099,300,1
upright:885550:sale,upright,shopgoodwill,sale,2026-09-26,885550,quiethound280,order,3500,0,paid_orders_09-26-2026_09-26-2026.xlsx,20,1099,300,1
upright:885552:sale,upright,shopgoodwill,sale,2026-09-26,885552,quietriver207,order,2100,0,paid_orders_09-26-2026_09-26-2026.xlsx,21,1499,300,1
upright:885555:sale,upright,shopgoodwill,sale,2026-09-26,885555,bluehound325,order,3800,0,paid_orders_09-26-2026_09-26-2026.xlsx,22,1499,300,1
upright:885556:sale,upright,shopgoodwill,sale,2026-09-26,885556,goldenfox108,order,1000,0,paid_orders_09-26-2026_09-26-2026.xlsx,23,1099,300,1
upright:885560:sale,upright,shopgoodwill,sale,2026-09-26,885560,goldendeals658,order,2800,0,paid_orders_09-26-2026_09-26-2026.xlsx,24,899,300,1
upright:885563:sale,upright,shopgoodwill,sale,2026-09-26,885563,quiethound280,order,700,0,paid_orders_09-26-2026_09-26-2026.xlsx,25,899,300,1
upright:885565:sale,upright,shopgoodwill,sale,2026-09-26,885565,sunnyfinds549,order,6500,0,paid_orders_09-26-2026_09-26-2026.xlsx,26,1099,300,1
upright:885568:sale,upright,shopgoodwill,sale,2026-09-26,885568,sunnydeals740,order,1500,0,paid_orders_09-26-2026_09-26-2026.xlsx,27,1499,300,1
upright:885569:sale,upright,shopgoodwill,sale,2026-09-26,885569,northdeals393,order,2000,0,paid_orders_09-26-2026_09-26-2026.xlsx,28,1499,300,1
upright:885571:sale,upright,shopgoodwill,sale,2026-09-26,885571,luckybear997,order,1800,0,paid_orders_09-26-2026_09-26-2026.xlsx,29,1299,300,1
upright:885573:sale,upright,shopgoodwill,sale,2026-09-26,885573,sunnydeals740,order,500,0,paid_orders_09-26-2026_09-26-2026.xlsx,30,1499,300,1
upright:885577:sale,upright,shopgoodwill,sale,2026-09-26,885577,northowl969,order,7700,0,paid_orders_09-26-2026_09-26-2026.xlsx,31,1299,300,1
upright:885580:sale,upright,shopgoodwill,sale,2026-09-26,885580,luckyriver667,order,4200,0,paid_orders_09-26-2026_09-26-2026.xlsx,32,899,300,1
upright:885583:sale,upright,shopgoodwill,sale,2026-09-26,885583,quietpicker145,order,500,0,paid_orders_09-26-2026_09-26-2026.xlsx,33,899,300,1
upright:885587:sale,upright,shopgoodwill,sale,2026-09-26,885587,retrothrift613,order,1300,0,paid_orders_09-26-2026_09-26-2026.xlsx,34,899,300,1
upright:885588:sale,upright,shopgoodwill,sale,2026-09-26,885588,goldenpicker387,order,1400,0,paid_orders_09-26-2026_09-26-2026.xlsx,35,1099,300,1
upright:885592:sale,upright,shopgoodwill,sale,2026-09-26,885592,luckyhound716,order,3700,0,paid_orders_09-26-2026_09-26-2026.xlsx,36,899,300,1
upright:885595:sale,upright,shopgoodwill,sale,2026-09-26,885595,bluehound944,order,2800,0,paid_orders_09-26-2026_09-26-2026.xlsx,37,1299,300,1
upright:885597:sale,upright,shopgoodwill,sale,2026-09-26,885597,retroriver350,order,1400,0,paid_orders_09-26-2026_09-26-2026.xlsx,38,899,300,1
upright:885600:sale,upright,shopgoodwill,sale,2026-09-26,885600,luckymaple347,order,6900,0,paid_orders_09-26-2026_09-26-2026.xlsx,39,899,300,1
upright:885601:sale,upright,shopgoodwill,sale,2026-09-26,885601,goldenmaple919,order,1100,0,paid_orders_09-26-2026_09-26-2026.xlsx,40,1099,300,1
upright:885679:sale,upright,shopgoodwill,sale,2026-09-27,885679,bluefinds54,order,4300,0,paid_orders_09-26-2026_09-26-2026.xlsx,41,1499,300,1
upright:885690:sale,upright,shopgoodwill,sale,2026-09-27,885690,bluemaple228,order,1100,0,paid_orders_09-26-2026_09-26-2026.xlsx,42,899,300,1
upright:885694:sale,upright,shopgoodwill,sale,2026-09-27,885694,rustyriver107,order,1100,0,paid_orders_09-26-2026_09-26-2026.xlsx,43,1499,300,1
upright:885699:sale,upright,shopgoodwill,sale,2026-09-27,885699,rustymaple994,order,4100,0,paid_orders_09-26-2026_09-26-2026.xlsx,44,1299,300,1
upright:885605:sale,upright,shopgoodwill,sale,2026-09-27,885605,goldenhound277,order,4100,0,paid_orders_09-27-2026_09-27-2026.xlsx,1,1099,300,1
upright:885607:sale,upright,shopgoodwill,sale,2026-09-27,885607,swiftpicker358,order,2300,0,paid_orders_09-27-2026_09-27-2026.xlsx,2,1099,300,1
upright:885611:sale,upright,shopgoodwill,sale,2026-09-27,885611,luckyfinds131,order,2200,0,paid_orders_09-27-2026_09-27-2026.xlsx,3,1099,300,1
upright:885612:sale,upright,shopgoodwill,sale,2026-09-27,885612,sunnyriver981,order,3500,0,paid_orders_09-27-2026_09-27-2026.xlsx,4,1099,300,1
upright:885615:sale,upright,shopgoodwill,sale,2026-09-27,885615,goldenhound277,order,1400,0,paid_orders_09-27-2026_09-27-2026.xlsx,5,1299,300,1
upright:885619:sale,upright,shopgoodwill,sale,2026-09-27,885619,swiftmaple442,order,26900,0,paid_orders_09-27-2026_09-27-2026.xlsx,6,1499,300,1
upright:885620:sale,upright,shopgoodwill,sale,2026-09-27,885620,rustymaple256,order,2600,0,paid_orders_09-27-2026_09-27-2026.xlsx,7,1099,300,1
upright:885621:sale,upright,shopgoodwill,sale,2026-09-27,885621,happymaple9,order,4700,0,paid_orders_09-27-2026_09-27-2026.xlsx,8,899,300,1
upright:885624:sale,upright,shopgoodwill,sale,2026-09-27,885624,bluethrift65,order,3500,0,paid_orders_09-27-2026_09-27-2026.xlsx,9,899,300,1
upright:885628:sale,upright,shopgoodwill,sale,2026-09-27,885628,quiethound292,order,7100,0,paid_orders_09-27-2026_09-27-2026.xlsx,10,1099,300,1
upright:885629:sale,upright,shopgoodwill,sale,2026-09-27,885629,retrobear241,order,2100,0,paid_orders_09-27-2026_09-27-2026.xlsx,11,1299,300,1
upright:885633:sale,upright,shopgoodwill,sale,2026-09-27,885633,happyfinds531,order,2700,0,paid_orders_09-27-2026_09-27-2026.xlsx,12,1499,300,1
upright:885637:sale,upright,shopgoodwill,sale,2026-09-27,885637,retrothrift571,order,1200,0,paid_orders_09-27-2026_09-27-2026.xlsx,13,1499,300,1
upright:885638:sale,upright,shopgoodwill,sale,2026-09-27,885638,rustyfinds694,order,2500,0,paid_orders_09-27-2026_09-27-2026.xlsx,14,899,300,1
upright:885642:sale,upright,shopgoodwill,sale,2026-09-27,885642,retromaple234,order,3200,0,paid_orders_09-27-2026_09-27-2026.xlsx,15,899,300,1
upright:885646:sale,upright,shopgoodwill,sale,2026-09-27,885646,rustythrift50,order,1600,0,paid_orders_09-27-2026_09-27-2026.xlsx,16,1299,300,1
upright:885649:sale,upright,shopgoodwill,sale,2026-09-27,885649,blueowl393,order,2400,0,paid_orders_09-27-2026_09-27-2026.xlsx,17,1499,300,1
upright:885652:sale,upright,shopgoodwill,sale,2026-09-27,885652,quietdeals834,order,6500,0,paid_orders_09-27-2026_09-27-2026.xlsx,18,1499,300,1
upright:885653:sale,upright,shopgoodwill,sale,2026-09-27,885653,swiftmaple442,order,2300,0,paid_orders_09-27-2026_09-27-2026.xlsx,19,1499,300,1
upright:885656:sale,upright,shopgoodwill,sale,2026-09-27,885656,northhound287,order,1800,0,paid_orders_09-27-2026_09-27-2026.xlsx,20,1499,300,1
upright:885658:sale,upright,shopgoodwill,sale,2026-09-27,885658,sunnyhound266,order,6600,0,paid_orders_09-27-2026_09-27-2026.xlsx,21,1299,300,1
upright:885661:sale,upright,shopgoodwill,sale,2026-09-27,885661,goldenowl823,order,1300,0,paid_orders_09-27-2026_09-27-2026.xlsx,22,1299,300,1
upright:885662:sale,upright,shopgoodwill,sale,2026-09-27,885662,happymaple239,order,4100,0,paid_orders_09-27-2026_09-27-2026.xlsx,23,1499,300,1
upright:885664:sale,upright,shopgoodwill,sale,2026-09-27,885664,goldenhound138,order,800,0,paid_orders_09-27-2026_09-27-2026.xlsx,24,1299,300,1
upright:885665:sale,upright,shopgoodwill,sale,2026-09-27,885665,swiftpicker358,order,500,0,paid_orders_09-27-2026_09-27-2026.xlsx,25,899,300,1
upright:885668:sale,upright,shopgoodwill,sale,2026-09-27,885668,happyowl530,order,3200,0,paid_orders_09-27-2026_09-27-2026.xlsx,26,1099,300,1
upright:885671:sale,upright,shopgoodwill,sale,2026-09-27,885671,bluethrift67,order,600,0,paid_orders_09-27-2026_09-27-2026.xlsx,27,899,300,1
upright:885674:sale,upright,shopgoodwill,sale,2026-09-27,885674,retrofox945,order,1500,0,paid_orders_09-27-2026_09-27-2026.xlsx,28,1499,300,1
upright:885675:sale,upright,shopgoodwill,sale,2026-09-27,885675,retroriver972,order,3200,0,paid_orders_09-27-2026_09-27-2026.xlsx,29,1499,300,1
upright:885682:sale,upright,shopgoodwill,sale,2026-09-27,885682,luckyfinds99,order,2300,0,paid_orders_09-27-2026_09-27-2026.xlsx,30,1099,300,1
upright:885683:sale,upright,shopgoodwill,sale,2026-09-27,885683,quietriver487,order,2300,0,paid_orders_09-27-2026_09-27-2026.xlsx,31,1299,300,1
upright:885685:sale,upright,shopgoodwill,sale,2026-09-27,885685,bluethrift65,order,2600,0,paid_orders_09-27-2026_09-27-2026.xlsx,32,899,300,1
upright:885687:sale,upright,shopgoodwill,sale,2026-09-27,885687,goldenfinds234,order,1800,0,paid_orders_09-27-2026_09-27-2026.xlsx,33,1499,300,1
upright:885698:sale,upright,shopgoodwill,sale,2026-09-27,885698,rustybear202,order,2000,0,paid_orders_09-27-2026_09-27-2026.xlsx,34,1499,300,1
upright:885703:sale,upright,shopgoodwill,sale,2026-09-27,885703,retrofox929,order,1500,0,paid_orders_09-27-2026_09-27-2026.xlsx,35,1099,300,1
upright:885704:sale,upright,shopgoodwill,sale,2026-09-27,885704,goldenriver205,order,4900,0,paid_orders_09-27-2026_09-27-2026.xlsx,36,1499,300,1
upright:885707:sale,upright,shopgoodwill,sale,2026-09-27,885707,sunnymaple342,order,1900,0,paid_orders_09-27-2026_09-27-2026.xlsx,37,1499,300,1
upright:885709:sale,upright,shopgoodwill,sale,2026-09-27,885709,happymaple330,order,6500,0,paid_orders_09-27-2026_09-27-2026.xlsx,38,899,300,1
upright:885713:sale,upright,shopgoodwill,sale,2026-09-27,885713,quietthrift253,order,1600,0,paid_orders_09-27-2026_09-27-2026.xlsx,39,1299,300,1
upright:885716:sale,upright,shopgoodwill,sale,2026-09-27,885716,retrohound141,order,900,0,paid_orders_09-27-2026_09-27-2026.xlsx,40,899,300,1
upright:885718:sale,upright,shopgoodwill,sale,2026-09-27,885718,bluehound290,order,8200,0,paid_orders_09-27-2026_09-27-2026.xlsx,41,1499,300,1
upright:885720:sale,upright,shopgoodwill,sale,2026-09-27,885720,retrodeals661,order,1700,0,paid_orders_09-27-2026_09-27-2026.xlsx,42,1499,300,1
upright:885721:sale,upright,shopgoodwill,sale,2026-09-27,885721,luckypicker932,order,4900,0,paid_orders_09-27-2026_09-27-2026.xlsx,43,1299,300,1
upright:885724:sale,upright,shopgoodwill,sale,2026-09-27,885724,happyfox570,order,2700,0,paid_orders_09-27-2026_09-27-2026.xlsx,44,1499,300,1
upright:885728:sale,upright,shopgoodwill,sale,2026-09-27,885728,quietmaple465,order,2800,0,paid_orders_09-27-2026_09-27-2026.xlsx,45,1099,300,1
upright:885732:sale,upright,shopgoodwill,sale,2026-09-27,885732,sunnyfox757,order,1600,0,paid_orders_09-27-2026_09-27-2026.xlsx,46,1499,300,1
upright:885736:sale,upright,shopgoodwill,sale,2026-09-27,885736,retroowl470,order,3300,0,paid_orders_09-27-2026_09-27-2026.xlsx,47,1499,300,1
upright:885739:sale,upright,shopgoodwill,sale,2026-09-27,885739,goldenhound930,order,2400,0,paid_orders_09-27-2026_09-27-2026.xlsx,48,1499,300,1
upright:885742:sale,upright,shopgoodwill,sale,2026-09-27,885742,swiftfinds597,order,2000,0,paid_orders_09-27-2026_09-27-2026.xlsx,49,1499,300,1
upright:885744:sale,upright,shopgoodwill,sale,2026-09-27,885744,rustymaple994,order,2800,0,paid_orders_09-27-2026_09-27-2026.xlsx,50,899,300,1
upright:885748:sale,upright,shopgoodwill,sale,2026-09-27,885748,retroowl674,order,1700,0,paid_orders_09-27-2026_09-27-2026.xlsx,51,1499,300,1
upright:885749:sale,upright,shopgoodwill,sale,2026-09-27,885749,luckyriver25,order,1800,0,paid_orders_09-27-2026_09-27-2026.xlsx,52,1299,300,1
upright:885753:sale,upright,shopgoodwill,sale,2026-09-27,885753,goldenriver205,order,7100,0,paid_orders_09-27-2026_09-27-2026.xlsx,53,1499,300,1
upright:885755:sale,upright,shopgoodwill,sale,2026-09-27,885755,retromaple52,order,3600,0,paid_orders_09-27-2026_09-27-2026.xlsx,54,1099,300,1
upright:885756:sale,upright,shopgoodwill,sale,2026-09-27,885756,swifthound754,order,2100,0,paid_orders_09-27-2026_09-27-2026.xlsx,55,1299,300,1
upright:885759:sale,upright,shopgoodwill,sale,2026-09-27,885759,bluedeals937,order,8200,0,paid_orders_09-27-2026_09-27-2026.xlsx,56,1299,300,1
upright:885814:sale,upright,shopgoodwill,sale,2026-09-28,885814,swiftfox885,order,8000,0,paid_orders_09-27-2026_09-27-2026.xlsx,57,1499,300,1
upright:885822:sale,upright,shopgoodwill,sale,2026-09-28,885822,northdeals393,order,1100,0,paid_orders_09-27-2026_09-27-2026.xlsx,58,899,300,1
upright:885762:sale,upright,shopgoodwill,sale,2026-09-28,885762,happymaple330,order,3400,0,paid_orders_09-28-2026_09-28-2026.xlsx,1,1499,300,1
upright:885766:sale,upright,shopgoodwill,sale,2026-09-28,885766,rustyfox121,order,4100,0,paid_orders_09-28-2026_09-28-2026.xlsx,2,1499,300,1
upright:885767:sale,upright,shopgoodwill,sale,2026-09-28,885767,swiftmaple687,order,3500,0,paid_orders_09-28-2026_09-28-2026.xlsx,3,1499,300,1
upright:885771:sale,upright,shopgoodwill,sale,2026-09-28,885771,retromaple234,order,3900,0,paid_orders_09-28-2026_09-28-2026.xlsx,4,899,300,1
upright:885772:sale,upright,shopgoodwill,sale,2026-09-28,885772,happyhound494,order,2500,0,paid_orders_09-28-2026_09-28-2026.xlsx,5,899,300,1
upright:885775:sale,upright,shopgoodwill,sale,2026-09-28,885775,swiftdeals534,order,2500,0,paid_orders_09-28-2026_09-28-2026.xlsx,6,1299,300,1
upright:885779:sale,upright,shopgoodwill,sale,2026-09-28,885779,sunnymaple460,order,4500,0,paid_orders_09-28-2026_09-28-2026.xlsx,7,1099,300,1
upright:885783:sale,upright,shopgoodwill,sale,2026-09-28,885783,goldenriver348,order,2200,0,paid_orders_09-28-2026_09-28-2026.xlsx,8,1499,300,1
upright:885784:sale,upright,shopgoodwill,sale,2026-09-28,885784,swifthound696,order,2700,0,paid_orders_09-28-2026_09-28-2026.xlsx,9,899,300,1
upright:885786:sale,upright,shopgoodwill,sale,2026-09-28,885786,rustypicker237,order,3000,0,paid_orders_09-28-2026_09-28-2026.xlsx,10,1499,300,1
upright:885790:sale,upright,shopgoodwill,sale,2026-09-28,885790,bluehound115,order,1300,0,paid_orders_09-28-2026_09-28-2026.xlsx,11,1099,300,1
upright:885792:sale,upright,shopgoodwill,sale,2026-09-28,885792,luckydeals969,order,3800,0,paid_orders_09-28-2026_09-28-2026.xlsx,12,899,300,1
upright:885793:sale,upright,shopgoodwill,sale,2026-09-28,885793,bluedeals937,order,2000,0,paid_orders_09-28-2026_09-28-2026.xlsx,13,899,300,1
upright:885797:sale,upright,shopgoodwill,sale,2026-09-28,885797,swiftmaple677,order,1100,0,paid_orders_09-28-2026_09-28-2026.xlsx,14,899,300,1
upright:885798:sale,upright,shopgoodwill,sale,2026-09-28,885798,goldenhound559,order,1200,0,paid_orders_09-28-2026_09-28-2026.xlsx,15,1299,300,1
upright:885801:sale,upright,shopgoodwill,sale,2026-09-28,885801,quietriver270,order,2600,0,paid_orders_09-28-2026_09-28-2026.xlsx,16,899,300,1
upright:885804:sale,upright,shopgoodwill,sale,2026-09-28,885804,goldenfox575,order,5900,0,paid_orders_09-28-2026_09-28-2026.xlsx,17,1499,300,1
upright:885806:sale,upright,shopgoodwill,sale,2026-09-28,885806,luckydeals227,order,1000,0,paid_orders_09-28-2026_09-28-2026.xlsx,18,899,300,1
upright:885810:sale,upright,shopgoodwill,sale,2026-09-28,885810,bluethrift30,order,3400,0,paid_orders_09-28-2026_09-28-2026.xlsx,19,1099,300,1
upright:885818:sale,upright,shopgoodwill,sale,2026-09-28,885818,rustyfinds592,order,1900,0,paid_orders_09-28-2026_09-28-2026.xlsx,20,1299,300,1
upright:885826:sale,upright,shopgoodwill,sale,2026-09-28,885826,goldenriver80,order,3400,0,paid_orders_09-28-2026_09-28-2026.xlsx,21,1099,300,1
upright:885830:sale,upright,shopgoodwill,sale,2026-09-28,885830,swiftriver876,order,1500,0,paid_orders_09-28-2026_09-28-2026.xlsx,22,1499,300,1
upright:885832:sale,upright,shopgoodwill,sale,2026-09-28,885832,goldendeals658,order,3900,0,paid_orders_09-28-2026_09-28-2026.xlsx,23,1099,300,1
upright:885908:sale,upright,shopgoodwill,sale,2026-09-29,885908,rustyfinds592,order,6000,0,paid_orders_09-28-2026_09-28-2026.xlsx,24,899,300,1
upright:885835:sale,upright,shopgoodwill,sale,2026-09-29,885835,northpicker925,order,3100,0,paid_orders_09-29-2026_09-29-2026.xlsx,1,1499,300,1
upright:885838:sale,upright,shopgoodwill,sale,2026-09-29,885838,happymaple239,order,4400,0,paid_orders_09-29-2026_09-29-2026.xlsx,2,899,300,1
upright:885842:sale,upright,shopgoodwill,sale,2026-09-29,885842,luckybear997,order,3100,0,paid_orders_09-29-2026_09-29-2026.xlsx,3,1099,300,1
upright:885844:sale,upright,shopgoodwill,sale,2026-09-29,885844,rustybear960,order,1500,0,paid_orders_09-29-2026_09-29-2026.xlsx,4,899,300,1
upright:885847:sale,upright,shopgoodwill,sale,2026-09-29,885847,blueowl160,order,2900,0,paid_orders_09-29-2026_09-29-2026.xlsx,5,899,300,1
upright:885851:sale,upright,shopgoodwill,sale,2026-09-29,885851,northowl598,order,1500,0,paid_orders_09-29-2026_09-29-2026.xlsx,6,899,300,1
upright:885855:sale,upright,shopgoodwill,sale,2026-09-29,885855,sunnymaple931,order,800,0,paid_orders_09-29-2026_09-29-2026.xlsx,7,1299,300,1
upright:885857:sale,upright,shopgoodwill,sale,2026-09-29,885857,bluehound290,order,4000,0,paid_orders_09-29-2026_09-29-2026.xlsx,8,899,300,1
upright:885860:sale,upright,shopgoodwill,sale,2026-09-29,885860,swiftdeals121,order,3600,0,paid_orders_09-29-2026_09-29-2026.xlsx,9,1099,300,1
upright:885864:sale,upright,shopgoodwill,sale,2026-09-29,885864,rustymaple702,order,6100,0,paid_orders_09-29-2026_09-29-2026.xlsx,10,1499,300,1
upright:885865:sale,upright,shopgoodwill,sale,2026-09-29,885865,quietfinds999,order,5500,0,paid_orders_09-29-2026_09-29-2026.xlsx,11,1099,300,1
upright:885869:sale,upright,shopgoodwill,sale,2026-09-29,885869,retroowl674,order,1400,0,paid_orders_09-29-2026_09-29-2026.xlsx,12,1099,300,1
upright:885873:sale,upright,shopgoodwill,sale,2026-09-29,885873,goldenfox53,order,3600,0,paid_orders_09-29-2026_09-29-2026.xlsx,13,1499,300,1
upright:885875:sale,upright,shopgoodwill,sale,2026-09-29,885875,happymaple9,order,2800,0,paid_orders_09-29-2026_09-29-2026.xlsx,14,899,300,1
upright:885876:sale,upright,shopgoodwill,sale,2026-09-29,885876,goldenfinds282,order,2200,0,paid_orders_09-29-2026_09-29-2026.xlsx,15,899,300,1
upright:885877:sale,upright,shopgoodwill,sale,2026-09-29,885877,swiftmaple687,order,5500,0,paid_orders_09-29-2026_09-29-2026.xlsx,16,1099,300,1
upright:885880:sale,upright,shopgoodwill,sale,2026-09-29,885880,goldenfinds90,order,600,0,paid_orders_09-29-2026_09-29-2026.xlsx,17,1499,300,1
upright:885881:sale,upright,shopgoodwill,sale,2026-09-29,885881,quietdeals834,order,1300,0,paid_orders_09-29-2026_09-29-2026.xlsx,18,1299,300,1
upright:885884:sale,upright,shopgoodwill,sale,2026-09-29,885884,goldenowl339,order,19200,0,paid_orders_09-29-2026_09-29-2026.xlsx,19,1099,300,1
upright:885885:sale,upright,shopgoodwill,sale,2026-09-29,885885,swifthound754,order,2300,0,paid_orders_09-29-2026_09-29-2026.xlsx,20,1299,300,1
upright:885886:sale,upright,shopgoodwill,sale,2026-09-29,885886,sunnydeals740,order,7000,0,paid_orders_09-29-2026_09-29-2026.xlsx,21,1299,300,1
upright:885889:sale,upright,shopgoodwill,sale,2026-09-29,885889,swiftmaple809,order,5800,0,paid_orders_09-29-2026_09-29-2026.xlsx,22,1499,300,1
upright:885893:sale,upright,shopgoodwill,sale,2026-09-29,885893,quietfinds999,order,4200,0,paid_orders_09-29-2026_09-29-2026.xlsx,23,1499,300,1
upright:885894:sale,upright,shopgoodwill,sale,2026-09-29,885894,retrohound141,order,1100,0,paid_orders_09-29-2026_09-29-2026.xlsx,24,1099,300,1
upright:885895:sale,upright,shopgoodwill,sale,2026-09-29,885895,sunnyfox556,order,2700,0,paid_orders_09-29-2026_09-29-2026.xlsx,25,1499,300,1
upright:885898:sale,upright,shopgoodwill,sale,2026-09-29,885898,swiftfox259,order,1800,0,paid_orders_09-29-2026_09-29-2026.xlsx,26,1499,300,1
upright:885900:sale,upright,shopgoodwill,sale,2026-09-29,885900,happyriver286,order,16600,0,paid_orders_09-29-2026_09-29-2026.xlsx,27,1299,300,1
upright:885901:sale,upright,shopgoodwill,sale,2026-09-29,885901,happyhound211,order,3400,0,paid_orders_09-29-2026_09-29-2026.xlsx,28,1299,300,1
upright:885903:sale,upright,shopgoodwill,sale,2026-09-29,885903,happydeals149,order,600,0,paid_orders_09-29-2026_09-29-2026.xlsx,29,1299,300,1
upright:885905:sale,upright,shopgoodwill,sale,2026-09-29,885905,sunnyfox757,order,2800,0,paid_orders_09-29-2026_09-29-2026.xlsx,30,1499,300,1
upright:885912:sale,upright,shopgoodwill,sale,2026-09-29,885912,swiftfox259,order,1800,0,paid_orders_09-29-2026_09-29-2026.xlsx,31,1499,300,1
upright:885914:sale,upright,shopgoodwill,sale,2026-09-29,885914,sunnyfox561,order,9500,0,paid_orders_09-29-2026_09-29-2026.xlsx,32,899,300,1
upright:885916:sale,upright,shopgoodwill,sale,2026-09-29,885916,goldenthrift506,order,16800,0,paid_orders_09-29-2026_09-29-2026.xlsx,33,1499,300,1
upright:885918:sale,upright,shopgoodwill,sale,2026-09-29,885918,quietriver358,order,1400,0,paid_orders_09-29-2026_09-29-2026.xlsx,34,1299,300,1
upright:885922:sale,upright,shopgoodwill,sale,2026-09-29,885922,swifthound718,order,3300,0,paid_orders_09-29-2026_09-29-2026.xlsx,35,899,300,1
upright:885925:sale,upright,shopgoodwill,sale,2026-09-29,885925,bluefox377,order,2100,0,paid_orders_09-29-2026_09-29-2026.xlsx,36,899,300,1
upright:885927:sale,upright,shopgoodwill,sale,2026-09-29,885927,quiethound605,order,1300,0,paid_orders_09-29-2026_09-29-2026.xlsx,37,1499,300,1
upright:885931:sale,upright,shopgoodwill,sale,2026-09-29,885931,retrohound328,order,1800,0,paid_orders_09-29-2026_09-29-2026.xlsx,38,899,300,1
upright:885933:sale,upright,shopgoodwill,sale,2026-09-29,885933,happyfinds531,order,2000,0,paid_orders_09-29-2026_09-29-2026.xlsx,39,1099,300,1
upright:885935:sale,upright,shopgoodwill,sale,2026-09-29,885935,northowl598,order,1600,0,paid_orders_09-29-2026_09-29-2026.xlsx,40,899,300,1
upright:885937:sale,upright,shopgoodwill,sale,2026-09-29,885937,sunnyhound619,order,4500,0,paid_orders_09-29-2026_09-29-2026.xlsx,41,1499,300,1
upright:885962:sale,upright,shopgoodwill,sale,2026-09-30,885962,blueowl393,order,2200,0,paid_orders_09-29-2026_09-29-2026.xlsx,42,1099,300,1
upright:886025:sale,upright,shopgoodwill,sale,2026-09-30,886025,retropicker448,order,2300,0,paid_orders_09-29-2026_09-29-2026.xlsx,43,1499,300,1
upright:885941:sale,upright,shopgoodwill,sale,2026-09-30,885941,luckyhound127,order,1100,0,paid_orders_09-30-2026_09-30-2026.xlsx,1,1099,300,1
upright:885942:sale,upright,shopgoodwill,sale,2026-09-30,885942,goldenhound277,order,1900,0,paid_orders_09-30-2026_09-30-2026.xlsx,2,1299,300,1
upright:885943:sale,upright,shopgoodwill,sale,2026-09-30,885943,northowl598,order,1000,0,paid_orders_09-30-2026_09-30-2026.xlsx,3,1099,300,1
upright:885947:sale,upright,shopgoodwill,sale,2026-09-30,885947,swifthound432,order,1800,0,paid_orders_09-30-2026_09-30-2026.xlsx,4,1499,300,1
upright:885948:sale,upright,shopgoodwill,sale,2026-09-30,885948,happyfox155,order,1700,0,paid_orders_09-30-2026_09-30-2026.xlsx,5,1499,300,1
upright:885950:sale,upright,shopgoodwill,sale,2026-09-30,885950,happymaple380,order,3200,0,paid_orders_09-30-2026_09-30-2026.xlsx,6,1299,300,1
upright:885951:sale,upright,shopgoodwill,sale,2026-09-30,885951,luckydeals227,order,6700,0,paid_orders_09-30-2026_09-30-2026.xlsx,7,1099,300,1
upright:885954:sale,upright,shopgoodwill,sale,2026-09-30,885954,northowl354,order,3900,0,paid_orders_09-30-2026_09-30-2026.xlsx,8,1499,300,1
upright:885958:sale,upright,shopgoodwill,sale,2026-09-30,885958,northhound277,order,6100,0,paid_orders_09-30-2026_09-30-2026.xlsx,9,1499,300,1
upright:885959:sale,upright,shopgoodwill,sale,2026-09-30,885959,luckypicker932,order,11100,0,paid_orders_09-30-2026_09-30-2026.xlsx,10,1299,300,1
upright:885964:sale,upright,shopgoodwill,sale,2026-09-30,885964,swiftowl113,order,4700,0,paid_orders_09-30-2026_09-30-2026.xlsx,11,1099,300,1
upright:885967:sale,upright,shopgoodwill,sale,2026-09-30,885967,goldenriver348,order,1100,0,paid_orders_09-30-2026_09-30-2026.xlsx,12,899,300,1
upright:885970:sale,upright,shopgoodwill,sale,2026-09-30,885970,goldenmaple919,order,2700,0,paid_orders_09-30-2026_09-30-2026.xlsx,13,1499,300,1
upright:885973:sale,upright,shopgoodwill,sale,2026-09-30,885973,goldendeals798,order,1600,0,paid_orders_09-30-2026_09-30-2026.xlsx,14,1099,300,1
upright:885974:sale,upright,shopgoodwill,sale,2026-09-30,885974,luckyfinds131,order,1500,0,paid_orders_09-30-2026_09-30-2026.xlsx,15,1099,300,1
upright:885975:sale,upright,shopgoodwill,sale,2026-09-30,885975,quietbear763,order,2800,0,paid_orders_09-30-2026_09-30-2026.xlsx,16,1499,300,1
upright:885976:sale,upright,shopgoodwill,sale,2026-09-30,885976,swiftmaple653,order,6600,0,paid_orders_09-30-2026_09-30-2026.xlsx,17,1099,300,1
upright:885978:sale,upright,shopgoodwill,sale,2026-09-30,885978,swiftowl113,order,3400,0,paid_orders_09-30-2026_09-30-2026.xlsx,18,1299,300,1
upright:885979:sale,upright,shopgoodwill,sale,2026-09-30,885979,happyriver286,order,3900,0,paid_orders_09-30-2026_09-30-2026.xlsx,19,1499,300,1
upright:885980:sale,upright,shopgoodwill,sale,2026-09-30,885980,sunnybear258,order,2200,0,paid_orders_09-30-2026_09-30-2026.xlsx,20,1499,300,1
upright:885984:sale,upright,shopgoodwill,sale,2026-09-30,885984,northowl598,order,4900,0,paid_orders_09-30-2026_09-30-2026.xlsx,21,1299,300,1
upright:885985:sale,upright,shopgoodwill,sale,2026-09-30,885985,swifthound432,order,2300,0,paid_orders_09-30-2026_09-30-2026.xlsx,22,1299,300,1
upright:885989:sale,upright,shopgoodwill,sale,2026-09-30,885989,retrodeals952,order,1400,0,paid_orders_09-30-2026_09-30-2026.xlsx,23,1099,300,1
upright:885990:sale,upright,shopgoodwill,sale,2026-09-30,885990,happyhound211,order,7900,0,paid_orders_09-30-2026_09-30-2026.xlsx,24,1099,300,1
upright:885993:sale,upright,shopgoodwill,sale,2026-09-30,885993,swiftmaple809,order,10500,0,paid_orders_09-30-2026_09-30-2026.xlsx,25,1499,300,1
upright:885995:sale,upright,shopgoodwill,sale,2026-09-30,885995,northpicker68,order,1200,0,paid_orders_09-30-2026_09-30-2026.xlsx,26,1099,300,1
upright:885997:sale,upright,shopgoodwill,sale,2026-09-30,885997,blueowl160,order,3400,0,paid_orders_09-30-2026_09-30-2026.xlsx,27,1499,300,1
upright:886001:sale,upright,shopgoodwill,sale,2026-09-30,886001,goldenowl823,order,600,0,paid_orders_09-30-2026_09-30-2026.xlsx,28,1299,300,1
upright:886004:sale,upright,shopgoodwill,sale,2026-09-30,886004,northpicker68,order,700,0,paid_orders_09-30-2026_09-30-2026.xlsx,29,1099,300,1
upright:886005:sale,upright,shopgoodwill,sale,2026-09-30,886005,rustyowl451,order,7500,0,paid_orders_09-30-2026_09-30-2026.xlsx,30,1099,300,1
upright:886008:sale,upright,shopgoodwill,sale,2026-09-30,886008,swiftfinds142,order,4800,0,paid_orders_09-30-2026_09-30-2026.xlsx,31,899,300,1
upright:886009:sale,upright,shopgoodwill,sale,2026-09-30,886009,goldenhound277,order,1600,0,paid_orders_09-30-2026_09-30-2026.xlsx,32,1099,300,1
upright:886012:sale,upright,shopgoodwill,sale,2026-09-30,886012,retrofinds732,order,2300,0,paid_orders_09-30-2026_09-30-2026.xlsx,33,899,300,1
upright:886016:sale,upright,shopgoodwill,sale,2026-09-30,886016,sunnymaple931,order,1700,0,paid_orders_09-30-2026_09-30-2026.xlsx,34,1499,300,1
upright:886019:sale,upright,shopgoodwill,sale,2026-09-30,886019,blueowl393,order,2900,0,paid_orders_09-30-2026_09-30-2026.xlsx,35,1499,300,1
upright:886023:sale,upright,shopgoodwill,sale,2026-09-30,886023,sunnyfox757,order,1600,0,paid_orders_09-30-2026_09-30-2026.xlsx,36,1299,300,1
upright:886024:sale,upright,shopgoodwill,sale,2026-09-30,886024,sunnydeals747,order,1400,0,paid_orders_09-30-2026_09-30-2026.xlsx,37,1499,300,1
upright:886029:sale,upright,shopgoodwill,sale,2026-09-30,886029,retroowl57,order,1500,0,paid_orders_09-30-2026_09-30-2026.xlsx,38,1299,300,1
upright:886030:sale,upright,shopgoodwill,sale,2026-09-30,886030,swiftriver876,order,5800,0,paid_orders_09-30-2026_09-30-2026.xlsx,39,1499,300,1
upright:886034:sale,upright,shopgoodwill,sale,2026-09-30,886034,luckyhound716,order,4000,0,paid_orders_09-30-2026_09-30-2026.xlsx,40,899,300,1
upright:886101:sale,upright,shopgoodwill,sale,2026-10-01,886101,rustyhound434,order,3900,0,paid_orders_09-30-2026_09-30-2026.xlsx,41,1099,300,1
