txn_id,source,marketplace,type,business_date,order_id,customer_id,customer_basis,gross_cents,fee_cents,source_file,source_row,shipping_cents,handling_cents,units
amazon:113-9880767-4510484:sale,amazon,amazon,sale,2026-09-01,113-9880767-4510484,,order,2999,690,amazon_daterange_2026-09.csv,1,399,0,1
amazon:111-7402472-4289671:sale,amazon,amazon,sale,2026-09-01,111-7402472-4289671,,order,599,330,amazon_daterange_2026-09.csv,2,399,0,1
amazon:112-3902698-2647535:sale,amazon,amazon,sale,2026-09-01,112-3902698-2647535,,order,2249,577,amazon_daterange_2026-09.csv,3,399,0,1
amazon:114-5690633-7856484:sale,amazon,amazon,sale,2026-09-01,114-5690633-7856484,,order,3199,720,amazon_daterange_2026-09.csv,4,399,0,1
amazon:112-4938183-2009147:sale,amazon,amazon,sale,2026-09-01,112-4938183-2009147,,order,3349,742,amazon_daterange_2026-09.csv,5,399,0,1
amazon:113-5851051-2522376:sale,amazon,amazon,sale,2026-09-01,113-5851051-2522376,,order,5798,1350,amazon_daterange_2026-09.csv,6,798,0,2
amazon:114-8965891-9942545:sale,amazon,amazon,sale,2026-09-01,114-8965891-9942545,,order,5548,1312,amazon_daterange_2026-09.csv,8,798,0,2
amazon:113-8773453-9395244:sale,amazon,amazon,sale,2026-09-01,113-8773453-9395244,,order,2949,682,amazon_daterange_2026-09.csv,10,399,0,1
amazon:113-3318770-8136248:sale,amazon,amazon,sale,2026-09-01,113-3318770-8136248,,order,1249,427,amazon_daterange_2026-09.csv,11,399,0,1
amazon:111-2217869-1394892:sale,amazon,amazon,sale,2026-09-01,111-2217869-1394892,,order,3349,742,amazon_daterange_2026-09.csv,12,399,0,1
amazon:111-4896975-2941364:sale,amazon,amazon,sale,2026-09-01,111-4896975-2941364,,order,949,382,amazon_daterange_2026-09.csv,13,399,0,1
amazon:113-4417668-6133196:sale,amazon,amazon,sale,2026-09-01,113-4417668-6133196,,order,3099,705,amazon_daterange_2026-09.csv,14,399,0,1
amazon:113-9661463-8584264:sale,amazon,amazon,sale,2026-09-02,113-9661463-8584264,,order,1648,727,amazon_daterange_2026-09.csv,15,798,0,2
amazon:113-6401671-3888481:sale,amazon,amazon,sale,2026-09-02,113-6401671-3888481,,order,1299,435,amazon_daterange_2026-09.csv,17,399,0,1
amazon:112-1222846-9541993:sale,amazon,amazon,sale,2026-09-02,112-1222846-9541993,,order,1349,442,amazon_daterange_2026-09.csv,18,399,0,1
amazon:113-9101913-2552442:sale,amazon,amazon,sale,2026-09-02,113-9101913-2552442,,order,2649,637,amazon_daterange_2026-09.csv,19,399,0,1
amazon:114-9283098-5725206:sale,amazon,amazon,sale,2026-09-02,114-9283098-5725206,,order,3399,750,amazon_daterange_2026-09.csv,20,399,0,1
amazon:113-6940463-3312474:sale,amazon,amazon,sale,2026-09-02,113-6940463-3312474,,order,899,375,amazon_daterange_2026-09.csv,21,399,0,1
amazon:112-2619193-9322485:sale,amazon,amazon,sale,2026-09-02,112-2619193-9322485,,order,649,337,amazon_daterange_2026-09.csv,22,399,0,1
amazon:111-4150010-9250935:sale,amazon,amazon,sale,2026-09-02,111-4150010-9250935,,order,449,307,amazon_daterange_2026-09.csv,23,399,0,1
amazon:114-5078319-2201999:sale,amazon,amazon,sale,2026-09-02,114-5078319-2201999,,order,1999,540,amazon_daterange_2026-09.csv,24,399,0,1
amazon:111-3596450-6813132:sale,amazon,amazon,sale,2026-09-02,111-3596450-6813132,,order,2899,675,amazon_daterange_2026-09.csv,25,399,0,1
amazon:113-2500320-3814505:sale,amazon,amazon,sale,2026-09-02,113-2500320-3814505,,order,3948,1072,amazon_daterange_2026-09.csv,26,798,0,2
amazon:114-2599954-9158206:sale,amazon,amazon,sale,2026-09-02,114-2599954-9158206,,order,3399,750,amazon_daterange_2026-09.csv,28,399,0,1
amazon:112-6150718-5904884:sale,amazon,amazon,sale,2026-09-02,112-6150718-5904884,,order,2949,682,amazon_daterange_2026-09.csv,29,399,0,1
amazon:112-9358325-8654489:sale,amazon,amazon,sale,2026-09-02,112-9358325-8654489,,order,2799,660,amazon_daterange_2026-09.csv,30,399,0,1
amazon:111-8973041-2024200:sale,amazon,amazon,sale,2026-09-02,111-8973041-2024200,,order,1299,435,amazon_daterange_2026-09.csv,31,399,0,1
amazon:113-4373907-6485661:sale,amazon,amazon,sale,2026-09-02,113-4373907-6485661,,order,899,375,amazon_daterange_2026-09.csv,32,399,0,1
amazon:112-9596752-4825691:sale,amazon,amazon,sale,2026-09-03,112-9596752-4825691,,order,499,315,amazon_daterange_2026-09.csv,33,399,0,1
amazon:112-8836723-6708242:sale,amazon,amazon,sale,2026-09-03,112-8836723-6708242,,order,1949,532,amazon_daterange_2026-09.csv,34,399,0,1
amazon:112-6721510-7466642:sale,amazon,amazon,sale,2026-09-03,112-6721510-7466642,,order,549,322,amazon_daterange_2026-09.csv,35,399,0,1
amazon:112-8130007-8752631:sale,amazon,amazon,sale,2026-09-03,112-8130007-8752631,,order,2749,652,amazon_daterange_2026-09.csv,36,399,0,1
amazon:114-1575740-9067193:sale,amazon,amazon,sale,2026-09-03,114-1575740-9067193,,order,3149,712,amazon_daterange_2026-09.csv,37,399,0,1
amazon:114-8515079-9827505:sale,amazon,amazon,sale,2026-09-03,114-8515079-9827505,,order,2249,577,amazon_daterange_2026-09.csv,38,399,0,1
amazon:114-1714973-7676914:sale,amazon,amazon,sale,2026-09-03,114-1714973-7676914,,order,1799,510,amazon_daterange_2026-09.csv,39,399,0,1
amazon:113-6733625-7894522:sale,amazon,amazon,sale,2026-09-03,113-6733625-7894522,,order,1399,450,amazon_daterange_2026-09.csv,40,399,0,1
amazon:114-7299131-9056468:sale,amazon,amazon,sale,2026-09-03,114-7299131-9056468,,order,2349,592,amazon_daterange_2026-09.csv,41,399,0,1
amazon:111-4529067-3615765:sale,amazon,amazon,sale,2026-09-03,111-4529067-3615765,,order,849,367,amazon_daterange_2026-09.csv,42,399,0,1
amazon:112-2577014-2679281:sale,amazon,amazon,sale,2026-09-03,112-2577014-2679281,,order,799,360,amazon_daterange_2026-09.csv,43,399,0,1
amazon:111-7982316-8322407:sale,amazon,amazon,sale,2026-09-03,111-7982316-8322407,,order,799,360,amazon_daterange_2026-09.csv,44,399,0,1
amazon:114-5713908-9974841:sale,amazon,amazon,sale,2026-09-03,114-5713908-9974841,,order,2449,607,amazon_daterange_2026-09.csv,45,399,0,1
amazon:111-8593255-2189057:sale,amazon,amazon,sale,2026-09-03,111-8593255-2189057,,order,2549,622,amazon_daterange_2026-09.csv,46,399,0,1
amazon:111-5538629-8204692:sale,amazon,amazon,sale,2026-09-03,111-5538629-8204692,,order,2899,675,amazon_daterange_2026-09.csv,47,399,0,1
amazon:111-8516927-6536259:sale,amazon,amazon,sale,2026-09-04,111-8516927-6536259,,order,1899,525,amazon_daterange_2026-09.csv,48,399,0,1
amazon:113-6389465-7836277:sale,amazon,amazon,sale,2026-09-04,113-6389465-7836277,,order,2299,585,amazon_daterange_2026-09.csv,49,399,0,1
amazon:111-4808639-1531702:sale,amazon,amazon,sale,2026-09-04,111-4808639-1531702,,order,1949,532,amazon_daterange_2026-09.csv,50,399,0,1
amazon:114-9905338-5229360:sale,amazon,amazon,sale,2026-09-04,114-9905338-5229360,,order,2599,630,amazon_daterange_2026-09.csv,51,399,0,1
amazon:111-6274905-8977229:sale,amazon,amazon,sale,2026-09-04,111-6274905-8977229,,order,1549,472,amazon_daterange_2026-09.csv,52,399,0,1
amazon:114-6311105-3067602:sale,amazon,amazon,sale,2026-09-04,114-6311105-3067602,,order,3948,1072,amazon_daterange_2026-09.csv,53,798,0,2
amazon:114-4446143-2987355:sale,amazon,amazon,sale,2026-09-04,114-4446143-2987355,,order,2499,615,amazon_daterange_2026-09.csv,55,399,0,1
amazon:114-9964447-9811238:sale,amazon,amazon,sale,2026-09-04,114-9964447-9811238,,order,2899,675,amazon_daterange_2026-09.csv,56,399,0,1
amazon:112-4820527-5515810:sale,amazon,amazon,sale,2026-09-04,112-4820527-5515810,,order,2849,667,amazon_daterange_2026-09.csv,57,399,0,1
amazon:112-7642539-4638470:sale,amazon,amazon,sale,2026-09-04,112-7642539-4638470,,order,2099,555,amazon_daterange_2026-09.csv,58,399,0,1
amazon:112-7013132-4504187:sale,amazon,amazon,sale,2026-09-04,112-7013132-4504187,,order,1099,405,amazon_daterange_2026-09.csv,59,399,0,1
amazon:111-7403538-9356698:sale,amazon,amazon,sale,2026-09-04,111-7403538-9356698,,order,2449,607,amazon_daterange_2026-09.csv,60,399,0,1
amazon:113-5569168-6494314:sale,amazon,amazon,sale,2026-09-04,113-5569168-6494314,,order,849,367,amazon_daterange_2026-09.csv,61,399,0,1
amazon:113-1796993-8924158:sale,amazon,amazon,sale,2026-09-04,113-1796993-8924158,,order,1249,427,amazon_daterange_2026-09.csv,62,399,0,1
amazon:113-8381198-2126902:sale,amazon,amazon,sale,2026-09-04,113-8381198-2126902,,order,3449,757,amazon_daterange_2026-09.csv,63,399,0,1
amazon:114-7387432-5321665:sale,amazon,amazon,sale,2026-09-04,114-7387432-5321665,,order,1549,472,amazon_daterange_2026-09.csv,64,399,0,1
amazon:111-2893076-4334138:sale,amazon,amazon,sale,2026-09-04,111-2893076-4334138,,order,849,367,amazon_daterange_2026-09.csv,65,399,0,1
amazon:111-7781186-6302481:sale,amazon,amazon,sale,2026-09-05,111-7781186-6302481,,order,3199,720,amazon_daterange_2026-09.csv,66,399,0,1
amazon:112-3559371-2172013:sale,amazon,amazon,sale,2026-09-05,112-3559371-2172013,,order,1249,427,amazon_daterange_2026-09.csv,67,399,0,1
amazon:112-8088128-2519140:sale,amazon,amazon,sale,2026-09-05,112-8088128-2519140,,order,1899,525,amazon_daterange_2026-09.csv,68,399,0,1
amazon:114-3345974-8099308:sale,amazon,amazon,sale,2026-09-05,114-3345974-8099308,,order,2299,585,amazon_daterange_2026-09.csv,69,399,0,1
amazon:114-9142308-1775928:sale,amazon,amazon,sale,2026-09-05,114-9142308-1775928,,order,1599,480,amazon_daterange_2026-09.csv,70,399,0,1
amazon:112-3300089-8322705:sale,amazon,amazon,sale,2026-09-05,112-3300089-8322705,,order,2949,682,amazon_daterange_2026-09.csv,71,399,0,1
amazon:111-9514347-8016003:sale,amazon,amazon,sale,2026-09-05,111-9514347-8016003,,order,1349,442,amazon_daterange_2026-09.csv,72,399,0,1
amazon:113-6748373-9703359:sale,amazon,amazon,sale,2026-09-05,113-6748373-9703359,,order,1849,517,amazon_daterange_2026-09.csv,73,399,0,1
amazon:111-3577273-9791531:sale,amazon,amazon,sale,2026-09-05,111-3577273-9791531,,order,2549,622,amazon_daterange_2026-09.csv,74,399,0,1
amazon:113-9385053-9352423:sale,amazon,amazon,sale,2026-09-05,113-9385053-9352423,,order,849,367,amazon_daterange_2026-09.csv,75,399,0,1
amazon:114-3764962-6387946:sale,amazon,amazon,sale,2026-09-06,114-3764962-6387946,,order,1749,502,amazon_daterange_2026-09.csv,76,399,0,1
amazon:112-3146213-4165989:sale,amazon,amazon,sale,2026-09-06,112-3146213-4165989,,order,3449,757,amazon_daterange_2026-09.csv,77,399,0,1
amazon:113-1709530-9362899:sale,amazon,amazon,sale,2026-09-06,113-1709530-9362899,,order,2249,577,amazon_daterange_2026-09.csv,78,399,0,1
amazon:111-4784209-6969497:sale,amazon,amazon,sale,2026-09-06,111-4784209-6969497,,order,849,367,amazon_daterange_2026-09.csv,79,399,0,1
amazon:111-4652065-1145115:sale,amazon,amazon,sale,2026-09-06,111-4652065-1145115,,order,2648,877,amazon_daterange_2026-09.csv,80,798,0,2
amazon:113-4820459-8640474:sale,amazon,amazon,sale,2026-09-06,113-4820459-8640474,,order,2999,690,amazon_daterange_2026-09.csv,82,399,0,1
amazon:113-6155834-5409053:sale,amazon,amazon,sale,2026-09-06,113-6155834-5409053,,order,2499,615,amazon_daterange_2026-09.csv,83,399,0,1
amazon:114-7111459-7514945:sale,amazon,amazon,sale,2026-09-06,114-7111459-7514945,,order,1849,517,amazon_daterange_2026-09.csv,84,399,0,1
amazon:114-9508761-8736434:sale,amazon,amazon,sale,2026-09-06,114-9508761-8736434,,order,2099,555,amazon_daterange_2026-09.csv,85,399,0,1
amazon:114-3733575-4486711:sale,amazon,amazon,sale,2026-09-06,114-3733575-4486711,,order,2849,667,amazon_daterange_2026-09.csv,86,399,0,1
amazon:112-3478920-6335710:sale,amazon,amazon,sale,2026-09-06,112-3478920-6335710,,order,3349,742,amazon_daterange_2026-09.csv,87,399,0,1
amazon:111-2266902-4562413:sale,amazon,amazon,sale,2026-09-06,111-2266902-4562413,,order,849,367,amazon_daterange_2026-09.csv,88,399,0,1
amazon:111-2379814-8474787:sale,amazon,amazon,sale,2026-09-06,111-2379814-8474787,,order,2599,630,amazon_daterange_2026-09.csv,89,399,0,1
amazon:111-1465557-8739187:sale,amazon,amazon,sale,2026-09-06,111-1465557-8739187,,order,5798,1349,amazon_daterange_2026-09.csv,90,798,0,2
amazon:114-6079216-4278282:sale,amazon,amazon,sale,2026-09-06,114-6079216-4278282,,order,2699,645,amazon_daterange_2026-09.csv,92,399,0,1
amazon:112-1213169-3577508:sale,amazon,amazon,sale,2026-09-06,112-1213169-3577508,,order,1149,412,amazon_daterange_2026-09.csv,93,399,0,1
amazon:112-7662910-3443375:sale,amazon,amazon,sale,2026-09-06,112-7662910-3443375,,order,2799,660,amazon_daterange_2026-09.csv,94,399,0,1
amazon:112-4419968-2060043:sale,amazon,amazon,sale,2026-09-06,112-4419968-2060043,,order,2099,555,amazon_daterange_2026-09.csv,95,399,0,1
amazon:114-8829328-2231720:sale,amazon,amazon,sale,2026-09-07,114-8829328-2231720,,order,2849,667,amazon_daterange_2026-09.csv,96,399,0,1
amazon:111-9755718-6080807:sale,amazon,amazon,sale,2026-09-07,111-9755718-6080807,,order,2199,570,amazon_daterange_2026-09.csv,97,399,0,1
amazon:111-6644989-7322175:sale,amazon,amazon,sale,2026-09-07,111-6644989-7322175,,order,1949,532,amazon_daterange_2026-09.csv,98,399,0,1
amazon:113-2508849-9327673:sale,amazon,amazon,sale,2026-09-07,113-2508849-9327673,,order,2598,869,amazon_daterange_2026-09.csv,99,798,0,2
amazon:111-7041052-7894087:sale,amazon,amazon,sale,2026-09-07,111-7041052-7894087,,order,749,352,amazon_daterange_2026-09.csv,101,399,0,1
amazon:112-6540435-9842224:sale,amazon,amazon,sale,2026-09-07,112-6540435-9842224,,order,2299,585,amazon_daterange_2026-09.csv,102,399,0,1
amazon:114-6957673-6809141:sale,amazon,amazon,sale,2026-09-07,114-6957673-6809141,,order,2999,690,amazon_daterange_2026-09.csv,103,399,0,1
amazon:112-8005611-5615451:sale,amazon,amazon,sale,2026-09-07,112-8005611-5615451,,order,649,337,amazon_daterange_2026-09.csv,104,399,0,1
amazon:112-1117080-7666608:sale,amazon,amazon,sale,2026-09-07,112-1117080-7666608,,order,799,360,amazon_daterange_2026-09.csv,105,399,0,1
amazon:113-4764247-7763793:sale,amazon,amazon,sale,2026-09-07,113-4764247-7763793,,order,3298,975,amazon_daterange_2026-09.csv,106,798,0,2
amazon:112-1872480-7676805:sale,amazon,amazon,sale,2026-09-07,112-1872480-7676805,,order,3499,765,amazon_daterange_2026-09.csv,108,399,0,1
amazon:114-1306398-6139114:sale,amazon,amazon,sale,2026-09-07,114-1306398-6139114,,order,2549,622,amazon_daterange_2026-09.csv,109,399,0,1
amazon:112-8619347-7006223:sale,amazon,amazon,sale,2026-09-08,112-8619347-7006223,,order,3149,712,amazon_daterange_2026-09.csv,110,399,0,1
amazon:114-9470081-3176906:sale,amazon,amazon,sale,2026-09-08,114-9470081-3176906,,order,1799,510,amazon_daterange_2026-09.csv,111,399,0,1
amazon:113-1974635-6197564:sale,amazon,amazon,sale,2026-09-08,113-1974635-6197564,,order,1599,480,amazon_daterange_2026-09.csv,112,399,0,1
amazon:113-2146842-8445621:sale,amazon,amazon,sale,2026-09-08,113-2146842-8445621,,order,949,382,amazon_daterange_2026-09.csv,113,399,0,1
amazon:114-6745966-1738131:sale,amazon,amazon,sale,2026-09-08,114-6745966-1738131,,order,2199,570,amazon_daterange_2026-09.csv,114,399,0,1
amazon:113-6009875-2399200:sale,amazon,amazon,sale,2026-09-08,113-6009875-2399200,,order,1649,487,amazon_daterange_2026-09.csv,115,399,0,1
amazon:112-9644048-3712443:sale,amazon,amazon,sale,2026-09-08,112-9644048-3712443,,order,1699,495,amazon_daterange_2026-09.csv,116,399,0,1
amazon:111-3056542-8919378:sale,amazon,amazon,sale,2026-09-08,111-3056542-8919378,,order,1549,472,amazon_daterange_2026-09.csv,117,399,0,1
amazon:114-9736629-6459444:sale,amazon,amazon,sale,2026-09-08,114-9736629-6459444,,order,549,322,amazon_daterange_2026-09.csv,118,399,0,1
amazon:114-7638525-5644945:sale,amazon,amazon,sale,2026-09-08,114-7638525-5644945,,order,2999,690,amazon_daterange_2026-09.csv,119,399,0,1
amazon:112-1453937-2250321:sale,amazon,amazon,sale,2026-09-08,112-1453937-2250321,,order,749,352,amazon_daterange_2026-09.csv,120,399,0,1
amazon:111-9731380-4511356:sale,amazon,amazon,sale,2026-09-08,111-9731380-4511356,,order,549,322,amazon_daterange_2026-09.csv,121,399,0,1
amazon:113-6266458-2303521:sale,amazon,amazon,sale,2026-09-08,113-6266458-2303521,,order,899,375,amazon_daterange_2026-09.csv,122,399,0,1
amazon:112-8499574-5785035:sale,amazon,amazon,sale,2026-09-09,112-8499574-5785035,,order,1549,472,amazon_daterange_2026-09.csv,123,399,0,1
amazon:113-1026406-1868068:sale,amazon,amazon,sale,2026-09-09,113-1026406-1868068,,order,1349,442,amazon_daterange_2026-09.csv,124,399,0,1
amazon:112-3738843-4803364:sale,amazon,amazon,sale,2026-09-09,112-3738843-4803364,,order,1949,532,amazon_daterange_2026-09.csv,125,399,0,1
amazon:111-3630971-2921134:sale,amazon,amazon,sale,2026-09-09,111-3630971-2921134,,order,3349,742,amazon_daterange_2026-09.csv,126,399,0,1
amazon:113-3525410-7179536:sale,amazon,amazon,sale,2026-09-09,113-3525410-7179536,,order,3299,735,amazon_daterange_2026-09.csv,127,399,0,1
amazon:114-3247879-7310447:sale,amazon,amazon,sale,2026-09-09,114-3247879-7310447,,order,3299,735,amazon_daterange_2026-09.csv,128,399,0,1
amazon:112-9761518-3397423:sale,amazon,amazon,sale,2026-09-09,112-9761518-3397423,,order,449,307,amazon_daterange_2026-09.csv,129,399,0,1
amazon:111-5975657-1514571:sale,amazon,amazon,sale,2026-09-09,111-5975657-1514571,,order,3099,705,amazon_daterange_2026-09.csv,130,399,0,1
amazon:113-4638594-9822399:sale,amazon,amazon,sale,2026-09-09,113-4638594-9822399,,order,3299,735,amazon_daterange_2026-09.csv,131,399,0,1
amazon:111-7495051-4782698:sale,amazon,amazon,sale,2026-09-09,111-7495051-4782698,,order,3548,1012,amazon_daterange_2026-09.csv,132,798,0,2
amazon:113-8884027-1392223:sale,amazon,amazon,sale,2026-09-09,113-8884027-1392223,,order,3049,697,amazon_daterange_2026-09.csv,134,399,0,1
amazon:114-4687120-9746958:sale,amazon,amazon,sale,2026-09-10,114-4687120-9746958,,order,4998,1229,amazon_daterange_2026-09.csv,135,798,0,2
amazon:114-9398186-9206556:sale,amazon,amazon,sale,2026-09-10,114-9398186-9206556,,order,3299,735,amazon_daterange_2026-09.csv,137,399,0,1
amazon:112-5986762-8004590:sale,amazon,amazon,sale,2026-09-10,112-5986762-8004590,,order,1999,540,amazon_daterange_2026-09.csv,138,399,0,1
amazon:114-1987070-3179106:sale,amazon,amazon,sale,2026-09-10,114-1987070-3179106,,order,3349,742,amazon_daterange_2026-09.csv,139,399,0,1
amazon:113-5130170-4298321:sale,amazon,amazon,sale,2026-09-10,113-5130170-4298321,,order,2899,675,amazon_daterange_2026-09.csv,140,399,0,1
amazon:114-5464546-2348894:sale,amazon,amazon,sale,2026-09-10,114-5464546-2348894,,order,1249,427,amazon_daterange_2026-09.csv,141,399,0,1
amazon:112-6019646-2502765:sale,amazon,amazon,sale,2026-09-10,112-6019646-2502765,,order,2349,592,amazon_daterange_2026-09.csv,142,399,0,1
amazon:112-9271796-2743524:sale,amazon,amazon,sale,2026-09-10,112-9271796-2743524,,order,799,360,amazon_daterange_2026-09.csv,143,399,0,1
amazon:112-2691927-1161707:sale,amazon,amazon,sale,2026-09-10,112-2691927-1161707,,order,4748,1192,amazon_daterange_2026-09.csv,144,798,0,2
amazon:114-8590121-3343655:sale,amazon,amazon,sale,2026-09-10,114-8590121-3343655,,order,3149,712,amazon_daterange_2026-09.csv,146,399,0,1
amazon:113-4778179-5025830:sale,amazon,amazon,sale,2026-09-10,113-4778179-5025830,,order,2499,615,amazon_daterange_2026-09.csv,147,399,0,1
amazon:114-9436005-5874070:sale,amazon,amazon,sale,2026-09-10,114-9436005-5874070,,order,1949,532,amazon_daterange_2026-09.csv,148,399,0,1
amazon:111-7421593-5231313:sale,amazon,amazon,sale,2026-09-10,111-7421593-5231313,,order,749,352,amazon_daterange_2026-09.csv,149,399,0,1
amazon:113-7689597-3006410:sale,amazon,amazon,sale,2026-09-10,113-7689597-3006410,,order,649,337,amazon_daterange_2026-09.csv,150,399,0,1
amazon:113-8975686-9098661:sale,amazon,amazon,sale,2026-09-11,113-8975686-9098661,,order,1449,457,amazon_daterange_2026-09.csv,151,399,0,1
amazon:112-1558636-7922256:sale,amazon,amazon,sale,2026-09-11,112-1558636-7922256,,order,1899,525,amazon_daterange_2026-09.csv,152,399,0,1
amazon:114-5637909-9394160:sale,amazon,amazon,sale,2026-09-11,114-5637909-9394160,,order,2599,630,amazon_daterange_2026-09.csv,153,399,0,1
amazon:114-8403893-2591150:sale,amazon,amazon,sale,2026-09-11,114-8403893-2591150,,order,1699,495,amazon_daterange_2026-09.csv,154,399,0,1
amazon:111-4651328-3875373:sale,amazon,amazon,sale,2026-09-11,111-4651328-3875373,,order,949,382,amazon_daterange_2026-09.csv,155,399,0,1
amazon:112-8659309-2263677:sale,amazon,amazon,sale,2026-09-11,112-8659309-2263677,,order,2249,577,amazon_daterange_2026-09.csv,156,399,0,1
amazon:113-3454985-6510415:sale,amazon,amazon,sale,2026-09-11,113-3454985-6510415,,order,1149,412,amazon_daterange_2026-09.csv,157,399,0,1
amazon:111-3788513-7919312:sale,amazon,amazon,sale,2026-09-11,111-3788513-7919312,,order,3199,720,amazon_daterange_2026-09.csv,158,399,0,1
amazon:112-8498063-3302030:sale,amazon,amazon,sale,2026-09-11,112-8498063-3302030,,order,4098,1095,amazon_daterange_2026-09.csv,159,798,0,2
amazon:113-1538846-1704662:sale,amazon,amazon,sale,2026-09-11,113-1538846-1704662,,order,2849,667,amazon_daterange_2026-09.csv,161,399,0,1
amazon:112-7751708-8824006:sale,amazon,amazon,sale,2026-09-12,112-7751708-8824006,,order,2349,592,amazon_daterange_2026-09.csv,162,399,0,1
amazon:113-6379044-5520915:sale,amazon,amazon,sale,2026-09-12,113-6379044-5520915,,order,1849,517,amazon_daterange_2026-09.csv,163,399,0,1
amazon:112-6846124-5466867:sale,amazon,amazon,sale,2026-09-12,112-6846124-5466867,,order,1549,472,amazon_daterange_2026-09.csv,164,399,0,1
amazon:114-9823466-4877296:sale,amazon,amazon,sale,2026-09-12,114-9823466-4877296,,order,3349,742,amazon_daterange_2026-09.csv,165,399,0,1
amazon:111-6406855-2755925:sale,amazon,amazon,sale,2026-09-12,111-6406855-2755925,,order,799,360,amazon_daterange_2026-09.csv,166,399,0,1
amazon:113-2506824-7493738:sale,amazon,amazon,sale,2026-09-12,113-2506824-7493738,,order,3049,697,amazon_daterange_2026-09.csv,167,399,0,1
amazon:111-4095014-9174731:sale,amazon,amazon,sale,2026-09-12,111-4095014-9174731,,order,2199,570,amazon_daterange_2026-09.csv,168,399,0,1
amazon:114-8455085-9084174:sale,amazon,amazon,sale,2026-09-12,114-8455085-9084174,,order,2849,667,amazon_daterange_2026-09.csv,169,399,0,1
amazon:114-2747161-4206931:sale,amazon,amazon,sale,2026-09-12,114-2747161-4206931,,order,1649,487,amazon_daterange_2026-09.csv,170,399,0,1
amazon:111-5040714-3317580:sale,amazon,amazon,sale,2026-09-12,111-5040714-3317580,,order,2499,615,amazon_daterange_2026-09.csv,171,399,0,1
amazon:114-4753207-2628954:sale,amazon,amazon,sale,2026-09-12,114-4753207-2628954,,order,1649,487,amazon_daterange_2026-09.csv,172,399,0,1
amazon:114-7048052-8998519:sale,amazon,amazon,sale,2026-09-12,114-7048052-8998519,,order,799,360,amazon_daterange_2026-09.csv,173,399,0,1
amazon:112-4497377-2210223:sale,amazon,amazon,sale,2026-09-12,112-4497377-2210223,,order,1149,412,amazon_daterange_2026-09.csv,174,399,0,1
amazon:112-4531306-1044556:sale,amazon,amazon,sale,2026-09-12,112-4531306-1044556,,order,2649,637,amazon_daterange_2026-09.csv,175,399,0,1
amazon:114-4619643-2202540:sale,amazon,amazon,sale,2026-09-12,114-4619643-2202540,,order,549,322,amazon_daterange_2026-09.csv,176,399,0,1
amazon:112-4948235-9460527:sale,amazon,amazon,sale,2026-09-12,112-4948235-9460527,,order,3199,720,amazon_daterange_2026-09.csv,177,399,0,1
amazon:114-7368079-3722387:sale,amazon,amazon,sale,2026-09-12,114-7368079-3722387,,order,3249,727,amazon_daterange_2026-09.csv,178,399,0,1
amazon:111-9271395-4328438:sale,amazon,amazon,sale,2026-09-12,111-9271395-4328438,,order,3499,765,amazon_daterange_2026-09.csv,179,399,0,1
amazon:112-6807426-5644498:sale,amazon,amazon,sale,2026-09-13,112-6807426-5644498,,order,499,315,amazon_daterange_2026-09.csv,180,399,0,1
amazon:113-6191970-1561202:sale,amazon,amazon,sale,2026-09-13,113-6191970-1561202,,order,2099,555,amazon_daterange_2026-09.csv,181,399,0,1
amazon:111-4685981-2088644:sale,amazon,amazon,sale,2026-09-13,111-4685981-2088644,,order,1799,510,amazon_daterange_2026-09.csv,182,399,0,1
amazon:114-1774449-1869370:sale,amazon,amazon,sale,2026-09-13,114-1774449-1869370,,order,899,375,amazon_daterange_2026-09.csv,183,399,0,1
amazon:111-5418388-6101642:sale,amazon,amazon,sale,2026-09-13,111-5418388-6101642,,order,2649,637,amazon_daterange_2026-09.csv,184,399,0,1
amazon:113-5150021-1688070:sale,amazon,amazon,sale,2026-09-13,113-5150021-1688070,,order,3249,727,amazon_daterange_2026-09.csv,185,399,0,1
amazon:111-5864616-9941135:sale,amazon,amazon,sale,2026-09-13,111-5864616-9941135,,order,1049,397,amazon_daterange_2026-09.csv,186,399,0,1
amazon:111-8567705-1676995:sale,amazon,amazon,sale,2026-09-13,111-8567705-1676995,,order,1449,457,amazon_daterange_2026-09.csv,187,399,0,1
amazon:112-6268742-2225827:sale,amazon,amazon,sale,2026-09-13,112-6268742-2225827,,order,2299,585,amazon_daterange_2026-09.csv,188,399,0,1
amazon:111-4459930-2454740:sale,amazon,amazon,sale,2026-09-13,111-4459930-2454740,,order,6648,1477,amazon_daterange_2026-09.csv,189,798,0,2
amazon:113-2796037-5458081:sale,amazon,amazon,sale,2026-09-13,113-2796037-5458081,,order,1149,412,amazon_daterange_2026-09.csv,191,399,0,1
amazon:111-9417820-2056553:sale,amazon,amazon,sale,2026-09-13,111-9417820-2056553,,order,1799,510,amazon_daterange_2026-09.csv,192,399,0,1
amazon:113-5512933-6896333:sale,amazon,amazon,sale,2026-09-13,113-5512933-6896333,,order,2699,645,amazon_daterange_2026-09.csv,193,399,0,1
amazon:112-6186550-3036237:sale,amazon,amazon,sale,2026-09-13,112-6186550-3036237,,order,1449,457,amazon_daterange_2026-09.csv,194,399,0,1
amazon:111-9270919-9157193:sale,amazon,amazon,sale,2026-09-13,111-9270919-9157193,,order,5098,1245,amazon_daterange_2026-09.csv,195,798,0,2
amazon:113-9017016-4910624:sale,amazon,amazon,sale,2026-09-13,113-9017016-4910624,,order,2099,555,amazon_daterange_2026-09.csv,197,399,0,1
amazon:112-2988064-9603537:sale,amazon,amazon,sale,2026-09-13,112-2988064-9603537,,order,2949,682,amazon_daterange_2026-09.csv,198,399,0,1
amazon:112-4980192-3092978:sale,amazon,amazon,sale,2026-09-13,112-4980192-3092978,,order,1299,435,amazon_daterange_2026-09.csv,199,399,0,1
amazon:112-4397758-7117432:sale,amazon,amazon,sale,2026-09-13,112-4397758-7117432,,order,2249,577,amazon_daterange_2026-09.csv,200,399,0,1
amazon:111-8253876-1129952:sale,amazon,amazon,sale,2026-09-14,111-8253876-1129952,,order,849,367,amazon_daterange_2026-09.csv,201,399,0,1
amazon:111-5397831-7835261:sale,amazon,amazon,sale,2026-09-14,111-5397831-7835261,,order,4598,1169,amazon_daterange_2026-09.csv,202,798,0,2
amazon:114-1430692-6858857:sale,amazon,amazon,sale,2026-09-14,114-1430692-6858857,,order,599,330,amazon_daterange_2026-09.csv,204,399,0,1
amazon:112-5965200-8159111:sale,amazon,amazon,sale,2026-09-14,112-5965200-8159111,,order,549,322,amazon_daterange_2026-09.csv,205,399,0,1
amazon:111-9290489-4107062:sale,amazon,amazon,sale,2026-09-14,111-9290489-4107062,,order,1799,510,amazon_daterange_2026-09.csv,206,399,0,1
amazon:112-5495195-6500530:sale,amazon,amazon,sale,2026-09-14,112-5495195-6500530,,order,2849,667,amazon_daterange_2026-09.csv,207,399,0,1
amazon:112-1648741-1430813:sale,amazon,amazon,sale,2026-09-14,112-1648741-1430813,,order,1899,525,amazon_daterange_2026-09.csv,208,399,0,1
amazon:113-1792278-9463130:sale,amazon,amazon,sale,2026-09-14,113-1792278-9463130,,order,2999,690,amazon_daterange_2026-09.csv,209,399,0,1
amazon:112-7649908-7594995:sale,amazon,amazon,sale,2026-09-14,112-7649908-7594995,,order,2449,607,amazon_daterange_2026-09.csv,210,399,0,1
amazon:113-3051545-5315546:sale,amazon,amazon,sale,2026-09-14,113-3051545-5315546,,order,3299,735,amazon_daterange_2026-09.csv,211,399,0,1
amazon:113-1478971-4927652:sale,amazon,amazon,sale,2026-09-14,113-1478971-4927652,,order,2648,877,amazon_daterange_2026-09.csv,212,798,0,2
amazon:114-8718893-7078230:sale,amazon,amazon,sale,2026-09-14,114-8718893-7078230,,order,1599,480,amazon_daterange_2026-09.csv,214,399,0,1
amazon:111-1206796-2390047:sale,amazon,amazon,sale,2026-09-14,111-1206796-2390047,,order,849,367,amazon_daterange_2026-09.csv,215,399,0,1
amazon:112-4241093-1982582:sale,amazon,amazon,sale,2026-09-14,112-4241093-1982582,,order,449,307,amazon_daterange_2026-09.csv,216,399,0,1
amazon:112-1775714-5526311:sale,amazon,amazon,sale,2026-09-14,112-1775714-5526311,,order,499,315,amazon_daterange_2026-09.csv,217,399,0,1
amazon:112-3263372-1872752:sale,amazon,amazon,sale,2026-09-14,112-3263372-1872752,,order,3049,697,amazon_daterange_2026-09.csv,218,399,0,1
amazon:112-6016150-9880923:sale,amazon,amazon,sale,2026-09-15,112-6016150-9880923,,order,1949,532,amazon_daterange_2026-09.csv,219,399,0,1
amazon:112-3634331-2530012:sale,amazon,amazon,sale,2026-09-15,112-3634331-2530012,,order,2099,555,amazon_daterange_2026-09.csv,220,399,0,1
amazon:111-1748321-2529770:sale,amazon,amazon,sale,2026-09-15,111-1748321-2529770,,order,5048,1237,amazon_daterange_2026-09.csv,221,798,0,2
amazon:114-9917871-9334952:sale,amazon,amazon,sale,2026-09-15,114-9917871-9334952,,order,1099,405,amazon_daterange_2026-09.csv,223,399,0,1
amazon:112-4631077-3051217:sale,amazon,amazon,sale,2026-09-15,112-4631077-3051217,,order,549,322,amazon_daterange_2026-09.csv,224,399,0,1
amazon:112-1241594-4894793:sale,amazon,amazon,sale,2026-09-15,112-1241594-4894793,,order,1849,517,amazon_daterange_2026-09.csv,225,399,0,1
amazon:113-3747608-5280241:sale,amazon,amazon,sale,2026-09-15,113-3747608-5280241,,order,2399,600,amazon_daterange_2026-09.csv,226,399,0,1
amazon:112-7463776-4166730:sale,amazon,amazon,sale,2026-09-15,112-7463776-4166730,,order,899,375,amazon_daterange_2026-09.csv,227,399,0,1
amazon:111-4655178-9620118:sale,amazon,amazon,sale,2026-09-15,111-4655178-9620118,,order,2699,645,amazon_daterange_2026-09.csv,228,399,0,1
amazon:112-6016107-4186371:sale,amazon,amazon,sale,2026-09-15,112-6016107-4186371,,order,2599,630,amazon_daterange_2026-09.csv,229,399,0,1
amazon:114-6114828-8265835:sale,amazon,amazon,sale,2026-09-15,114-6114828-8265835,,order,1949,532,amazon_daterange_2026-09.csv,230,399,0,1
amazon:113-4057990-1314096:sale,amazon,amazon,sale,2026-09-16,113-4057990-1314096,,order,3898,1065,amazon_daterange_2026-09.csv,231,798,0,2
amazon:114-6386548-3905658:sale,amazon,amazon,sale,2026-09-16,114-6386548-3905658,,order,3049,697,amazon_daterange_2026-09.csv,233,399,0,1
amazon:111-7284857-3970741:sale,amazon,amazon,sale,2026-09-16,111-7284857-3970741,,order,2599,630,amazon_daterange_2026-09.csv,234,399,0,1
amazon:111-8918084-6381061:sale,amazon,amazon,sale,2026-09-16,111-8918084-6381061,,order,2699,645,amazon_daterange_2026-09.csv,235,399,0,1
amazon:113-4409362-2091766:sale,amazon,amazon,sale,2026-09-16,113-4409362-2091766,,order,2099,555,amazon_daterange_2026-09.csv,236,399,0,1
amazon:113-5554354-2411846:sale,amazon,amazon,sale,2026-09-16,113-5554354-2411846,,order,2999,690,amazon_daterange_2026-09.csv,237,399,0,1
amazon:113-2713284-5349113:sale,amazon,amazon,sale,2026-09-16,113-2713284-5349113,,order,649,337,amazon_daterange_2026-09.csv,238,399,0,1
amazon:113-5778137-9846181:sale,amazon,amazon,sale,2026-09-16,113-5778137-9846181,,order,1899,525,amazon_daterange_2026-09.csv,239,399,0,1
amazon:113-7913777-3829350:sale,amazon,amazon,sale,2026-09-16,113-7913777-3829350,,order,2399,600,amazon_daterange_2026-09.csv,240,399,0,1
amazon:114-7327866-5801786:sale,amazon,amazon,sale,2026-09-16,114-7327866-5801786,,order,849,367,amazon_daterange_2026-09.csv,241,399,0,1
amazon:113-8321731-1640423:sale,amazon,amazon,sale,2026-09-16,113-8321731-1640423,,order,649,337,amazon_daterange_2026-09.csv,242,399,0,1
amazon:112-8932289-7674339:sale,amazon,amazon,sale,2026-09-16,112-8932289-7674339,,order,3099,705,amazon_daterange_2026-09.csv,243,399,0,1
amazon:114-3999964-1370905:sale,amazon,amazon,sale,2026-09-16,114-3999964-1370905,,order,3099,705,amazon_daterange_2026-09.csv,244,399,0,1
amazon:114-1104661-2547372:sale,amazon,amazon,sale,2026-09-16,114-1104661-2547372,,order,1099,405,amazon_daterange_2026-09.csv,245,399,0,1
amazon:114-4719906-5640699:sale,amazon,amazon,sale,2026-09-17,114-4719906-5640699,,order,3398,990,amazon_daterange_2026-09.csv,246,798,0,2
amazon:113-5366726-7242999:sale,amazon,amazon,sale,2026-09-17,113-5366726-7242999,,order,1699,495,amazon_daterange_2026-09.csv,248,399,0,1
amazon:111-8111566-8285612:sale,amazon,amazon,sale,2026-09-17,111-8111566-8285612,,order,549,322,amazon_daterange_2026-09.csv,249,399,0,1
amazon:112-7206608-8798721:sale,amazon,amazon,sale,2026-09-17,112-7206608-8798721,,order,3249,727,amazon_daterange_2026-09.csv,250,399,0,1
amazon:112-6970591-5715263:sale,amazon,amazon,sale,2026-09-17,112-6970591-5715263,,order,4698,1184,amazon_daterange_2026-09.csv,251,798,0,2
amazon:112-6748737-1861604:sale,amazon,amazon,sale,2026-09-17,112-6748737-1861604,,order,3049,697,amazon_daterange_2026-09.csv,253,399,0,1
amazon:114-3704952-8850366:sale,amazon,amazon,sale,2026-09-17,114-3704952-8850366,,order,2898,914,amazon_daterange_2026-09.csv,254,798,0,2
amazon:114-2161116-5804922:sale,amazon,amazon,sale,2026-09-17,114-2161116-5804922,,order,1899,525,amazon_daterange_2026-09.csv,256,399,0,1
amazon:112-3740844-9284158:sale,amazon,amazon,sale,2026-09-17,112-3740844-9284158,,order,3099,705,amazon_daterange_2026-09.csv,257,399,0,1
amazon:112-7105173-3760994:sale,amazon,amazon,sale,2026-09-17,112-7105173-3760994,,order,2399,600,amazon_daterange_2026-09.csv,258,399,0,1
amazon:114-7145461-5349686:sale,amazon,amazon,sale,2026-09-17,114-7145461-5349686,,order,2549,622,amazon_daterange_2026-09.csv,259,399,0,1
amazon:111-5711296-1505994:sale,amazon,amazon,sale,2026-09-17,111-5711296-1505994,,order,1699,495,amazon_daterange_2026-09.csv,260,399,0,1
amazon:114-4132050-7481413:sale,amazon,amazon,sale,2026-09-18,114-4132050-7481413,,order,3499,765,amazon_daterange_2026-09.csv,261,399,0,1
amazon:112-5022345-2470840:sale,amazon,amazon,sale,2026-09-18,112-5022345-2470840,,order,2499,615,amazon_daterange_2026-09.csv,262,399,0,1
amazon:111-6065666-3091311:sale,amazon,amazon,sale,2026-09-18,111-6065666-3091311,,order,3399,750,amazon_daterange_2026-09.csv,263,399,0,1
amazon:112-4393196-6166692:sale,amazon,amazon,sale,2026-09-18,112-4393196-6166692,,order,949,382,amazon_daterange_2026-09.csv,264,399,0,1
amazon:113-7645941-2472341:sale,amazon,amazon,sale,2026-09-18,113-7645941-2472341,,order,1849,517,amazon_daterange_2026-09.csv,265,399,0,1
amazon:113-2926561-7173231:sale,amazon,amazon,sale,2026-09-18,113-2926561-7173231,,order,2499,615,amazon_daterange_2026-09.csv,266,399,0,1
amazon:113-5651335-8065142:sale,amazon,amazon,sale,2026-09-18,113-5651335-8065142,,order,1149,412,amazon_daterange_2026-09.csv,267,399,0,1
amazon:114-6304906-4420520:sale,amazon,amazon,sale,2026-09-18,114-6304906-4420520,,order,4598,1170,amazon_daterange_2026-09.csv,268,798,0,2
amazon:111-6926523-2859879:sale,amazon,amazon,sale,2026-09-18,111-6926523-2859879,,order,799,360,amazon_daterange_2026-09.csv,270,399,0,1
amazon:113-4418178-4098953:sale,amazon,amazon,sale,2026-09-18,113-4418178-4098953,,order,3199,720,amazon_daterange_2026-09.csv,271,399,0,1
amazon:111-8697544-7991259:sale,amazon,amazon,sale,2026-09-18,111-8697544-7991259,,order,4998,1230,amazon_daterange_2026-09.csv,272,798,0,2
amazon:114-4276226-1600517:sale,amazon,amazon,sale,2026-09-18,114-4276226-1600517,,order,2299,585,amazon_daterange_2026-09.csv,274,399,0,1
amazon:114-1040425-7493703:sale,amazon,amazon,sale,2026-09-18,114-1040425-7493703,,order,2249,577,amazon_daterange_2026-09.csv,275,399,0,1
amazon:113-4477156-3522383:sale,amazon,amazon,sale,2026-09-18,113-4477156-3522383,,order,1749,502,amazon_daterange_2026-09.csv,276,399,0,1
amazon:111-7391323-7961401:sale,amazon,amazon,sale,2026-09-18,111-7391323-7961401,,order,3349,742,amazon_daterange_2026-09.csv,277,399,0,1
amazon:112-6038806-3079173:sale,amazon,amazon,sale,2026-09-18,112-6038806-3079173,,order,2799,660,amazon_daterange_2026-09.csv,278,399,0,1
amazon:114-6375285-7861016:sale,amazon,amazon,sale,2026-09-18,114-6375285-7861016,,order,1898,765,amazon_daterange_2026-09.csv,279,798,0,2
amazon:113-6531842-2697468:sale,amazon,amazon,sale,2026-09-19,113-6531842-2697468,,order,1349,442,amazon_daterange_2026-09.csv,281,399,0,1
amazon:113-1490048-7574965:sale,amazon,amazon,sale,2026-09-19,113-1490048-7574965,,order,2299,585,amazon_daterange_2026-09.csv,282,399,0,1
amazon:114-1534816-3946287:sale,amazon,amazon,sale,2026-09-19,114-1534816-3946287,,order,2799,660,amazon_daterange_2026-09.csv,283,399,0,1
amazon:113-7187806-2714690:sale,amazon,amazon,sale,2026-09-19,113-7187806-2714690,,order,2899,675,amazon_daterange_2026-09.csv,284,399,0,1
amazon:114-9617803-7724066:sale,amazon,amazon,sale,2026-09-19,114-9617803-7724066,,order,2999,690,amazon_daterange_2026-09.csv,285,399,0,1
amazon:114-2161116-5804922:refund,amazon,amazon,refund,2026-09-19,114-2161116-5804922,,order,-1899,0,amazon_daterange_2026-09.csv,286,-399,0,0
amazon:113-6284884-7173503:sale,amazon,amazon,sale,2026-09-19,113-6284884-7173503,,order,2049,547,amazon_daterange_2026-09.csv,287,399,0,1
amazon:111-1468736-1517517:sale,amazon,amazon,sale,2026-09-19,111-1468736-1517517,,order,3299,735,amazon_daterange_2026-09.csv,288,399,0,1
amazon:112-4658452-1265497:sale,amazon,amazon,sale,2026-09-19,112-4658452-1265497,,order,2349,592,amazon_daterange_2026-09.csv,289,399,0,1
amazon:111-7680386-1181819:sale,amazon,amazon,sale,2026-09-19,111-7680386-1181819,,order,2499,615,amazon_daterange_2026-09.csv,290,399,0,1
amazon:114-5230652-5622844:sale,amazon,amazon,sale,2026-09-19,114-5230652-5622844,,order,3299,735,amazon_daterange_2026-09.csv,291,399,0,1
amazon:114-8867252-6139037:sale,amazon,amazon,sale,2026-09-19,114-8867252-6139037,,order,499,315,amazon_daterange_2026-09.csv,292,399,0,1
amazon:114-4067073-9875399:sale,amazon,amazon,sale,2026-09-19,114-4067073-9875399,,order,2349,592,amazon_daterange_2026-09.csv,293,399,0,1
amazon:111-7709972-7506045:sale,amazon,amazon,sale,2026-09-19,111-7709972-7506045,,order,6048,1387,amazon_daterange_2026-09.csv,294,798,0,2
amazon:111-4388706-4180498:sale,amazon,amazon,sale,2026-09-19,111-4388706-4180498,,order,2999,690,amazon_daterange_2026-09.csv,296,399,0,1
amazon:113-4068855-4060064:sale,amazon,amazon,sale,2026-09-20,113-4068855-4060064,,order,2749,652,amazon_daterange_2026-09.csv,297,399,0,1
amazon:113-1060665-1359949:sale,amazon,amazon,sale,2026-09-20,113-1060665-1359949,,order,2199,570,amazon_daterange_2026-09.csv,298,399,0,1
amazon:114-9219055-4703641:sale,amazon,amazon,sale,2026-09-20,114-9219055-4703641,,order,3199,720,amazon_daterange_2026-09.csv,299,399,0,1
amazon:114-2038222-5519508:sale,amazon,amazon,sale,2026-09-20,114-2038222-5519508,,order,5448,1297,amazon_daterange_2026-09.csv,300,798,0,2
amazon:114-4273729-6598599:sale,amazon,amazon,sale,2026-09-20,114-4273729-6598599,,order,2549,622,amazon_daterange_2026-09.csv,302,399,0,1
amazon:112-1241746-8691682:sale,amazon,amazon,sale,2026-09-20,112-1241746-8691682,,order,2199,570,amazon_daterange_2026-09.csv,303,399,0,1
amazon:114-5122057-4751651:sale,amazon,amazon,sale,2026-09-20,114-5122057-4751651,,order,799,360,amazon_daterange_2026-09.csv,304,399,0,1
amazon:113-8260283-8621504:sale,amazon,amazon,sale,2026-09-20,113-8260283-8621504,,order,5148,1252,amazon_daterange_2026-09.csv,305,798,0,2
amazon:114-7318160-6333259:sale,amazon,amazon,sale,2026-09-20,114-7318160-6333259,,order,2349,592,amazon_daterange_2026-09.csv,307,399,0,1
amazon:111-5642205-7723177:sale,amazon,amazon,sale,2026-09-20,111-5642205-7723177,,order,3149,712,amazon_daterange_2026-09.csv,308,399,0,1
amazon:111-3624731-5275185:sale,amazon,amazon,sale,2026-09-20,111-3624731-5275185,,order,5198,1260,amazon_daterange_2026-09.csv,309,798,0,2
amazon:112-4334875-8652353:sale,amazon,amazon,sale,2026-09-20,112-4334875-8652353,,order,1999,540,amazon_daterange_2026-09.csv,311,399,0,1
amazon:112-3987291-9774836:sale,amazon,amazon,sale,2026-09-20,112-3987291-9774836,,order,2349,592,amazon_daterange_2026-09.csv,312,399,0,1
amazon:112-8260807-7385489:sale,amazon,amazon,sale,2026-09-20,112-8260807-7385489,,order,5698,1335,amazon_daterange_2026-09.csv,313,798,0,2
amazon:112-3780629-6040163:sale,amazon,amazon,sale,2026-09-20,112-3780629-6040163,,order,3349,742,amazon_daterange_2026-09.csv,315,399,0,1
amazon:112-9723919-8007222:sale,amazon,amazon,sale,2026-09-20,112-9723919-8007222,,order,2599,630,amazon_daterange_2026-09.csv,316,399,0,1
amazon:114-3152701-9345057:sale,amazon,amazon,sale,2026-09-20,114-3152701-9345057,,order,749,352,amazon_daterange_2026-09.csv,317,399,0,1
amazon:112-8142270-1339755:sale,amazon,amazon,sale,2026-09-20,112-8142270-1339755,,order,899,375,amazon_daterange_2026-09.csv,318,399,0,1
amazon:111-6439473-1837720:sale,amazon,amazon,sale,2026-09-20,111-6439473-1837720,,order,799,360,amazon_daterange_2026-09.csv,319,399,0,1
amazon:113-7837046-6010250:sale,amazon,amazon,sale,2026-09-20,113-7837046-6010250,,order,5798,1350,amazon_daterange_2026-09.csv,320,798,0,2
amazon:111-7309095-4789387:sale,amazon,amazon,sale,2026-09-20,111-7309095-4789387,,order,849,367,amazon_daterange_2026-09.csv,322,399,0,1
amazon:114-2401012-1480578:sale,amazon,amazon,sale,2026-09-21,114-2401012-1480578,,order,549,322,amazon_daterange_2026-09.csv,323,399,0,1
amazon:112-9469001-6397771:sale,amazon,amazon,sale,2026-09-21,112-9469001-6397771,,order,3099,705,amazon_daterange_2026-09.csv,324,399,0,1
amazon:114-4166785-6660920:sale,amazon,amazon,sale,2026-09-21,114-4166785-6660920,,order,3349,742,amazon_daterange_2026-09.csv,325,399,0,1
amazon:114-2094692-9954836:sale,amazon,amazon,sale,2026-09-21,114-2094692-9954836,,order,2749,652,amazon_daterange_2026-09.csv,326,399,0,1
amazon:111-2333125-6304216:sale,amazon,amazon,sale,2026-09-21,111-2333125-6304216,,order,2199,570,amazon_daterange_2026-09.csv,327,399,0,1
amazon:113-2947085-8448551:sale,amazon,amazon,sale,2026-09-21,113-2947085-8448551,,order,1749,502,amazon_daterange_2026-09.csv,328,399,0,1
amazon:113-9255527-1546081:sale,amazon,amazon,sale,2026-09-21,113-9255527-1546081,,order,3298,975,amazon_daterange_2026-09.csv,329,798,0,2
amazon:112-7738846-5888049:sale,amazon,amazon,sale,2026-09-21,112-7738846-5888049,,order,899,375,amazon_daterange_2026-09.csv,331,399,0,1
amazon:114-3383908-6437889:sale,amazon,amazon,sale,2026-09-21,114-3383908-6437889,,order,2999,690,amazon_daterange_2026-09.csv,332,399,0,1
amazon:113-4696805-9445008:sale,amazon,amazon,sale,2026-09-21,113-4696805-9445008,,order,1849,517,amazon_daterange_2026-09.csv,333,399,0,1
amazon:112-3049563-1709019:sale,amazon,amazon,sale,2026-09-21,112-3049563-1709019,,order,2649,637,amazon_daterange_2026-09.csv,334,399,0,1
amazon:113-9727633-3078562:sale,amazon,amazon,sale,2026-09-21,113-9727633-3078562,,order,2999,690,amazon_daterange_2026-09.csv,335,399,0,1
amazon:113-7082223-2686017:sale,amazon,amazon,sale,2026-09-21,113-7082223-2686017,,order,1899,525,amazon_daterange_2026-09.csv,336,399,0,1
amazon:113-5064673-1491073:sale,amazon,amazon,sale,2026-09-21,113-5064673-1491073,,order,2799,660,amazon_daterange_2026-09.csv,337,399,0,1
amazon:111-4268393-9901077:sale,amazon,amazon,sale,2026-09-21,111-4268393-9901077,,order,2849,667,amazon_daterange_2026-09.csv,338,399,0,1
amazon:112-2910281-6492005:sale,amazon,amazon,sale,2026-09-21,112-2910281-6492005,,order,899,375,amazon_daterange_2026-09.csv,339,399,0,1
amazon:113-5013889-6333311:sale,amazon,amazon,sale,2026-09-21,113-5013889-6333311,,order,3548,1012,amazon_daterange_2026-09.csv,340,798,0,2
amazon:111-9091406-7486425:sale,amazon,amazon,sale,2026-09-22,111-9091406-7486425,,order,3449,757,amazon_daterange_2026-09.csv,342,399,0,1
amazon:111-6455281-2239128:sale,amazon,amazon,sale,2026-09-22,111-6455281-2239128,,order,3199,720,amazon_daterange_2026-09.csv,343,399,0,1
amazon:114-5149354-2278484:sale,amazon,amazon,sale,2026-09-22,114-5149354-2278484,,order,699,345,amazon_daterange_2026-09.csv,344,399,0,1
amazon:112-7926914-9816914:sale,amazon,amazon,sale,2026-09-22,112-7926914-9816914,,order,2999,690,amazon_daterange_2026-09.csv,345,399,0,1
amazon:114-8346829-8851756:sale,amazon,amazon,sale,2026-09-22,114-8346829-8851756,,order,6398,1439,amazon_daterange_2026-09.csv,346,798,0,2
amazon:113-3432065-4085577:sale,amazon,amazon,sale,2026-09-22,113-3432065-4085577,,order,1349,442,amazon_daterange_2026-09.csv,348,399,0,1
amazon:114-8750152-5280954:sale,amazon,amazon,sale,2026-09-22,114-8750152-5280954,,order,1199,420,amazon_daterange_2026-09.csv,349,399,0,1
amazon:114-8926899-6856026:sale,amazon,amazon,sale,2026-09-22,114-8926899-6856026,,order,899,375,amazon_daterange_2026-09.csv,350,399,0,1
amazon:111-4591025-6880490:sale,amazon,amazon,sale,2026-09-22,111-4591025-6880490,,order,2799,660,amazon_daterange_2026-09.csv,351,399,0,1
amazon:112-5393355-7215852:sale,amazon,amazon,sale,2026-09-22,112-5393355-7215852,,order,2399,600,amazon_daterange_2026-09.csv,352,399,0,1
amazon:114-2594719-3693762:sale,amazon,amazon,sale,2026-09-22,114-2594719-3693762,,order,2699,645,amazon_daterange_2026-09.csv,353,399,0,1
amazon:111-3257636-3755852:sale,amazon,amazon,sale,2026-09-22,111-3257636-3755852,,order,2298,824,amazon_daterange_2026-09.csv,354,798,0,2
amazon:112-1573196-6444632:sale,amazon,amazon,sale,2026-09-22,112-1573196-6444632,,order,2049,547,amazon_daterange_2026-09.csv,356,399,0,1
amazon:111-1414201-7107821:sale,amazon,amazon,sale,2026-09-22,111-1414201-7107821,,order,1799,510,amazon_daterange_2026-09.csv,357,399,0,1
amazon:114-1134137-2659661:sale,amazon,amazon,sale,2026-09-22,114-1134137-2659661,,order,2249,577,amazon_daterange_2026-09.csv,358,399,0,1
amazon:113-9053550-6496624:sale,amazon,amazon,sale,2026-09-22,113-9053550-6496624,,order,3448,997,amazon_daterange_2026-09.csv,359,798,0,2
amazon:112-1021912-9254822:sale,amazon,amazon,sale,2026-09-23,112-1021912-9254822,,order,1099,405,amazon_daterange_2026-09.csv,361,399,0,1
amazon:113-5807952-3151271:sale,amazon,amazon,sale,2026-09-23,113-5807952-3151271,,order,1649,487,amazon_daterange_2026-09.csv,362,399,0,1
amazon:114-6100176-4551792:sale,amazon,amazon,sale,2026-09-23,114-6100176-4551792,,order,2449,607,amazon_daterange_2026-09.csv,363,399,0,1
amazon:114-5153951-1263907:sale,amazon,amazon,sale,2026-09-23,114-5153951-1263907,,order,3149,712,amazon_daterange_2026-09.csv,364,399,0,1
amazon:114-8260525-2018660:sale,amazon,amazon,sale,2026-09-23,114-8260525-2018660,,order,849,367,amazon_daterange_2026-09.csv,365,399,0,1
amazon:113-5175679-4430922:sale,amazon,amazon,sale,2026-09-23,113-5175679-4430922,,order,5848,1357,amazon_daterange_2026-09.csv,366,798,0,2
amazon:114-4072069-1711106:sale,amazon,amazon,sale,2026-09-23,114-4072069-1711106,,order,1999,540,amazon_daterange_2026-09.csv,368,399,0,1
amazon:113-6645234-1298643:sale,amazon,amazon,sale,2026-09-23,113-6645234-1298643,,order,1949,532,amazon_daterange_2026-09.csv,369,399,0,1
amazon:111-9376325-7956047:sale,amazon,amazon,sale,2026-09-23,111-9376325-7956047,,order,949,382,amazon_daterange_2026-09.csv,370,399,0,1
amazon:111-9243383-8796106:sale,amazon,amazon,sale,2026-09-23,111-9243383-8796106,,order,1449,457,amazon_daterange_2026-09.csv,371,399,0,1
amazon:111-6454470-7309800:sale,amazon,amazon,sale,2026-09-23,111-6454470-7309800,,order,2949,682,amazon_daterange_2026-09.csv,372,399,0,1
amazon:114-3944477-6435572:sale,amazon,amazon,sale,2026-09-23,114-3944477-6435572,,order,1299,435,amazon_daterange_2026-09.csv,373,399,0,1
amazon:112-9266128-2703397:sale,amazon,amazon,sale,2026-09-23,112-9266128-2703397,,order,2249,577,amazon_daterange_2026-09.csv,374,399,0,1
amazon:113-5011654-7632058:sale,amazon,amazon,sale,2026-09-23,113-5011654-7632058,,order,1049,397,amazon_daterange_2026-09.csv,375,399,0,1
amazon:111-7463651-9306568:sale,amazon,amazon,sale,2026-09-24,111-7463651-9306568,,order,2899,675,amazon_daterange_2026-09.csv,376,399,0,1
amazon:114-8006567-4199082:sale,amazon,amazon,sale,2026-09-24,114-8006567-4199082,,order,1599,480,amazon_daterange_2026-09.csv,377,399,0,1
amazon:112-4770821-2078651:sale,amazon,amazon,sale,2026-09-24,112-4770821-2078651,,order,3499,765,amazon_daterange_2026-09.csv,378,399,0,1
amazon:113-8081985-8442306:sale,amazon,amazon,sale,2026-09-24,113-8081985-8442306,,order,2849,667,amazon_daterange_2026-09.csv,379,399,0,1
amazon:114-1232222-7534286:sale,amazon,amazon,sale,2026-09-24,114-1232222-7534286,,order,2099,555,amazon_daterange_2026-09.csv,380,399,0,1
amazon:111-4273976-5980230:sale,amazon,amazon,sale,2026-09-24,111-4273976-5980230,,order,999,390,amazon_daterange_2026-09.csv,381,399,0,1
amazon:114-4363013-6317173:sale,amazon,amazon,sale,2026-09-24,114-4363013-6317173,,order,3249,727,amazon_daterange_2026-09.csv,382,399,0,1
amazon:114-3831277-5914182:sale,amazon,amazon,sale,2026-09-24,114-3831277-5914182,,order,2749,652,amazon_daterange_2026-09.csv,383,399,0,1
amazon:112-2866705-3037435:sale,amazon,amazon,sale,2026-09-24,112-2866705-3037435,,order,2599,630,amazon_daterange_2026-09.csv,384,399,0,1
amazon:112-8919357-2425425:sale,amazon,amazon,sale,2026-09-24,112-8919357-2425425,,order,2699,645,amazon_daterange_2026-09.csv,385,399,0,1
amazon:111-6074322-7083813:sale,amazon,amazon,sale,2026-09-24,111-6074322-7083813,,order,999,390,amazon_daterange_2026-09.csv,386,399,0,1
amazon:112-1031386-4757390:sale,amazon,amazon,sale,2026-09-24,112-1031386-4757390,,order,2199,570,amazon_daterange_2026-09.csv,387,399,0,1
amazon:114-6538912-1908415:sale,amazon,amazon,sale,2026-09-24,114-6538912-1908415,,order,599,330,amazon_daterange_2026-09.csv,388,399,0,1
amazon:111-5626693-5071755:sale,amazon,amazon,sale,2026-09-25,111-5626693-5071755,,order,3449,757,amazon_daterange_2026-09.csv,389,399,0,1
amazon:114-6874191-7899502:sale,amazon,amazon,sale,2026-09-25,114-6874191-7899502,,order,1099,405,amazon_daterange_2026-09.csv,390,399,0,1
amazon:113-1708885-9465957:sale,amazon,amazon,sale,2026-09-25,113-1708885-9465957,,order,1649,487,amazon_daterange_2026-09.csv,391,399,0,1
amazon:112-2656285-3891787:sale,amazon,amazon,sale,2026-09-25,112-2656285-3891787,,order,6198,1409,amazon_daterange_2026-09.csv,392,798,0,2
amazon:112-3610772-5167985:sale,amazon,amazon,sale,2026-09-25,112-3610772-5167985,,order,2649,637,amazon_daterange_2026-09.csv,394,399,0,1
amazon:112-1772159-5266297:sale,amazon,amazon,sale,2026-09-25,112-1772159-5266297,,order,3199,720,amazon_daterange_2026-09.csv,395,399,0,1
amazon:113-8296021-4631451:sale,amazon,amazon,sale,2026-09-25,113-8296021-4631451,,order,3049,697,amazon_daterange_2026-09.csv,396,399,0,1
amazon:111-9731479-3072790:sale,amazon,amazon,sale,2026-09-25,111-9731479-3072790,,order,1249,427,amazon_daterange_2026-09.csv,397,399,0,1
amazon:112-6537209-7182919:sale,amazon,amazon,sale,2026-09-25,112-6537209-7182919,,order,1849,517,amazon_daterange_2026-09.csv,398,399,0,1
amazon:112-8650291-2621351:sale,amazon,amazon,sale,2026-09-25,112-8650291-2621351,,order,999,390,amazon_daterange_2026-09.csv,399,399,0,1
amazon:114-9228923-7305740:sale,amazon,amazon,sale,2026-09-25,114-9228923-7305740,,order,2499,615,amazon_daterange_2026-09.csv,400,399,0,1
amazon:111-3589776-7386276:sale,amazon,amazon,sale,2026-09-25,111-3589776-7386276,,order,3149,712,amazon_daterange_2026-09.csv,401,399,0,1
amazon:112-3993834-6560296:sale,amazon,amazon,sale,2026-09-25,112-3993834-6560296,,order,999,390,amazon_daterange_2026-09.csv,402,399,0,1
amazon:113-1100136-8543460:sale,amazon,amazon,sale,2026-09-25,113-1100136-8543460,,order,3299,735,amazon_daterange_2026-09.csv,403,399,0,1
amazon:112-2724147-6716669:sale,amazon,amazon,sale,2026-09-25,112-2724147-6716669,,order,1599,480,amazon_daterange_2026-09.csv,404,399,0,1
amazon:114-6998687-8187960:sale,amazon,amazon,sale,2026-09-26,114-6998687-8187960,,order,1949,532,amazon_daterange_2026-09.csv,405,399,0,1
amazon:114-9626703-9577753:sale,amazon,amazon,sale,2026-09-26,114-9626703-9577753,,order,2349,592,amazon_daterange_2026-09.csv,406,399,0,1
amazon:114-7662200-1442939:sale,amazon,amazon,sale,2026-09-26,114-7662200-1442939,,order,1299,435,amazon_daterange_2026-09.csv,407,399,0,1
amazon:113-9659046-1329760:sale,amazon,amazon,sale,2026-09-26,113-9659046-1329760,,order,599,330,amazon_daterange_2026-09.csv,408,399,0,1
amazon:113-8382155-9074291:sale,amazon,amazon,sale,2026-09-26,113-8382155-9074291,,order,3448,997,amazon_daterange_2026-09.csv,409,798,0,2
amazon:113-7940003-8752366:sale,amazon,amazon,sale,2026-09-26,113-7940003-8752366,,order,2499,615,amazon_daterange_2026-09.csv,411,399,0,1
amazon:112-1669146-5108719:sale,amazon,amazon,sale,2026-09-26,112-1669146-5108719,,order,2699,645,amazon_daterange_2026-09.csv,412,399,0,1
amazon:113-1342599-5053411:sale,amazon,amazon,sale,2026-09-26,113-1342599-5053411,,order,449,307,amazon_daterange_2026-09.csv,413,399,0,1
amazon:114-1754046-7175326:sale,amazon,amazon,sale,2026-09-26,114-1754046-7175326,,order,2299,585,amazon_daterange_2026-09.csv,414,399,0,1
amazon:114-7375832-5608727:sale,amazon,amazon,sale,2026-09-26,114-7375832-5608727,,order,2149,562,amazon_daterange_2026-09.csv,415,399,0,1
amazon:111-5467304-2986446:sale,amazon,amazon,sale,2026-09-26,111-5467304-2986446,,order,1699,495,amazon_daterange_2026-09.csv,416,399,0,1
amazon:113-1253546-3696365:sale,amazon,amazon,sale,2026-09-26,113-1253546-3696365,,order,2199,570,amazon_daterange_2026-09.csv,417,399,0,1
amazon:111-4963529-7141336:sale,amazon,amazon,sale,2026-09-26,111-4963529-7141336,,order,1199,420,amazon_daterange_2026-09.csv,418,399,0,1
amazon:113-6568537-8846451:sale,amazon,amazon,sale,2026-09-26,113-6568537-8846451,,order,1699,495,amazon_daterange_2026-09.csv,419,399,0,1
amazon:113-2945015-6607539:sale,amazon,amazon,sale,2026-09-26,113-2945015-6607539,,order,3299,735,amazon_daterange_2026-09.csv,420,399,0,1
amazon:111-8762545-5708984:sale,amazon,amazon,sale,2026-09-26,111-8762545-5708984,,order,4898,1214,amazon_daterange_2026-09.csv,421,798,0,2
amazon:112-1096474-3144797:sale,amazon,amazon,sale,2026-09-26,112-1096474-3144797,,order,5698,1335,amazon_daterange_2026-09.csv,423,798,0,2
amazon:113-3511886-3835933:sale,amazon,amazon,sale,2026-09-26,113-3511886-3835933,,order,1099,405,amazon_daterange_2026-09.csv,425,399,0,1
amazon:111-4464295-4814271:sale,amazon,amazon,sale,2026-09-26,111-4464295-4814271,,order,3149,712,amazon_daterange_2026-09.csv,426,399,0,1
amazon:111-1877549-8355047:sale,amazon,amazon,sale,2026-09-26,111-1877549-8355047,,order,2349,592,amazon_daterange_2026-09.csv,427,399,0,1
amazon:114-9910208-4251034:sale,amazon,amazon,sale,2026-09-26,114-9910208-4251034,,order,4348,1132,amazon_daterange_2026-09.csv,428,798,0,2
amazon:112-2497505-9299827:sale,amazon,amazon,sale,2026-09-26,112-2497505-9299827,,order,1749,502,amazon_daterange_2026-09.csv,430,399,0,1
amazon:114-4380973-3943177:sale,amazon,amazon,sale,2026-09-27,114-4380973-3943177,,order,1749,502,amazon_daterange_2026-09.csv,431,399,0,1
amazon:112-3863679-5727105:sale,amazon,amazon,sale,2026-09-27,112-3863679-5727105,,order,2999,690,amazon_daterange_2026-09.csv,432,399,0,1
amazon:114-2902166-3210812:sale,amazon,amazon,sale,2026-09-27,114-2902166-3210812,,order,1949,532,amazon_daterange_2026-09.csv,433,399,0,1
amazon:112-9810447-8672251:sale,amazon,amazon,sale,2026-09-27,112-9810447-8672251,,order,2249,577,amazon_daterange_2026-09.csv,434,399,0,1
amazon:112-7989925-6780928:sale,amazon,amazon,sale,2026-09-27,112-7989925-6780928,,order,5948,1372,amazon_daterange_2026-09.csv,435,798,0,2
amazon:112-1948564-6662316:sale,amazon,amazon,sale,2026-09-27,112-1948564-6662316,,order,999,390,amazon_daterange_2026-09.csv,437,399,0,1
amazon:111-5965945-6376528:sale,amazon,amazon,sale,2026-09-27,111-5965945-6376528,,order,3148,952,amazon_daterange_2026-09.csv,438,798,0,2
amazon:111-4386738-7630820:sale,amazon,amazon,sale,2026-09-27,111-4386738-7630820,,order,2199,570,amazon_daterange_2026-09.csv,440,399,0,1
amazon:113-8963256-8335003:sale,amazon,amazon,sale,2026-09-27,113-8963256-8335003,,order,549,322,amazon_daterange_2026-09.csv,441,399,0,1
amazon:114-2892291-3389557:sale,amazon,amazon,sale,2026-09-27,114-2892291-3389557,,order,549,322,amazon_daterange_2026-09.csv,442,399,0,1
amazon:111-9169103-9848305:sale,amazon,amazon,sale,2026-09-27,111-9169103-9848305,,order,1649,487,amazon_daterange_2026-09.csv,443,399,0,1
amazon:114-2649651-2693066:sale,amazon,amazon,sale,2026-09-27,114-2649651-2693066,,order,1549,472,amazon_daterange_2026-09.csv,444,399,0,1
amazon:113-1335276-3471843:sale,amazon,amazon,sale,2026-09-27,113-1335276-3471843,,order,799,360,amazon_daterange_2026-09.csv,445,399,0,1
amazon:112-7975910-7037682:sale,amazon,amazon,sale,2026-09-27,112-7975910-7037682,,order,3399,750,amazon_daterange_2026-09.csv,446,399,0,1
amazon:113-5040286-5236602:sale,amazon,amazon,sale,2026-09-27,113-5040286-5236602,,order,799,360,amazon_daterange_2026-09.csv,447,399,0,1
amazon:114-2018477-2599848:sale,amazon,amazon,sale,2026-09-27,114-2018477-2599848,,order,1099,405,amazon_daterange_2026-09.csv,448,399,0,1
amazon:114-4681080-9416649:sale,amazon,amazon,sale,2026-09-27,114-4681080-9416649,,order,2149,562,amazon_daterange_2026-09.csv,449,399,0,1
amazon:111-2015674-7692821:sale,amazon,amazon,sale,2026-09-27,111-2015674-7692821,,order,2949,682,amazon_daterange_2026-09.csv,450,399,0,1
amazon:113-2884487-6140432:sale,amazon,amazon,sale,2026-09-27,113-2884487-6140432,,order,1299,435,amazon_daterange_2026-09.csv,451,399,0,1
amazon:111-5581983-9899584:sale,amazon,amazon,sale,2026-09-27,111-5581983-9899584,,order,3099,705,amazon_daterange_2026-09.csv,452,399,0,1
amazon:113-3279502-9809675:sale,amazon,amazon,sale,2026-09-28,113-3279502-9809675,,order,2749,652,amazon_daterange_2026-09.csv,453,399,0,1
amazon:114-4241648-4932157:sale,amazon,amazon,sale,2026-09-28,114-4241648-4932157,,order,1749,502,amazon_daterange_2026-09.csv,454,399,0,1
amazon:112-5673407-1946223:sale,amazon,amazon,sale,2026-09-28,112-5673407-1946223,,order,2249,577,amazon_daterange_2026-09.csv,455,399,0,1
amazon:111-4937940-5736881:sale,amazon,amazon,sale,2026-09-28,111-4937940-5736881,,order,1699,495,amazon_daterange_2026-09.csv,456,399,0,1
amazon:114-4085554-7178551:sale,amazon,amazon,sale,2026-09-28,114-4085554-7178551,,order,4548,1162,amazon_daterange_2026-09.csv,457,798,0,2
amazon:112-8331202-2459655:sale,amazon,amazon,sale,2026-09-28,112-8331202-2459655,,order,2999,690,amazon_daterange_2026-09.csv,459,399,0,1
amazon:113-6060507-1279922:sale,amazon,amazon,sale,2026-09-28,113-6060507-1279922,,order,1649,487,amazon_daterange_2026-09.csv,460,399,0,1
amazon:112-3127816-5432298:sale,amazon,amazon,sale,2026-09-28,112-3127816-5432298,,order,5148,1252,amazon_daterange_2026-09.csv,461,798,0,2
amazon:113-4444905-3473392:sale,amazon,amazon,sale,2026-09-28,113-4444905-3473392,,order,549,322,amazon_daterange_2026-09.csv,463,399,0,1
amazon:111-2256670-6086329:sale,amazon,amazon,sale,2026-09-28,111-2256670-6086329,,order,2899,675,amazon_daterange_2026-09.csv,464,399,0,1
amazon:111-1678122-3095091:sale,amazon,amazon,sale,2026-09-28,111-1678122-3095091,,order,1049,397,amazon_daterange_2026-09.csv,465,399,0,1
amazon:113-4838187-6120034:sale,amazon,amazon,sale,2026-09-28,113-4838187-6120034,,order,2749,652,amazon_daterange_2026-09.csv,466,399,0,1
amazon:112-2686116-7218361:sale,amazon,amazon,sale,2026-09-28,112-2686116-7218361,,order,2799,660,amazon_daterange_2026-09.csv,467,399,0,1
amazon:112-8344485-9034973:sale,amazon,amazon,sale,2026-09-29,112-8344485-9034973,,order,2549,622,amazon_daterange_2026-09.csv,468,399,0,1
amazon:113-3906719-5686495:sale,amazon,amazon,sale,2026-09-29,113-3906719-5686495,,order,1749,502,amazon_daterange_2026-09.csv,469,399,0,1
amazon:111-3516887-5046120:sale,amazon,amazon,sale,2026-09-29,111-3516887-5046120,,order,2199,570,amazon_daterange_2026-09.csv,470,399,0,1
amazon:111-8554566-8658170:sale,amazon,amazon,sale,2026-09-29,111-8554566-8658170,,order,1699,495,amazon_daterange_2026-09.csv,471,399,0,1
amazon:113-8008488-4225675:sale,amazon,amazon,sale,2026-09-29,113-8008488-4225675,,order,3399,750,amazon_daterange_2026-09.csv,472,399,0,1
amazon:113-8385013-7982210:sale,amazon,amazon,sale,2026-09-29,113-8385013-7982210,,order,2449,607,amazon_daterange_2026-09.csv,473,399,0,1
amazon:111-6364235-5494237:sale,amazon,amazon,sale,2026-09-29,111-6364235-5494237,,order,2099,555,amazon_daterange_2026-09.csv,474,399,0,1
amazon:111-8934427-9246556:sale,amazon,amazon,sale,2026-09-29,111-8934427-9246556,,order,3399,750,amazon_daterange_2026-09.csv,475,399,0,1
amazon:112-3574053-6999589:sale,amazon,amazon,sale,2026-09-29,112-3574053-6999589,,order,2649,637,amazon_daterange_2026-09.csv,476,399,0,1
amazon:112-4481597-7398470:sale,amazon,amazon,sale,2026-09-29,112-4481597-7398470,,order,2799,660,amazon_daterange_2026-09.csv,477,399,0,1
amazon:111-7922709-7721239:sale,amazon,amazon,sale,2026-09-29,111-7922709-7721239,,order,3199,720,amazon_daterange_2026-09.csv,478,399,0,1
amazon:112-5005129-4979799:sale,amazon,amazon,sale,2026-09-29,112-5005129-4979799,,order,3499,765,amazon_daterange_2026-09.csv,479,399,0,1
amazon:113-2668386-1091583:sale,amazon,amazon,sale,2026-09-29,113-2668386-1091583,,order,2499,615,amazon_daterange_2026-09.csv,480,399,0,1
amazon:113-6913273-4720460:sale,amazon,amazon,sale,2026-09-30,113-6913273-4720460,,order,2949,682,amazon_daterange_2026-09.csv,481,399,0,1
amazon:114-2035958-5923939:sale,amazon,amazon,sale,2026-09-30,114-2035958-5923939,,order,2799,660,amazon_daterange_2026-09.csv,482,399,0,1
amazon:112-2042308-7484700:sale,amazon,amazon,sale,2026-09-30,112-2042308-7484700,,order,3349,742,amazon_daterange_2026-09.csv,483,399,0,1
amazon:111-3503124-5395401:sale,amazon,amazon,sale,2026-09-30,111-3503124-5395401,,order,1799,510,amazon_daterange_2026-09.csv,484,399,0,1
amazon:114-3027814-1940003:sale,amazon,amazon,sale,2026-09-30,114-3027814-1940003,,order,3449,757,amazon_daterange_2026-09.csv,485,399,0,1
amazon:114-8455570-2006898:sale,amazon,amazon,sale,2026-09-30,114-8455570-2006898,,order,1899,525,amazon_daterange_2026-09.csv,486,399,0,1
amazon:114-3165335-6983038:sale,amazon,amazon,sale,2026-09-30,114-3165335-6983038,,order,2099,555,amazon_daterange_2026-09.csv,487,399,0,1
amazon:112-3724827-2685339:sale,amazon,amazon,sale,2026-09-30,112-3724827-2685339,,order,1499,465,amazon_daterange_2026-09.csv,488,399,0,1
amazon:112-1466860-2697997:sale,amazon,amazon,sale,2026-09-30,112-1466860-2697997,,order,2299,585,amazon_daterange_2026-09.csv,489,399,0,1
amazon:112-7210060-8198289:sale,amazon,amazon,sale,2026-09-30,112-7210060-8198289,,order,2849,667,amazon_daterange_2026-09.csv,490,399,0,1
ebay:20-23472-53759:sale,ebay,ebay,sale,2026-09-01,20-23472-53759,luckymaple841,buyer,2099,387,ebay_transactions_2026-09.csv,1,599,0,1
ebay:15-14026-46680:sale,ebay,ebay,sale,2026-09-01,15-14026-46680,retrodeals180,buyer,4099,573,ebay_transactions_2026-09.csv,2,0,0,1
ebay:13-28359-75076:sale,ebay,ebay,sale,2026-09-01,13-28359-75076,retrothrift519,buyer,1499,308,ebay_transactions_2026-09.csv,3,599,0,1
ebay:11-94821-12337:sale,ebay,ebay,sale,2026-09-01,11-94821-12337,swiftthrift33,buyer,3599,507,ebay_transactions_2026-09.csv,4,0,0,1
ebay:12-30553-79170:sale,ebay,ebay,sale,2026-09-01,12-30553-79170,retrofox211,buyer,6099,917,ebay_transactions_2026-09.csv,5,599,0,1
ebay:13-59824-31413:sale,ebay,ebay,sale,2026-09-01,13-59824-31413,northmaple851,buyer,1899,282,ebay_transactions_2026-09.csv,6,0,0,1
ebay:10-81188-25517:sale,ebay,ebay,sale,2026-09-01,10-81188-25517,retrothrift724,buyer,1199,189,ebay_transactions_2026-09.csv,7,0,0,1
ebay:26-52995-67019:sale,ebay,ebay,sale,2026-09-01,26-52995-67019,swiftthrift955,buyer,899,228,ebay_transactions_2026-09.csv,8,599,0,1
ebay:13-95038-13457:sale,ebay,ebay,sale,2026-09-01,13-95038-13457,luckyfox891,buyer,1299,202,ebay_transactions_2026-09.csv,9,0,0,1
ebay:26-22758-99047:sale,ebay,ebay,sale,2026-09-01,26-22758-99047,rustyriver557,buyer,1399,295,ebay_transactions_2026-09.csv,10,599,0,1
ebay:13-64202-76651:sale,ebay,ebay,sale,2026-09-01,13-64202-76651,retrothrift166,buyer,4099,652,ebay_transactions_2026-09.csv,11,599,0,1
ebay:11-40062-69854:sale,ebay,ebay,sale,2026-09-01,11-40062-69854,rustythrift48,buyer,1599,242,ebay_transactions_2026-09.csv,12,0,0,1
ebay:14-97971-72897:sale,ebay,ebay,sale,2026-09-01,14-97971-72897,sunnyriver173,buyer,799,215,ebay_transactions_2026-09.csv,13,599,0,1
ebay:22-30152-51256:sale,ebay,ebay,sale,2026-09-01,22-30152-51256,swiftowl88,buyer,4499,626,ebay_transactions_2026-09.csv,14,0,0,1
ebay:24-52348-59288:sale,ebay,ebay,sale,2026-09-01,24-52348-59288,rustyhound539,buyer,1799,268,ebay_transactions_2026-09.csv,15,0,0,1
ebay:18-63708-96460:sale,ebay,ebay,sale,2026-09-01,18-63708-96460,sunnyfox623,buyer,6299,944,ebay_transactions_2026-09.csv,16,599,0,1
ebay:26-69398-68857:sale,ebay,ebay,sale,2026-09-01,26-69398-68857,luckyriver730,buyer,3799,533,ebay_transactions_2026-09.csv,17,0,0,1
ebay:25-96919-65160:sale,ebay,ebay,sale,2026-09-01,25-96919-65160,goldenriver97,buyer,1199,268,ebay_transactions_2026-09.csv,18,599,0,1
ebay:14-82723-31855:sale,ebay,ebay,sale,2026-09-01,14-82723-31855,goldenpicker707,buyer,1199,189,ebay_transactions_2026-09.csv,19,0,0,1
ebay:20-95964-82384:sale,ebay,ebay,sale,2026-09-02,20-95964-82384,retrohound271,buyer,2299,335,ebay_transactions_2026-09.csv,20,0,0,1
ebay:14-30934-29524:sale,ebay,ebay,sale,2026-09-02,14-30934-29524,sunnybear33,buyer,1099,255,ebay_transactions_2026-09.csv,21,599,0,1
ebay:16-48022-20620:sale,ebay,ebay,sale,2026-09-02,16-48022-20620,luckybear128,buyer,1499,308,ebay_transactions_2026-09.csv,22,599,0,1
ebay:24-54028-83051:sale,ebay,ebay,sale,2026-09-02,24-54028-83051,retrobear962,buyer,2699,388,ebay_transactions_2026-09.csv,23,0,0,1
ebay:16-15609-39448:sale,ebay,ebay,sale,2026-09-02,16-15609-39448,sunnypicker172,buyer,1299,202,ebay_transactions_2026-09.csv,24,0,0,1
ebay:27-65774-15517:sale,ebay,ebay,sale,2026-09-02,27-65774-15517,sunnyriver173,buyer,1299,281,ebay_transactions_2026-09.csv,25,599,0,1
ebay:17-58316-96599:sale,ebay,ebay,sale,2026-09-02,17-58316-96599,rustyhound732,buyer,5099,706,ebay_transactions_2026-09.csv,26,0,0,1
ebay:12-20859-27469:sale,ebay,ebay,sale,2026-09-02,12-20859-27469,retrofinds423,buyer,4199,666,ebay_transactions_2026-09.csv,27,599,0,1
ebay:16-17155-64227:sale,ebay,ebay,sale,2026-09-02,16-17155-64227,retropicker710,buyer,5999,825,ebay_transactions_2026-09.csv,28,0,0,1
ebay:20-85104-50993:sale,ebay,ebay,sale,2026-09-02,20-85104-50993,luckymaple118,buyer,6099,838,ebay_transactions_2026-09.csv,29,0,0,1
ebay:14-99638-50757:sale,ebay,ebay,sale,2026-09-02,14-99638-50757,sunnyowl400,buyer,7399,1090,ebay_transactions_2026-09.csv,30,599,0,1
ebay:16-88024-89587:sale,ebay,ebay,sale,2026-09-02,16-88024-89587,happyfox180,buyer,1499,229,ebay_transactions_2026-09.csv,31,0,0,1
ebay:12-18047-85181:sale,ebay,ebay,sale,2026-09-02,12-18047-85181,retrofinds247,buyer,2799,401,ebay_transactions_2026-09.csv,32,0,0,1
ebay:25-71655-85118:sale,ebay,ebay,sale,2026-09-02,25-71655-85118,retroriver189,buyer,2999,427,ebay_transactions_2026-09.csv,33,0,0,1
ebay:10-71866-44337:sale,ebay,ebay,sale,2026-09-02,10-71866-44337,northhound424,buyer,3199,533,ebay_transactions_2026-09.csv,34,599,0,1
ebay:21-15049-12893:sale,ebay,ebay,sale,2026-09-02,21-15049-12893,norththrift521,buyer,1299,202,ebay_transactions_2026-09.csv,35,0,0,1
ebay:23-23528-18806:sale,ebay,ebay,sale,2026-09-02,23-23528-18806,sunnyhound301,buyer,399,83,ebay_transactions_2026-09.csv,36,0,0,1
ebay:11-52573-75624:sale,ebay,ebay,sale,2026-09-02,11-52573-75624,bluethrift535,buyer,3399,560,ebay_transactions_2026-09.csv,37,599,0,1
ebay:17-86836-64037:sale,ebay,ebay,sale,2026-09-02,17-86836-64037,bluepicker126,buyer,10399,1487,ebay_transactions_2026-09.csv,38,599,0,1
ebay:19-25963-21411:sale,ebay,ebay,sale,2026-09-02,19-25963-21411,bluebear400,buyer,1899,282,ebay_transactions_2026-09.csv,39,0,0,1
ebay:19-26509-58020:sale,ebay,ebay,sale,2026-09-03,19-26509-58020,northmaple815,buyer,2599,374,ebay_transactions_2026-09.csv,40,0,0,1
ebay:11-35738-69979:sale,ebay,ebay,sale,2026-09-03,11-35738-69979,sunnyhound268,buyer,2499,361,ebay_transactions_2026-09.csv,41,0,0,1
ebay:22-27085-18571:sale,ebay,ebay,sale,2026-09-03,22-27085-18571,quietriver717,buyer,2799,480,ebay_transactions_2026-09.csv,42,599,0,1
ebay:20-51835-51096:sale,ebay,ebay,sale,2026-09-03,20-51835-51096,luckythrift167,buyer,3399,480,ebay_transactions_2026-09.csv,43,0,0,1
ebay:20-63219-71992:sale,ebay,ebay,sale,2026-09-03,20-63219-71992,northbear490,buyer,999,242,ebay_transactions_2026-09.csv,44,599,0,1
ebay:26-11960-82000:sale,ebay,ebay,sale,2026-09-03,26-11960-82000,luckybear684,buyer,1299,202,ebay_transactions_2026-09.csv,45,0,0,1
ebay:14-90989-21332:sale,ebay,ebay,sale,2026-09-03,14-90989-21332,goldendeals549,buyer,1299,202,ebay_transactions_2026-09.csv,46,0,0,1
ebay:25-92795-76232:sale,ebay,ebay,sale,2026-09-03,25-92795-76232,rustymaple162,buyer,1999,295,ebay_transactions_2026-09.csv,47,0,0,1
ebay:15-42017-28111:sale,ebay,ebay,sale,2026-09-03,15-42017-28111,swiftdeals521,buyer,2599,374,ebay_transactions_2026-09.csv,48,0,0,1
ebay:18-97926-93010:sale,ebay,ebay,sale,2026-09-03,18-97926-93010,luckyfinds610,buyer,1099,255,ebay_transactions_2026-09.csv,49,599,0,1
ebay:22-16506-76867:sale,ebay,ebay,sale,2026-09-03,22-16506-76867,happyhound26,buyer,3799,613,ebay_transactions_2026-09.csv,50,599,0,1
ebay:27-97513-20043:sale,ebay,ebay,sale,2026-09-03,27-97513-20043,luckyfinds449,buyer,799,136,ebay_transactions_2026-09.csv,51,0,0,1
ebay:13-59909-91029:sale,ebay,ebay,sale,2026-09-03,13-59909-91029,rustyfox543,buyer,2499,361,ebay_transactions_2026-09.csv,52,0,0,1
ebay:18-27175-61689:sale,ebay,ebay,sale,2026-09-03,18-27175-61689,bluefox748,buyer,2999,427,ebay_transactions_2026-09.csv,53,0,0,1
ebay:12-11214-68243:sale,ebay,ebay,sale,2026-09-03,12-11214-68243,retrothrift727,buyer,1299,202,ebay_transactions_2026-09.csv,54,0,0,1
ebay:17-19601-64391:sale,ebay,ebay,sale,2026-09-03,17-19601-64391,rustyfinds678,buyer,1399,215,ebay_transactions_2026-09.csv,55,0,0,1
ebay:20-40465-19204:sale,ebay,ebay,sale,2026-09-03,20-40465-19204,happyhound739,buyer,2099,387,ebay_transactions_2026-09.csv,56,599,0,1
ebay:23-18802-54298:sale,ebay,ebay,sale,2026-09-03,23-18802-54298,swiftowl3,buyer,7299,1076,ebay_transactions_2026-09.csv,57,599,0,1
ebay:15-49020-60156:sale,ebay,ebay,sale,2026-09-03,15-49020-60156,retrofinds247,buyer,1099,176,ebay_transactions_2026-09.csv,58,0,0,1
ebay:27-48816-97320:sale,ebay,ebay,sale,2026-09-03,27-48816-97320,happydeals81,buyer,599,189,ebay_transactions_2026-09.csv,59,599,0,1
ebay:23-95277-67395:sale,ebay,ebay,sale,2026-09-03,23-95277-67395,rustyhound760,buyer,1799,268,ebay_transactions_2026-09.csv,60,0,0,1
ebay:19-73253-44981:sale,ebay,ebay,sale,2026-09-03,19-73253-44981,bluepicker94,buyer,2599,374,ebay_transactions_2026-09.csv,61,0,0,1
ebay:27-72148-28930:sale,ebay,ebay,sale,2026-09-03,27-72148-28930,sunnybear75,buyer,3099,520,ebay_transactions_2026-09.csv,62,599,0,1
ebay:12-62219-71916:sale,ebay,ebay,sale,2026-09-03,12-62219-71916,goldenfinds803,buyer,3999,560,ebay_transactions_2026-09.csv,63,0,0,1
ebay:19-95217-38315:sale,ebay,ebay,sale,2026-09-03,19-95217-38315,quietfox584,buyer,4299,600,ebay_transactions_2026-09.csv,64,0,0,1
ebay:19-15224-14111:sale,ebay,ebay,sale,2026-09-03,19-15224-14111,rustybear221,buyer,2999,507,ebay_transactions_2026-09.csv,65,599,0,1
ebay:20-51046-79000:sale,ebay,ebay,sale,2026-09-03,20-51046-79000,luckypicker581,buyer,1399,295,ebay_transactions_2026-09.csv,66,599,0,1
ebay:10-56054-45685:sale,ebay,ebay,sale,2026-09-03,10-56054-45685,goldenbear850,buyer,4499,705,ebay_transactions_2026-09.csv,67,599,0,1
ebay:24-91259-41510:sale,ebay,ebay,sale,2026-09-03,24-91259-41510,goldenfinds46,buyer,2199,401,ebay_transactions_2026-09.csv,68,599,0,1
ebay:20-97003-48544:sale,ebay,ebay,sale,2026-09-03,20-97003-48544,bluebear400,buyer,2399,348,ebay_transactions_2026-09.csv,69,0,0,1
ebay:10-49581-22705:sale,ebay,ebay,sale,2026-09-03,10-49581-22705,luckyowl179,buyer,2399,427,ebay_transactions_2026-09.csv,70,599,0,1
ebay:16-42030-99065:sale,ebay,ebay,sale,2026-09-03,16-42030-99065,sunnybear762,buyer,2599,454,ebay_transactions_2026-09.csv,71,599,0,1
ebay:15-82420-49725:sale,ebay,ebay,sale,2026-09-03,15-82420-49725,rustybear808,buyer,1699,334,ebay_transactions_2026-09.csv,72,599,0,1
ebay:17-26310-34298:sale,ebay,ebay,sale,2026-09-03,17-26310-34298,quietpicker46,buyer,1899,282,ebay_transactions_2026-09.csv,73,0,0,1
ebay:10-67960-76008:sale,ebay,ebay,sale,2026-09-04,10-67960-76008,quietpicker958,buyer,3299,467,ebay_transactions_2026-09.csv,74,0,0,1
ebay:17-67409-23804:sale,ebay,ebay,sale,2026-09-04,17-67409-23804,northriver295,buyer,2699,467,ebay_transactions_2026-09.csv,75,599,0,1
ebay:17-28585-55036:sale,ebay,ebay,sale,2026-09-04,17-28585-55036,rustyriver423,buyer,1799,348,ebay_transactions_2026-09.csv,76,599,0,1
ebay:12-70863-52346:sale,ebay,ebay,sale,2026-09-04,12-70863-52346,rustyfox488,buyer,4199,666,ebay_transactions_2026-09.csv,77,599,0,1
ebay:14-69278-69179:sale,ebay,ebay,sale,2026-09-04,14-69278-69179,bluepicker867,buyer,3499,494,ebay_transactions_2026-09.csv,78,0,0,1
ebay:15-66402-39902:sale,ebay,ebay,sale,2026-09-04,15-66402-39902,bluehound13,buyer,3199,533,ebay_transactions_2026-09.csv,79,599,0,1
ebay:22-76543-43320:sale,ebay,ebay,sale,2026-09-04,22-76543-43320,quietfinds881,buyer,2199,401,ebay_transactions_2026-09.csv,80,599,0,1
ebay:16-28549-26342:sale,ebay,ebay,sale,2026-09-04,16-28549-26342,quietriver174,buyer,4199,586,ebay_transactions_2026-09.csv,81,0,0,1
ebay:14-74672-54890:sale,ebay,ebay,sale,2026-09-04,14-74672-54890,sunnybear601,buyer,1799,268,ebay_transactions_2026-09.csv,82,0,0,1
ebay:17-18719-41153:sale,ebay,ebay,sale,2026-09-04,17-18719-41153,retrodeals52,buyer,2899,414,ebay_transactions_2026-09.csv,83,0,0,1
ebay:12-64140-10888:sale,ebay,ebay,sale,2026-09-04,12-64140-10888,northmaple815,buyer,5999,825,ebay_transactions_2026-09.csv,84,0,0,1
ebay:13-85771-90539:sale,ebay,ebay,sale,2026-09-04,13-85771-90539,luckyfox35,buyer,1199,189,ebay_transactions_2026-09.csv,85,0,0,1
ebay:21-65025-62455:sale,ebay,ebay,sale,2026-09-04,21-65025-62455,bluepicker400,buyer,1799,268,ebay_transactions_2026-09.csv,86,0,0,1
ebay:24-46547-78012:sale,ebay,ebay,sale,2026-09-04,24-46547-78012,goldenowl522,buyer,399,83,ebay_transactions_2026-09.csv,87,0,0,1
ebay:14-71879-58736:sale,ebay,ebay,sale,2026-09-04,14-71879-58736,northdeals123,buyer,2799,401,ebay_transactions_2026-09.csv,88,0,0,1
ebay:18-24545-95911:sale,ebay,ebay,sale,2026-09-04,18-24545-95911,bluebear400,buyer,15999,2150,ebay_transactions_2026-09.csv,89,0,0,1
ebay:14-50445-79346:sale,ebay,ebay,sale,2026-09-04,14-50445-79346,luckyfinds318,buyer,999,162,ebay_transactions_2026-09.csv,90,0,0,1
ebay:12-87347-37673:sale,ebay,ebay,sale,2026-09-04,12-87347-37673,swiftfox986,buyer,3499,573,ebay_transactions_2026-09.csv,91,599,0,1
ebay:25-44019-68863:sale,ebay,ebay,sale,2026-09-04,25-44019-68863,happypicker56,buyer,2299,335,ebay_transactions_2026-09.csv,92,0,0,1
ebay:22-75024-38374:sale,ebay,ebay,sale,2026-09-04,22-75024-38374,northfox550,buyer,699,123,ebay_transactions_2026-09.csv,93,0,0,1
ebay:15-40690-65088:sale,ebay,ebay,sale,2026-09-04,15-40690-65088,retrothrift166,buyer,2499,361,ebay_transactions_2026-09.csv,94,0,0,1
ebay:16-57329-69404:sale,ebay,ebay,sale,2026-09-04,16-57329-69404,luckyfinds977,buyer,2199,401,ebay_transactions_2026-09.csv,95,599,0,1
ebay:20-64846-47930:sale,ebay,ebay,sale,2026-09-04,20-64846-47930,sunnypicker681,buyer,4999,692,ebay_transactions_2026-09.csv,96,0,0,1
ebay:10-63928-23347:sale,ebay,ebay,sale,2026-09-04,10-63928-23347,swiftdeals251,buyer,2999,427,ebay_transactions_2026-09.csv,97,0,0,1
ebay:26-45206-60836:sale,ebay,ebay,sale,2026-09-04,26-45206-60836,bluepicker867,buyer,2999,507,ebay_transactions_2026-09.csv,98,599,0,1
ebay:25-65830-60706:sale,ebay,ebay,sale,2026-09-04,25-65830-60706,northmaple936,buyer,3499,494,ebay_transactions_2026-09.csv,99,0,0,1
ebay:26-14745-61370:sale,ebay,ebay,sale,2026-09-05,26-14745-61370,happyfox138,buyer,2399,348,ebay_transactions_2026-09.csv,100,0,0,1
ebay:20-34478-52627:sale,ebay,ebay,sale,2026-09-05,20-34478-52627,sunnyfox291,buyer,4499,705,ebay_transactions_2026-09.csv,101,599,0,1
ebay:24-37057-92674:sale,ebay,ebay,sale,2026-09-05,24-37057-92674,bluefinds716,buyer,1599,242,ebay_transactions_2026-09.csv,102,0,0,1
ebay:19-13387-95926:sale,ebay,ebay,sale,2026-09-05,19-13387-95926,goldenfox50,buyer,799,136,ebay_transactions_2026-09.csv,103,0,0,1
ebay:22-77900-59015:sale,ebay,ebay,sale,2026-09-05,22-77900-59015,northowl527,buyer,5699,864,ebay_transactions_2026-09.csv,104,599,0,1
ebay:18-30491-70073:sale,ebay,ebay,sale,2026-09-05,18-30491-70073,goldenriver97,buyer,2399,348,ebay_transactions_2026-09.csv,105,0,0,1
ebay:24-20412-26832:sale,ebay,ebay,sale,2026-09-05,24-20412-26832,quietmaple973,buyer,1299,202,ebay_transactions_2026-09.csv,106,0,0,1
ebay:24-91404-98583:sale,ebay,ebay,sale,2026-09-05,24-91404-98583,bluedeals377,buyer,4399,613,ebay_transactions_2026-09.csv,107,0,0,1
ebay:13-76267-30337:sale,ebay,ebay,sale,2026-09-05,13-76267-30337,goldenpicker897,buyer,1999,295,ebay_transactions_2026-09.csv,108,0,0,1
ebay:26-39202-18278:sale,ebay,ebay,sale,2026-09-05,26-39202-18278,swiftfox721,buyer,1999,295,ebay_transactions_2026-09.csv,109,0,0,1
ebay:26-79857-94223:sale,ebay,ebay,sale,2026-09-05,26-79857-94223,rustybear217,buyer,1999,374,ebay_transactions_2026-09.csv,110,599,0,1
ebay:16-58830-97571:sale,ebay,ebay,sale,2026-09-05,16-58830-97571,quietmaple451,buyer,999,242,ebay_transactions_2026-09.csv,111,599,0,1
ebay:15-40994-13589:sale,ebay,ebay,sale,2026-09-05,15-40994-13589,northmaple936,buyer,2599,374,ebay_transactions_2026-09.csv,112,0,0,1
ebay:10-60741-61774:sale,ebay,ebay,sale,2026-09-05,10-60741-61774,goldenpicker402,buyer,4299,600,ebay_transactions_2026-09.csv,113,0,0,1
ebay:11-59875-95732:sale,ebay,ebay,sale,2026-09-05,11-59875-95732,northmaple595,buyer,799,136,ebay_transactions_2026-09.csv,114,0,0,1
ebay:17-72449-28312:sale,ebay,ebay,sale,2026-09-06,17-72449-28312,quietowl810,buyer,5899,812,ebay_transactions_2026-09.csv,115,0,0,1
ebay:24-28800-12428:sale,ebay,ebay,sale,2026-09-06,24-28800-12428,sunnypicker543,buyer,1999,295,ebay_transactions_2026-09.csv,116,0,0,1
ebay:21-46746-18541:sale,ebay,ebay,sale,2026-09-06,21-46746-18541,quietthrift735,buyer,2199,401,ebay_transactions_2026-09.csv,117,599,0,1
ebay:10-56203-35099:sale,ebay,ebay,sale,2026-09-06,10-56203-35099,goldenriver305,buyer,2099,308,ebay_transactions_2026-09.csv,118,0,0,1
ebay:27-61028-61332:sale,ebay,ebay,sale,2026-09-06,27-61028-61332,quietmaple875,buyer,1399,215,ebay_transactions_2026-09.csv,119,0,0,1
ebay:25-87073-19676:sale,ebay,ebay,sale,2026-09-06,25-87073-19676,sunnyhound955,buyer,6399,878,ebay_transactions_2026-09.csv,120,0,0,1
ebay:13-99552-80293:sale,ebay,ebay,sale,2026-09-06,13-99552-80293,retropicker8,buyer,1099,176,ebay_transactions_2026-09.csv,121,0,0,1
ebay:20-31090-25424:sale,ebay,ebay,sale,2026-09-06,20-31090-25424,northbear846,buyer,1399,295,ebay_transactions_2026-09.csv,122,599,0,1
ebay:20-74708-96005:sale,ebay,ebay,sale,2026-09-06,20-74708-96005,bluemaple387,buyer,1799,348,ebay_transactions_2026-09.csv,123,599,0,1
ebay:24-34002-18353:sale,ebay,ebay,sale,2026-09-06,24-34002-18353,quietmaple209,buyer,799,136,ebay_transactions_2026-09.csv,124,0,0,1
ebay:26-95414-80412:sale,ebay,ebay,sale,2026-09-06,26-95414-80412,northhound571,buyer,1299,202,ebay_transactions_2026-09.csv,125,0,0,1
ebay:15-87690-64847:sale,ebay,ebay,sale,2026-09-06,15-87690-64847,goldenbear847,buyer,1999,374,ebay_transactions_2026-09.csv,126,599,0,1
ebay:15-53193-63009:sale,ebay,ebay,sale,2026-09-06,15-53193-63009,sunnypicker418,buyer,2399,348,ebay_transactions_2026-09.csv,127,0,0,1
ebay:12-70120-97913:sale,ebay,ebay,sale,2026-09-06,12-70120-97913,rustydeals573,buyer,1599,321,ebay_transactions_2026-09.csv,128,599,0,1
ebay:13-58336-20320:sale,ebay,ebay,sale,2026-09-06,13-58336-20320,retrohound280,buyer,1099,176,ebay_transactions_2026-09.csv,129,0,0,1
ebay:24-95285-70592:sale,ebay,ebay,sale,2026-09-06,24-95285-70592,retroowl39,buyer,2599,454,ebay_transactions_2026-09.csv,130,599,0,1
ebay:15-48467-68836:sale,ebay,ebay,sale,2026-09-06,15-48467-68836,swiftfox199,buyer,4299,600,ebay_transactions_2026-09.csv,131,0,0,1
ebay:10-50489-19027:sale,ebay,ebay,sale,2026-09-06,10-50489-19027,quietdeals431,buyer,2299,335,ebay_transactions_2026-09.csv,132,0,0,1
ebay:23-48144-84267:sale,ebay,ebay,sale,2026-09-06,23-48144-84267,happybear920,buyer,2499,361,ebay_transactions_2026-09.csv,133,0,0,1
ebay:14-77015-40594:sale,ebay,ebay,sale,2026-09-06,14-77015-40594,bluemaple134,buyer,5499,759,ebay_transactions_2026-09.csv,134,0,0,1
ebay:14-59696-22688:sale,ebay,ebay,sale,2026-09-06,14-59696-22688,sunnyhound472,buyer,799,136,ebay_transactions_2026-09.csv,135,0,0,1
ebay:24-63234-27008:sale,ebay,ebay,sale,2026-09-06,24-63234-27008,swiftbear800,buyer,999,162,ebay_transactions_2026-09.csv,136,0,0,1
ebay:26-58867-95574:sale,ebay,ebay,sale,2026-09-06,26-58867-95574,rustyhound760,buyer,2699,388,ebay_transactions_2026-09.csv,137,0,0,1
ebay:13-26274-57434:sale,ebay,ebay,sale,2026-09-06,13-26274-57434,luckyowl923,buyer,899,149,ebay_transactions_2026-09.csv,138,0,0,1
ebay:11-38008-23309:sale,ebay,ebay,sale,2026-09-06,11-38008-23309,rustyfox126,buyer,1399,295,ebay_transactions_2026-09.csv,139,599,0,1
ebay:21-82691-14689:sale,ebay,ebay,sale,2026-09-06,21-82691-14689,bluehound13,buyer,1799,348,ebay_transactions_2026-09.csv,140,599,0,1
ebay:13-28054-42050:sale,ebay,ebay,sale,2026-09-06,13-28054-42050,bluemaple785,buyer,1599,242,ebay_transactions_2026-09.csv,141,0,0,1
ebay:14-64818-37828:sale,ebay,ebay,sale,2026-09-06,14-64818-37828,swiftfox562,buyer,4599,639,ebay_transactions_2026-09.csv,142,0,0,1
ebay:19-45170-21088:sale,ebay,ebay,sale,2026-09-06,19-45170-21088,bluedeals487,buyer,2499,361,ebay_transactions_2026-09.csv,143,0,0,1
ebay:13-87542-28400:sale,ebay,ebay,sale,2026-09-06,13-87542-28400,retrodeals722,buyer,599,109,ebay_transactions_2026-09.csv,144,0,0,1
ebay:18-25396-60677:sale,ebay,ebay,sale,2026-09-06,18-25396-60677,sunnypicker546,buyer,1899,282,ebay_transactions_2026-09.csv,145,0,0,1
ebay:25-96210-64800:sale,ebay,ebay,sale,2026-09-06,25-96210-64800,sunnyowl502,buyer,3099,441,ebay_transactions_2026-09.csv,146,0,0,1
ebay:21-25222-37143:sale,ebay,ebay,sale,2026-09-06,21-25222-37143,quietmaple92,buyer,1199,268,ebay_transactions_2026-09.csv,147,599,0,1
ebay:26-12062-97832:sale,ebay,ebay,sale,2026-09-06,26-12062-97832,sunnybear783,buyer,1799,268,ebay_transactions_2026-09.csv,148,0,0,1
ebay:22-18570-55176:sale,ebay,ebay,sale,2026-09-06,22-18570-55176,happyfinds526,buyer,4099,573,ebay_transactions_2026-09.csv,149,0,0,1
ebay:26-41584-53382:sale,ebay,ebay,sale,2026-09-06,26-41584-53382,sunnythrift593,buyer,2699,467,ebay_transactions_2026-09.csv,150,599,0,1
ebay:26-93109-81103:sale,ebay,ebay,sale,2026-09-06,26-93109-81103,northfox907,buyer,1099,176,ebay_transactions_2026-09.csv,151,0,0,1
ebay:14-68103-73244:sale,ebay,ebay,sale,2026-09-06,14-68103-73244,retrohound429,buyer,2499,361,ebay_transactions_2026-09.csv,152,0,0,1
ebay:21-86033-93453:sale,ebay,ebay,sale,2026-09-06,21-86033-93453,norththrift536,buyer,899,149,ebay_transactions_2026-09.csv,153,0,0,1
ebay:21-46240-90872:sale,ebay,ebay,sale,2026-09-07,21-46240-90872,rustyfox126,buyer,3999,560,ebay_transactions_2026-09.csv,154,0,0,1
ebay:22-25318-76962:sale,ebay,ebay,sale,2026-09-07,22-25318-76962,sunnymaple375,buyer,3799,533,ebay_transactions_2026-09.csv,155,0,0,1
ebay:16-62487-16517:sale,ebay,ebay,sale,2026-09-07,16-62487-16517,rustyowl679,buyer,1799,268,ebay_transactions_2026-09.csv,156,0,0,1
ebay:10-55129-78562:sale,ebay,ebay,sale,2026-09-07,10-55129-78562,luckyowl756,buyer,1399,215,ebay_transactions_2026-09.csv,157,0,0,1
ebay:11-80007-83901:sale,ebay,ebay,sale,2026-09-07,11-80007-83901,bluefox219,buyer,3399,480,ebay_transactions_2026-09.csv,158,0,0,1
ebay:25-21715-65857:sale,ebay,ebay,sale,2026-09-07,25-21715-65857,retrodeals233,buyer,4999,692,ebay_transactions_2026-09.csv,159,0,0,1
ebay:10-27155-20409:sale,ebay,ebay,sale,2026-09-07,10-27155-20409,rustymaple162,buyer,1299,202,ebay_transactions_2026-09.csv,160,0,0,1
ebay:24-85375-71916:sale,ebay,ebay,sale,2026-09-07,24-85375-71916,swiftthrift196,buyer,2099,387,ebay_transactions_2026-09.csv,161,599,0,1
ebay:24-87392-36322:sale,ebay,ebay,sale,2026-09-07,24-87392-36322,quietbear210,buyer,899,149,ebay_transactions_2026-09.csv,162,0,0,1
ebay:25-89199-76830:sale,ebay,ebay,sale,2026-09-07,25-89199-76830,luckythrift578,buyer,999,162,ebay_transactions_2026-09.csv,163,0,0,1
ebay:11-92174-29598:sale,ebay,ebay,sale,2026-09-07,11-92174-29598,quietpicker253,buyer,1699,334,ebay_transactions_2026-09.csv,164,599,0,1
ebay:20-13062-30137:sale,ebay,ebay,sale,2026-09-07,20-13062-30137,happybear64,buyer,4399,692,ebay_transactions_2026-09.csv,165,599,0,1
ebay:17-65218-48664:sale,ebay,ebay,sale,2026-09-07,17-65218-48664,happymaple328,buyer,1299,281,ebay_transactions_2026-09.csv,166,599,0,1
ebay:12-58510-59313:sale,ebay,ebay,sale,2026-09-07,12-58510-59313,sunnyfinds345,buyer,5199,719,ebay_transactions_2026-09.csv,167,0,0,1
ebay:16-79590-32691:sale,ebay,ebay,sale,2026-09-07,16-79590-32691,bluemaple183,buyer,5199,719,ebay_transactions_2026-09.csv,168,0,0,1
ebay:19-61759-48608:sale,ebay,ebay,sale,2026-09-07,19-61759-48608,swiftbear477,buyer,3499,573,ebay_transactions_2026-09.csv,169,599,0,1
ebay:13-69254-67047:sale,ebay,ebay,sale,2026-09-07,13-69254-67047,retrodeals304,buyer,4499,705,ebay_transactions_2026-09.csv,170,599,0,1
ebay:12-74738-55904:sale,ebay,ebay,sale,2026-09-07,12-74738-55904,retrodeals880,buyer,1699,334,ebay_transactions_2026-09.csv,171,599,0,1
ebay:21-66226-83673:sale,ebay,ebay,sale,2026-09-07,21-66226-83673,goldenriver635,buyer,3399,480,ebay_transactions_2026-09.csv,172,0,0,1
ebay:21-48420-52104:sale,ebay,ebay,sale,2026-09-07,21-48420-52104,goldenfox814,buyer,699,123,ebay_transactions_2026-09.csv,173,0,0,1
ebay:24-47382-44787:sale,ebay,ebay,sale,2026-09-07,24-47382-44787,goldenpicker950,buyer,1899,361,ebay_transactions_2026-09.csv,174,599,0,1
ebay:15-23607-98877:sale,ebay,ebay,sale,2026-09-07,15-23607-98877,luckyowl47,buyer,1699,255,ebay_transactions_2026-09.csv,175,0,0,1
ebay:20-23853-95579:sale,ebay,ebay,sale,2026-09-07,20-23853-95579,bluedeals432,buyer,5299,732,ebay_transactions_2026-09.csv,176,0,0,1
ebay:26-71677-83412:sale,ebay,ebay,sale,2026-09-08,26-71677-83412,swiftowl570,buyer,1499,229,ebay_transactions_2026-09.csv,177,0,0,1
ebay:12-30450-39104:sale,ebay,ebay,sale,2026-09-08,12-30450-39104,swiftbear800,buyer,3299,467,ebay_transactions_2026-09.csv,178,0,0,1
ebay:21-14650-57490:sale,ebay,ebay,sale,2026-09-08,21-14650-57490,retroowl240,buyer,7899,1156,ebay_transactions_2026-09.csv,179,599,0,1
ebay:21-90597-86371:sale,ebay,ebay,sale,2026-09-08,21-90597-86371,bluehound415,buyer,2399,427,ebay_transactions_2026-09.csv,180,599,0,1
ebay:10-81413-17655:sale,ebay,ebay,sale,2026-09-08,10-81413-17655,sunnyfox908,buyer,2199,401,ebay_transactions_2026-09.csv,181,599,0,1
ebay:11-13239-12997:sale,ebay,ebay,sale,2026-09-08,11-13239-12997,swiftthrift182,buyer,899,149,ebay_transactions_2026-09.csv,182,0,0,1
ebay:22-22957-93485:sale,ebay,ebay,sale,2026-09-08,22-22957-93485,rustymaple436,buyer,4199,586,ebay_transactions_2026-09.csv,183,0,0,1
ebay:15-87871-88150:sale,ebay,ebay,sale,2026-09-08,15-87871-88150,northmaple225,buyer,3599,507,ebay_transactions_2026-09.csv,184,0,0,1
ebay:23-39706-14119:sale,ebay,ebay,sale,2026-09-08,23-39706-14119,bluefox137,buyer,1699,334,ebay_transactions_2026-09.csv,185,599,0,1
ebay:21-72172-89457:sale,ebay,ebay,sale,2026-09-08,21-72172-89457,swiftthrift955,buyer,699,202,ebay_transactions_2026-09.csv,186,599,0,1
ebay:20-96823-81838:sale,ebay,ebay,sale,2026-09-08,20-96823-81838,goldenthrift427,buyer,1999,374,ebay_transactions_2026-09.csv,187,599,0,1
ebay:23-98847-12739:sale,ebay,ebay,sale,2026-09-08,23-98847-12739,bluedeals52,buyer,2299,414,ebay_transactions_2026-09.csv,188,599,0,1
ebay:22-40800-32454:sale,ebay,ebay,sale,2026-09-08,22-40800-32454,luckythrift578,buyer,3899,626,ebay_transactions_2026-09.csv,189,599,0,1
ebay:24-96945-42427:sale,ebay,ebay,sale,2026-09-08,24-96945-42427,rustyowl889,buyer,799,136,ebay_transactions_2026-09.csv,190,0,0,1
ebay:15-95535-39891:sale,ebay,ebay,sale,2026-09-08,15-95535-39891,retrohound379,buyer,1799,268,ebay_transactions_2026-09.csv,191,0,0,1
ebay:24-46417-98560:sale,ebay,ebay,sale,2026-09-08,24-46417-98560,northbear490,buyer,6199,851,ebay_transactions_2026-09.csv,192,0,0,1
ebay:23-80185-74946:sale,ebay,ebay,sale,2026-09-08,23-80185-74946,quietowl465,buyer,799,215,ebay_transactions_2026-09.csv,193,599,0,1
ebay:14-96453-83976:sale,ebay,ebay,sale,2026-09-08,14-96453-83976,swiftthrift955,buyer,1299,281,ebay_transactions_2026-09.csv,194,599,0,1
ebay:23-32844-69189:sale,ebay,ebay,sale,2026-09-08,23-32844-69189,rustyriver102,buyer,3099,441,ebay_transactions_2026-09.csv,195,0,0,1
ebay:14-57524-72978:sale,ebay,ebay,sale,2026-09-08,14-57524-72978,goldenmaple639,buyer,1499,229,ebay_transactions_2026-09.csv,196,0,0,1
ebay:24-88584-74804:sale,ebay,ebay,sale,2026-09-08,24-88584-74804,goldenfinds413,buyer,2299,414,ebay_transactions_2026-09.csv,197,599,0,1
ebay:11-68704-28796:sale,ebay,ebay,sale,2026-09-08,11-68704-28796,luckypicker734,buyer,2799,401,ebay_transactions_2026-09.csv,198,0,0,1
ebay:20-29231-11862:sale,ebay,ebay,sale,2026-09-08,20-29231-11862,quietfinds712,buyer,1699,255,ebay_transactions_2026-09.csv,199,0,0,1
ebay:19-76487-10227:sale,ebay,ebay,sale,2026-09-09,19-76487-10227,luckydeals10,buyer,3399,480,ebay_transactions_2026-09.csv,200,0,0,1
ebay:23-35032-58100:sale,ebay,ebay,sale,2026-09-09,23-35032-58100,swiftfox664,buyer,1799,348,ebay_transactions_2026-09.csv,201,599,0,1
ebay:15-27825-47762:sale,ebay,ebay,sale,2026-09-09,15-27825-47762,retromaple213,buyer,1699,334,ebay_transactions_2026-09.csv,202,599,0,1
ebay:27-38400-17119:sale,ebay,ebay,sale,2026-09-09,27-38400-17119,sunnyowl652,buyer,1599,242,ebay_transactions_2026-09.csv,203,0,0,1
ebay:15-72063-99013:sale,ebay,ebay,sale,2026-09-09,15-72063-99013,retrodeals591,buyer,1799,268,ebay_transactions_2026-09.csv,204,0,0,1
ebay:10-11702-25835:sale,ebay,ebay,sale,2026-09-09,10-11702-25835,bluedeals442,buyer,1499,229,ebay_transactions_2026-09.csv,205,0,0,1
ebay:14-72075-17663:sale,ebay,ebay,sale,2026-09-09,14-72075-17663,sunnyfinds21,buyer,1899,361,ebay_transactions_2026-09.csv,206,599,0,1
ebay:16-15763-87765:sale,ebay,ebay,sale,2026-09-09,16-15763-87765,sunnydeals403,buyer,2799,401,ebay_transactions_2026-09.csv,207,0,0,1
ebay:19-78803-49364:sale,ebay,ebay,sale,2026-09-09,19-78803-49364,northfinds707,buyer,1599,242,ebay_transactions_2026-09.csv,208,0,0,1
ebay:12-57669-27822:sale,ebay,ebay,sale,2026-09-09,12-57669-27822,swiftthrift22,buyer,1699,255,ebay_transactions_2026-09.csv,209,0,0,1
ebay:13-55818-18051:sale,ebay,ebay,sale,2026-09-09,13-55818-18051,sunnydeals258,buyer,2499,440,ebay_transactions_2026-09.csv,210,599,0,1
ebay:13-21216-72041:sale,ebay,ebay,sale,2026-09-09,13-21216-72041,quietmaple594,buyer,1099,255,ebay_transactions_2026-09.csv,211,599,0,1
ebay:25-42703-88516:sale,ebay,ebay,sale,2026-09-09,25-42703-88516,blueowl214,buyer,2399,348,ebay_transactions_2026-09.csv,212,0,0,1
ebay:21-21435-20535:sale,ebay,ebay,sale,2026-09-09,21-21435-20535,northmaple815,buyer,2799,401,ebay_transactions_2026-09.csv,213,0,0,1
ebay:15-69626-20090:sale,ebay,ebay,sale,2026-09-09,15-69626-20090,luckymaple302,buyer,1999,295,ebay_transactions_2026-09.csv,214,0,0,1
ebay:24-20677-32212:sale,ebay,ebay,sale,2026-09-09,24-20677-32212,northfox431,buyer,3299,467,ebay_transactions_2026-09.csv,215,0,0,1
ebay:22-25500-14203:sale,ebay,ebay,sale,2026-09-09,22-25500-14203,bluebear983,buyer,699,202,ebay_transactions_2026-09.csv,216,599,0,1
ebay:25-32575-27684:sale,ebay,ebay,sale,2026-09-09,25-32575-27684,sunnydeals258,buyer,3999,560,ebay_transactions_2026-09.csv,217,0,0,1
ebay:16-15895-42018:sale,ebay,ebay,sale,2026-09-09,16-15895-42018,bluefox954,buyer,3899,626,ebay_transactions_2026-09.csv,218,599,0,1
ebay:22-81340-98020:sale,ebay,ebay,sale,2026-09-09,22-81340-98020,happymaple871,buyer,1899,282,ebay_transactions_2026-09.csv,219,0,0,1
ebay:25-11004-35179:sale,ebay,ebay,sale,2026-09-09,25-11004-35179,blueowl214,buyer,899,149,ebay_transactions_2026-09.csv,220,0,0,1
ebay:12-15598-23421:sale,ebay,ebay,sale,2026-09-09,12-15598-23421,retromaple901,buyer,4299,600,ebay_transactions_2026-09.csv,221,0,0,1
ebay:27-60628-73414:sale,ebay,ebay,sale,2026-09-09,27-60628-73414,rustyowl889,buyer,2799,401,ebay_transactions_2026-09.csv,222,0,0,1
ebay:21-60764-90766:sale,ebay,ebay,sale,2026-09-09,21-60764-90766,retrohound800,buyer,699,202,ebay_transactions_2026-09.csv,223,599,0,1
ebay:26-59688-78017:sale,ebay,ebay,sale,2026-09-09,26-59688-78017,luckyhound134,buyer,2699,388,ebay_transactions_2026-09.csv,224,0,0,1
ebay:10-98836-25463:sale,ebay,ebay,sale,2026-09-10,10-98836-25463,rustyowl679,buyer,2099,308,ebay_transactions_2026-09.csv,225,0,0,1
ebay:13-30901-46975:sale,ebay,ebay,sale,2026-09-10,13-30901-46975,northfox550,buyer,6699,918,ebay_transactions_2026-09.csv,226,0,0,1
ebay:26-63748-77112:sale,ebay,ebay,sale,2026-09-10,26-63748-77112,rustyfinds102,buyer,799,136,ebay_transactions_2026-09.csv,227,0,0,1
ebay:25-75791-68977:sale,ebay,ebay,sale,2026-09-10,25-75791-68977,bluethrift5,buyer,1899,282,ebay_transactions_2026-09.csv,228,0,0,1
ebay:15-87698-32768:sale,ebay,ebay,sale,2026-09-10,15-87698-32768,rustyfox218,buyer,4599,639,ebay_transactions_2026-09.csv,229,0,0,1
ebay:14-51799-22188:sale,ebay,ebay,sale,2026-09-10,14-51799-22188,blueriver134,buyer,1399,215,ebay_transactions_2026-09.csv,230,0,0,1
ebay:14-10372-33261:sale,ebay,ebay,sale,2026-09-10,14-10372-33261,rustypicker977,buyer,2699,388,ebay_transactions_2026-09.csv,231,0,0,1
ebay:22-21231-71121:sale,ebay,ebay,sale,2026-09-10,22-21231-71121,goldenpicker194,buyer,2199,401,ebay_transactions_2026-09.csv,232,599,0,1
ebay:12-71939-63608:sale,ebay,ebay,sale,2026-09-10,12-71939-63608,luckymaple841,buyer,2799,480,ebay_transactions_2026-09.csv,233,599,0,1
ebay:14-31658-55790:sale,ebay,ebay,sale,2026-09-10,14-31658-55790,retrothrift244,buyer,1899,282,ebay_transactions_2026-09.csv,234,0,0,1
ebay:17-42225-43517:sale,ebay,ebay,sale,2026-09-10,17-42225-43517,goldenthrift581,buyer,6899,944,ebay_transactions_2026-09.csv,235,0,0,1
ebay:17-11490-79210:sale,ebay,ebay,sale,2026-09-10,17-11490-79210,retrofox559,buyer,1199,189,ebay_transactions_2026-09.csv,236,0,0,1
ebay:24-31669-18556:sale,ebay,ebay,sale,2026-09-10,24-31669-18556,quietowl465,buyer,1699,334,ebay_transactions_2026-09.csv,237,599,0,1
ebay:25-68836-48815:sale,ebay,ebay,sale,2026-09-10,25-68836-48815,bluemaple387,buyer,2299,414,ebay_transactions_2026-09.csv,238,599,0,1
ebay:26-19932-51461:sale,ebay,ebay,sale,2026-09-10,26-19932-51461,sunnypicker833,buyer,3299,467,ebay_transactions_2026-09.csv,239,0,0,1
ebay:19-52676-94618:sale,ebay,ebay,sale,2026-09-10,19-52676-94618,bluefox137,buyer,1699,255,ebay_transactions_2026-09.csv,240,0,0,1
ebay:27-33370-60691:sale,ebay,ebay,sale,2026-09-10,27-33370-60691,goldenthrift897,buyer,1599,242,ebay_transactions_2026-09.csv,241,0,0,1
ebay:11-66469-62627:sale,ebay,ebay,sale,2026-09-10,11-66469-62627,bluedeals192,buyer,2399,427,ebay_transactions_2026-09.csv,242,599,0,1
ebay:18-23273-69441:sale,ebay,ebay,sale,2026-09-10,18-23273-69441,rustydeals31,buyer,1699,255,ebay_transactions_2026-09.csv,243,0,0,1
ebay:19-99586-43480:sale,ebay,ebay,sale,2026-09-10,19-99586-43480,rustybear921,buyer,5499,759,ebay_transactions_2026-09.csv,244,0,0,1
ebay:24-42790-55585:sale,ebay,ebay,sale,2026-09-10,24-42790-55585,rustyowl910,buyer,999,162,ebay_transactions_2026-09.csv,245,0,0,1
ebay:16-38744-36557:sale,ebay,ebay,sale,2026-09-10,16-38744-36557,happydeals495,buyer,1299,281,ebay_transactions_2026-09.csv,246,599,0,1
ebay:23-73056-20692:sale,ebay,ebay,sale,2026-09-10,23-73056-20692,rustyriver369,buyer,5399,745,ebay_transactions_2026-09.csv,247,0,0,1
ebay:16-86888-29379:sale,ebay,ebay,sale,2026-09-10,16-86888-29379,swiftriver58,buyer,1599,242,ebay_transactions_2026-09.csv,248,0,0,1
ebay:10-28140-96952:sale,ebay,ebay,sale,2026-09-10,10-28140-96952,sunnyfox623,buyer,799,215,ebay_transactions_2026-09.csv,249,599,0,1
ebay:23-85395-51636:sale,ebay,ebay,sale,2026-09-11,23-85395-51636,luckydeals490,buyer,1599,242,ebay_transactions_2026-09.csv,250,0,0,1
ebay:20-43081-71012:sale,ebay,ebay,sale,2026-09-11,20-43081-71012,sunnybear33,buyer,1999,374,ebay_transactions_2026-09.csv,251,599,0,1
ebay:14-32808-91420:sale,ebay,ebay,sale,2026-09-11,14-32808-91420,retromaple720,buyer,2699,467,ebay_transactions_2026-09.csv,252,599,0,1
ebay:16-57842-98290:sale,ebay,ebay,sale,2026-09-11,16-57842-98290,northmaple815,buyer,1999,295,ebay_transactions_2026-09.csv,253,0,0,1
ebay:24-48386-13580:sale,ebay,ebay,sale,2026-09-11,24-48386-13580,rustyfinds835,buyer,1899,282,ebay_transactions_2026-09.csv,254,0,0,1
ebay:11-85226-22290:sale,ebay,ebay,sale,2026-09-11,11-85226-22290,northhound5,buyer,1099,176,ebay_transactions_2026-09.csv,255,0,0,1
ebay:23-53158-12949:sale,ebay,ebay,sale,2026-09-11,23-53158-12949,sunnymaple396,buyer,2499,440,ebay_transactions_2026-09.csv,256,599,0,1
ebay:26-54247-20917:sale,ebay,ebay,sale,2026-09-11,26-54247-20917,retromaple213,buyer,899,228,ebay_transactions_2026-09.csv,257,599,0,1
ebay:18-86719-14187:sale,ebay,ebay,sale,2026-09-11,18-86719-14187,goldenowl179,buyer,1399,215,ebay_transactions_2026-09.csv,258,0,0,1
ebay:11-16271-18168:sale,ebay,ebay,sale,2026-09-11,11-16271-18168,retrofox529,buyer,1399,215,ebay_transactions_2026-09.csv,259,0,0,1
ebay:24-86607-10293:sale,ebay,ebay,sale,2026-09-11,24-86607-10293,goldenthrift429,buyer,2299,335,ebay_transactions_2026-09.csv,260,0,0,1
ebay:20-11374-35865:sale,ebay,ebay,sale,2026-09-11,20-11374-35865,bluebear113,buyer,4499,626,ebay_transactions_2026-09.csv,261,0,0,1
ebay:27-85051-99892:sale,ebay,ebay,sale,2026-09-11,27-85051-99892,northfinds911,buyer,2199,401,ebay_transactions_2026-09.csv,262,599,0,1
ebay:17-55836-28602:sale,ebay,ebay,sale,2026-09-11,17-55836-28602,bluedeals442,buyer,3299,467,ebay_transactions_2026-09.csv,263,0,0,1
ebay:23-63929-51938:sale,ebay,ebay,sale,2026-09-11,23-63929-51938,northbear504,buyer,6799,931,ebay_transactions_2026-09.csv,264,0,0,1
ebay:15-18797-70652:sale,ebay,ebay,sale,2026-09-11,15-18797-70652,luckyriver730,buyer,1099,255,ebay_transactions_2026-09.csv,265,599,0,1
ebay:10-92654-83129:sale,ebay,ebay,sale,2026-09-11,10-92654-83129,sunnydeals403,buyer,5499,759,ebay_transactions_2026-09.csv,266,0,0,1
ebay:13-98507-36348:sale,ebay,ebay,sale,2026-09-11,13-98507-36348,northdeals692,buyer,1299,202,ebay_transactions_2026-09.csv,267,0,0,1
ebay:23-80706-54703:sale,ebay,ebay,sale,2026-09-11,23-80706-54703,northfinds707,buyer,899,149,ebay_transactions_2026-09.csv,268,0,0,1
ebay:10-34178-39587:sale,ebay,ebay,sale,2026-09-11,10-34178-39587,sunnymaple396,buyer,1699,255,ebay_transactions_2026-09.csv,269,0,0,1
ebay:22-52385-37842:sale,ebay,ebay,sale,2026-09-11,22-52385-37842,quietowl829,buyer,5299,732,ebay_transactions_2026-09.csv,270,0,0,1
ebay:13-26574-26231:sale,ebay,ebay,sale,2026-09-11,13-26574-26231,luckymaple575,buyer,1799,268,ebay_transactions_2026-09.csv,271,0,0,1
ebay:25-88579-63162:sale,ebay,ebay,sale,2026-09-11,25-88579-63162,swiftowl566,buyer,4199,666,ebay_transactions_2026-09.csv,272,599,0,1
ebay:25-47162-65837:sale,ebay,ebay,sale,2026-09-12,25-47162-65837,happydeals410,buyer,1499,308,ebay_transactions_2026-09.csv,273,599,0,1
ebay:25-43266-91653:sale,ebay,ebay,sale,2026-09-12,25-43266-91653,rustyriver369,buyer,5299,811,ebay_transactions_2026-09.csv,274,599,0,1
ebay:23-92732-59687:sale,ebay,ebay,sale,2026-09-12,23-92732-59687,bluemaple134,buyer,2099,308,ebay_transactions_2026-09.csv,275,0,0,1
ebay:16-95406-51593:sale,ebay,ebay,sale,2026-09-12,16-95406-51593,retrodeals304,buyer,2099,387,ebay_transactions_2026-09.csv,276,599,0,1
ebay:17-21852-47047:sale,ebay,ebay,sale,2026-09-12,17-21852-47047,bluefox486,buyer,1199,189,ebay_transactions_2026-09.csv,277,0,0,1
ebay:11-90288-77352:sale,ebay,ebay,sale,2026-09-12,11-90288-77352,rustyhound790,buyer,1499,229,ebay_transactions_2026-09.csv,278,0,0,1
ebay:19-63579-84738:sale,ebay,ebay,sale,2026-09-12,19-63579-84738,happyfox281,buyer,999,162,ebay_transactions_2026-09.csv,279,0,0,1
ebay:11-64973-81585:sale,ebay,ebay,sale,2026-09-12,11-64973-81585,swiftfox562,buyer,3399,560,ebay_transactions_2026-09.csv,280,599,0,1
ebay:21-11778-27967:sale,ebay,ebay,sale,2026-09-12,21-11778-27967,goldenriver635,buyer,2599,454,ebay_transactions_2026-09.csv,281,599,0,1
ebay:23-73056-20692:refund,ebay,ebay,refund,2026-09-12,23-73056-20692,rustyriver369,buyer,-5399,0,ebay_transactions_2026-09.csv,282,0,0,0
ebay:14-65024-91283:sale,ebay,ebay,sale,2026-09-12,14-65024-91283,sunnythrift481,buyer,3799,533,ebay_transactions_2026-09.csv,283,0,0,1
ebay:17-12219-68000:sale,ebay,ebay,sale,2026-09-12,17-12219-68000,goldenpicker388,buyer,1299,202,ebay_transactions_2026-09.csv,284,0,0,1
ebay:15-67588-95506:sale,ebay,ebay,sale,2026-09-12,15-67588-95506,goldenhound575,buyer,899,149,ebay_transactions_2026-09.csv,285,0,0,1
ebay:19-54324-41535:sale,ebay,ebay,sale,2026-09-12,19-54324-41535,goldenriver635,buyer,5099,706,ebay_transactions_2026-09.csv,286,0,0,1
ebay:21-75450-71152:sale,ebay,ebay,sale,2026-09-12,21-75450-71152,happydeals987,buyer,4999,772,ebay_transactions_2026-09.csv,287,599,0,1
ebay:22-52769-89787:sale,ebay,ebay,sale,2026-09-12,22-52769-89787,luckypicker617,buyer,5199,719,ebay_transactions_2026-09.csv,288,0,0,1
ebay:19-42570-60585:sale,ebay,ebay,sale,2026-09-12,19-42570-60585,happymaple679,buyer,7099,971,ebay_transactions_2026-09.csv,289,0,0,1
ebay:10-37028-34376:sale,ebay,ebay,sale,2026-09-12,10-37028-34376,goldenmaple943,buyer,1699,255,ebay_transactions_2026-09.csv,290,0,0,1
ebay:19-31233-91996:sale,ebay,ebay,sale,2026-09-12,19-31233-91996,luckypicker594,buyer,1599,242,ebay_transactions_2026-09.csv,291,0,0,1
ebay:15-17717-88074:sale,ebay,ebay,sale,2026-09-12,15-17717-88074,happyfox572,buyer,7099,971,ebay_transactions_2026-09.csv,292,0,0,1
ebay:13-36175-49734:sale,ebay,ebay,sale,2026-09-12,13-36175-49734,sunnyfox908,buyer,999,162,ebay_transactions_2026-09.csv,293,0,0,1
ebay:10-86095-49224:sale,ebay,ebay,sale,2026-09-13,10-86095-49224,swiftpicker537,buyer,2899,414,ebay_transactions_2026-09.csv,294,0,0,1
ebay:18-75212-83132:sale,ebay,ebay,sale,2026-09-13,18-75212-83132,northmaple851,buyer,4299,600,ebay_transactions_2026-09.csv,295,0,0,1
ebay:10-91703-18552:sale,ebay,ebay,sale,2026-09-13,10-91703-18552,goldenowl962,buyer,4599,719,ebay_transactions_2026-09.csv,296,599,0,1
ebay:27-11315-62754:sale,ebay,ebay,sale,2026-09-13,27-11315-62754,swiftfinds15,buyer,1099,255,ebay_transactions_2026-09.csv,297,599,0,1
ebay:18-34591-45746:sale,ebay,ebay,sale,2026-09-13,18-34591-45746,sunnybear601,buyer,2599,374,ebay_transactions_2026-09.csv,298,0,0,1
ebay:18-35404-16675:sale,ebay,ebay,sale,2026-09-13,18-35404-16675,bluedeals655,buyer,1599,242,ebay_transactions_2026-09.csv,299,0,0,1
ebay:22-11872-20652:sale,ebay,ebay,sale,2026-09-13,22-11872-20652,sunnydeals184,buyer,1299,202,ebay_transactions_2026-09.csv,300,0,0,1
ebay:14-29605-38007:sale,ebay,ebay,sale,2026-09-13,14-29605-38007,retrodeals808,buyer,1499,229,ebay_transactions_2026-09.csv,301,0,0,1
ebay:18-55881-45814:sale,ebay,ebay,sale,2026-09-13,18-55881-45814,goldenfox913,buyer,2499,361,ebay_transactions_2026-09.csv,302,0,0,1
ebay:27-26496-95852:sale,ebay,ebay,sale,2026-09-13,27-26496-95852,rustyriver62,buyer,2599,374,ebay_transactions_2026-09.csv,303,0,0,1
ebay:13-37169-33007:sale,ebay,ebay,sale,2026-09-13,13-37169-33007,quietowl901,buyer,2399,348,ebay_transactions_2026-09.csv,304,0,0,1
ebay:11-34607-79828:sale,ebay,ebay,sale,2026-09-13,11-34607-79828,swiftowl566,buyer,2899,414,ebay_transactions_2026-09.csv,305,0,0,1
ebay:21-84932-26428:sale,ebay,ebay,sale,2026-09-13,21-84932-26428,swifthound56,buyer,7399,1010,ebay_transactions_2026-09.csv,306,0,0,1
ebay:19-72112-59579:sale,ebay,ebay,sale,2026-09-13,19-72112-59579,bluethrift535,buyer,999,162,ebay_transactions_2026-09.csv,307,0,0,1
ebay:11-65720-59817:sale,ebay,ebay,sale,2026-09-13,11-65720-59817,swiftfox778,buyer,1699,334,ebay_transactions_2026-09.csv,308,599,0,1
ebay:25-38394-32061:sale,ebay,ebay,sale,2026-09-13,25-38394-32061,northriver670,buyer,2699,388,ebay_transactions_2026-09.csv,309,0,0,1
ebay:13-36358-72829:sale,ebay,ebay,sale,2026-09-13,13-36358-72829,luckymaple168,buyer,1599,321,ebay_transactions_2026-09.csv,310,599,0,1
ebay:14-54256-98713:sale,ebay,ebay,sale,2026-09-13,14-54256-98713,northriver353,buyer,1299,202,ebay_transactions_2026-09.csv,311,0,0,1
ebay:15-86841-74014:sale,ebay,ebay,sale,2026-09-13,15-86841-74014,quietthrift237,buyer,2899,414,ebay_transactions_2026-09.csv,312,0,0,1
ebay:20-52438-63678:sale,ebay,ebay,sale,2026-09-13,20-52438-63678,bluefinds764,buyer,1099,255,ebay_transactions_2026-09.csv,313,599,0,1
ebay:19-47581-99016:sale,ebay,ebay,sale,2026-09-13,19-47581-99016,bluepicker661,buyer,2199,401,ebay_transactions_2026-09.csv,314,599,0,1
ebay:12-88168-42319:sale,ebay,ebay,sale,2026-09-13,12-88168-42319,goldenriver602,buyer,3299,467,ebay_transactions_2026-09.csv,315,0,0,1
ebay:13-18372-80404:sale,ebay,ebay,sale,2026-09-13,13-18372-80404,goldenmaple638,buyer,2499,361,ebay_transactions_2026-09.csv,316,0,0,1
ebay:20-33658-36188:sale,ebay,ebay,sale,2026-09-13,20-33658-36188,happymaple190,buyer,2999,427,ebay_transactions_2026-09.csv,317,0,0,1
ebay:27-91842-61977:sale,ebay,ebay,sale,2026-09-13,27-91842-61977,luckyfinds229,buyer,7299,997,ebay_transactions_2026-09.csv,318,0,0,1
ebay:23-12599-45214:sale,ebay,ebay,sale,2026-09-13,23-12599-45214,sunnymaple873,buyer,1799,268,ebay_transactions_2026-09.csv,319,0,0,1
ebay:21-54730-20060:sale,ebay,ebay,sale,2026-09-13,21-54730-20060,sunnypicker681,buyer,1799,348,ebay_transactions_2026-09.csv,320,599,0,1
ebay:17-44329-12491:sale,ebay,ebay,sale,2026-09-13,17-44329-12491,happybear762,buyer,1199,189,ebay_transactions_2026-09.csv,321,0,0,1
ebay:10-56082-73304:sale,ebay,ebay,sale,2026-09-13,10-56082-73304,retrofox559,buyer,2299,414,ebay_transactions_2026-09.csv,322,599,0,1
ebay:13-45302-84730:sale,ebay,ebay,sale,2026-09-13,13-45302-84730,quietbear877,buyer,2899,414,ebay_transactions_2026-09.csv,323,0,0,1
ebay:16-70336-21873:sale,ebay,ebay,sale,2026-09-13,16-70336-21873,sunnymaple375,buyer,2799,480,ebay_transactions_2026-09.csv,324,599,0,1
ebay:20-68792-37530:sale,ebay,ebay,sale,2026-09-13,20-68792-37530,sunnyfox954,buyer,1199,268,ebay_transactions_2026-09.csv,325,599,0,1
ebay:11-14399-23565:sale,ebay,ebay,sale,2026-09-13,11-14399-23565,bluefox827,buyer,2499,440,ebay_transactions_2026-09.csv,326,599,0,1
ebay:25-98738-20055:sale,ebay,ebay,sale,2026-09-14,25-98738-20055,northhound997,buyer,799,136,ebay_transactions_2026-09.csv,327,0,0,1
ebay:19-67044-39866:sale,ebay,ebay,sale,2026-09-14,19-67044-39866,retrothrift166,buyer,7299,997,ebay_transactions_2026-09.csv,328,0,0,1
ebay:13-72190-86225:sale,ebay,ebay,sale,2026-09-14,13-72190-86225,bluebear111,buyer,1799,268,ebay_transactions_2026-09.csv,329,0,0,1
ebay:14-25313-31638:sale,ebay,ebay,sale,2026-09-14,14-25313-31638,swiftowl8,buyer,4099,652,ebay_transactions_2026-09.csv,330,599,0,1
ebay:19-69927-70878:sale,ebay,ebay,sale,2026-09-14,19-69927-70878,rustydeals167,buyer,999,242,ebay_transactions_2026-09.csv,331,599,0,1
ebay:12-26414-84548:sale,ebay,ebay,sale,2026-09-14,12-26414-84548,quietfinds712,buyer,1699,334,ebay_transactions_2026-09.csv,332,599,0,1
ebay:17-24177-39666:sale,ebay,ebay,sale,2026-09-14,17-24177-39666,sunnymaple628,buyer,1499,308,ebay_transactions_2026-09.csv,333,599,0,1
ebay:14-61551-99341:sale,ebay,ebay,sale,2026-09-14,14-61551-99341,quietthrift665,buyer,2999,507,ebay_transactions_2026-09.csv,334,599,0,1
ebay:19-93294-54171:sale,ebay,ebay,sale,2026-09-14,19-93294-54171,bluebear113,buyer,1899,282,ebay_transactions_2026-09.csv,335,0,0,1
ebay:13-41716-63484:sale,ebay,ebay,sale,2026-09-14,13-41716-63484,bluethrift5,buyer,3299,546,ebay_transactions_2026-09.csv,336,599,0,1
ebay:25-31091-59218:sale,ebay,ebay,sale,2026-09-14,25-31091-59218,norththrift944,buyer,4499,626,ebay_transactions_2026-09.csv,337,0,0,1
ebay:25-41090-93656:sale,ebay,ebay,sale,2026-09-14,25-41090-93656,sunnythrift798,buyer,1299,281,ebay_transactions_2026-09.csv,338,599,0,1
ebay:26-57774-52476:sale,ebay,ebay,sale,2026-09-14,26-57774-52476,happymaple678,buyer,1099,176,ebay_transactions_2026-09.csv,339,0,0,1
ebay:27-46502-82380:sale,ebay,ebay,sale,2026-09-14,27-46502-82380,goldenowl179,buyer,1099,176,ebay_transactions_2026-09.csv,340,0,0,1
ebay:10-17736-35056:sale,ebay,ebay,sale,2026-09-14,10-17736-35056,goldenbear507,buyer,2199,321,ebay_transactions_2026-09.csv,341,0,0,1
ebay:27-91386-57880:sale,ebay,ebay,sale,2026-09-14,27-91386-57880,sunnyhound355,buyer,2199,321,ebay_transactions_2026-09.csv,342,0,0,1
ebay:15-12435-77078:sale,ebay,ebay,sale,2026-09-14,15-12435-77078,luckymaple841,buyer,1399,295,ebay_transactions_2026-09.csv,343,599,0,1
ebay:19-15405-55123:sale,ebay,ebay,sale,2026-09-14,19-15405-55123,northdeals414,buyer,1799,348,ebay_transactions_2026-09.csv,344,599,0,1
ebay:23-15751-99205:sale,ebay,ebay,sale,2026-09-14,23-15751-99205,swiftdeals521,buyer,4099,652,ebay_transactions_2026-09.csv,345,599,0,1
ebay:14-12872-68995:sale,ebay,ebay,sale,2026-09-14,14-12872-68995,retroowl849,buyer,1999,374,ebay_transactions_2026-09.csv,346,599,0,1
ebay:19-83819-99302:sale,ebay,ebay,sale,2026-09-14,19-83819-99302,bluepicker960,buyer,1899,282,ebay_transactions_2026-09.csv,347,0,0,1
ebay:25-77202-19891:sale,ebay,ebay,sale,2026-09-14,25-77202-19891,northowl344,buyer,1899,282,ebay_transactions_2026-09.csv,348,0,0,1
ebay:13-80944-86061:sale,ebay,ebay,sale,2026-09-14,13-80944-86061,quietthrift983,buyer,3899,626,ebay_transactions_2026-09.csv,349,599,0,1
ebay:17-62153-25583:sale,ebay,ebay,sale,2026-09-14,17-62153-25583,northriver239,buyer,1899,361,ebay_transactions_2026-09.csv,350,599,0,1
ebay:25-15090-33528:sale,ebay,ebay,sale,2026-09-15,25-15090-33528,quietriver717,buyer,1999,295,ebay_transactions_2026-09.csv,351,0,0,1
ebay:21-66083-44630:sale,ebay,ebay,sale,2026-09-15,21-66083-44630,retrothrift753,buyer,1599,242,ebay_transactions_2026-09.csv,352,0,0,1
ebay:20-40699-65006:sale,ebay,ebay,sale,2026-09-15,20-40699-65006,happyhound827,buyer,2399,348,ebay_transactions_2026-09.csv,353,0,0,1
ebay:12-11600-28395:sale,ebay,ebay,sale,2026-09-15,12-11600-28395,happydeals987,buyer,899,228,ebay_transactions_2026-09.csv,354,599,0,1
ebay:24-82291-28386:sale,ebay,ebay,sale,2026-09-15,24-82291-28386,rustyriver102,buyer,2199,321,ebay_transactions_2026-09.csv,355,0,0,1
ebay:16-71779-81878:sale,ebay,ebay,sale,2026-09-15,16-71779-81878,northbear831,buyer,3199,454,ebay_transactions_2026-09.csv,356,0,0,1
ebay:10-65883-44996:sale,ebay,ebay,sale,2026-09-15,10-65883-44996,sunnyowl944,buyer,1299,202,ebay_transactions_2026-09.csv,357,0,0,1
ebay:23-32436-68174:sale,ebay,ebay,sale,2026-09-15,23-32436-68174,retromaple625,buyer,7999,1090,ebay_transactions_2026-09.csv,358,0,0,1
ebay:20-95799-62660:sale,ebay,ebay,sale,2026-09-15,20-95799-62660,happyfox312,buyer,4599,639,ebay_transactions_2026-09.csv,359,0,0,1
ebay:25-20934-78930:sale,ebay,ebay,sale,2026-09-15,25-20934-78930,quietfinds674,buyer,1499,229,ebay_transactions_2026-09.csv,360,0,0,1
ebay:24-39656-21210:sale,ebay,ebay,sale,2026-09-15,24-39656-21210,happydeals345,buyer,1799,348,ebay_transactions_2026-09.csv,361,599,0,1
ebay:14-32496-30955:sale,ebay,ebay,sale,2026-09-15,14-32496-30955,luckydeals490,buyer,5199,798,ebay_transactions_2026-09.csv,362,599,0,1
ebay:18-56016-84506:sale,ebay,ebay,sale,2026-09-15,18-56016-84506,luckyfox559,buyer,1799,348,ebay_transactions_2026-09.csv,363,599,0,1
ebay:18-38349-90259:sale,ebay,ebay,sale,2026-09-15,18-38349-90259,retrodeals304,buyer,3699,520,ebay_transactions_2026-09.csv,364,0,0,1
ebay:19-68577-69048:sale,ebay,ebay,sale,2026-09-15,19-68577-69048,swiftmaple127,buyer,699,123,ebay_transactions_2026-09.csv,365,0,0,1
ebay:27-62796-37986:sale,ebay,ebay,sale,2026-09-15,27-62796-37986,norththrift944,buyer,2899,414,ebay_transactions_2026-09.csv,366,0,0,1
ebay:21-22379-53882:sale,ebay,ebay,sale,2026-09-15,21-22379-53882,bluemaple686,buyer,1699,255,ebay_transactions_2026-09.csv,367,0,0,1
ebay:18-51654-54258:sale,ebay,ebay,sale,2026-09-15,18-51654-54258,swiftdeals752,buyer,1399,215,ebay_transactions_2026-09.csv,368,0,0,1
ebay:13-13516-19463:sale,ebay,ebay,sale,2026-09-15,13-13516-19463,swiftfox199,buyer,799,215,ebay_transactions_2026-09.csv,369,599,0,1
ebay:17-31716-44552:sale,ebay,ebay,sale,2026-09-15,17-31716-44552,retrodeals600,buyer,2199,321,ebay_transactions_2026-09.csv,370,0,0,1
ebay:26-68779-81630:sale,ebay,ebay,sale,2026-09-15,26-68779-81630,luckyowl660,buyer,899,149,ebay_transactions_2026-09.csv,371,0,0,1
ebay:23-17415-32963:sale,ebay,ebay,sale,2026-09-15,23-17415-32963,retrohound429,buyer,499,175,ebay_transactions_2026-09.csv,372,599,0,1
ebay:11-78248-95118:sale,ebay,ebay,sale,2026-09-15,11-78248-95118,sunnypicker241,buyer,4299,679,ebay_transactions_2026-09.csv,373,599,0,1
ebay:24-94155-24686:sale,ebay,ebay,sale,2026-09-15,24-94155-24686,northriver670,buyer,1899,361,ebay_transactions_2026-09.csv,374,599,0,1
ebay:17-73763-59161:sale,ebay,ebay,sale,2026-09-15,17-73763-59161,quietriver717,buyer,2499,361,ebay_transactions_2026-09.csv,375,0,0,1
ebay:12-27135-57108:sale,ebay,ebay,sale,2026-09-15,12-27135-57108,luckybear772,buyer,3499,494,ebay_transactions_2026-09.csv,376,0,0,1
ebay:14-30191-98861:sale,ebay,ebay,sale,2026-09-15,14-30191-98861,quiethound678,buyer,2299,335,ebay_transactions_2026-09.csv,377,0,0,1
ebay:12-33991-48196:sale,ebay,ebay,sale,2026-09-15,12-33991-48196,sunnyfox16,buyer,3599,507,ebay_transactions_2026-09.csv,378,0,0,1
ebay:18-13688-35068:sale,ebay,ebay,sale,2026-09-15,18-13688-35068,quietfinds678,buyer,1899,282,ebay_transactions_2026-09.csv,379,0,0,1
ebay:14-97452-35285:sale,ebay,ebay,sale,2026-09-15,14-97452-35285,goldenhound575,buyer,4199,666,ebay_transactions_2026-09.csv,380,599,0,1
ebay:15-44376-68554:sale,ebay,ebay,sale,2026-09-16,15-44376-68554,rustydeals421,buyer,2699,388,ebay_transactions_2026-09.csv,381,0,0,1
ebay:25-80468-77878:sale,ebay,ebay,sale,2026-09-16,25-80468-77878,quietowl208,buyer,3199,533,ebay_transactions_2026-09.csv,382,599,0,1
ebay:27-10745-68688:sale,ebay,ebay,sale,2026-09-16,27-10745-68688,goldenowl522,buyer,1099,176,ebay_transactions_2026-09.csv,383,0,0,1
ebay:17-40579-53918:sale,ebay,ebay,sale,2026-09-16,17-40579-53918,goldenbear507,buyer,2399,348,ebay_transactions_2026-09.csv,384,0,0,1
ebay:17-85848-53238:sale,ebay,ebay,sale,2026-09-16,17-85848-53238,bluefinds716,buyer,599,109,ebay_transactions_2026-09.csv,385,0,0,1
ebay:20-95509-25127:sale,ebay,ebay,sale,2026-09-16,20-95509-25127,quietdeals890,buyer,599,109,ebay_transactions_2026-09.csv,386,0,0,1
ebay:23-20375-88991:sale,ebay,ebay,sale,2026-09-16,23-20375-88991,retrothrift443,buyer,2499,361,ebay_transactions_2026-09.csv,387,0,0,1
ebay:13-23565-61795:sale,ebay,ebay,sale,2026-09-16,13-23565-61795,sunnypicker241,buyer,3599,507,ebay_transactions_2026-09.csv,388,0,0,1
ebay:12-65257-42955:sale,ebay,ebay,sale,2026-09-16,12-65257-42955,retromaple539,buyer,1799,268,ebay_transactions_2026-09.csv,389,0,0,1
ebay:25-84537-42665:sale,ebay,ebay,sale,2026-09-16,25-84537-42665,sunnyfinds345,buyer,2899,493,ebay_transactions_2026-09.csv,390,599,0,1
ebay:23-85293-61471:sale,ebay,ebay,sale,2026-09-16,23-85293-61471,happyhound827,buyer,5999,825,ebay_transactions_2026-09.csv,391,0,0,1
ebay:20-56770-50164:sale,ebay,ebay,sale,2026-09-16,20-56770-50164,swiftowl566,buyer,2299,335,ebay_transactions_2026-09.csv,392,0,0,1
ebay:17-45871-65113:sale,ebay,ebay,sale,2026-09-16,17-45871-65113,happyowl624,buyer,4899,758,ebay_transactions_2026-09.csv,393,599,0,1
ebay:16-37970-11990:sale,ebay,ebay,sale,2026-09-16,16-37970-11990,bluethrift5,buyer,2799,401,ebay_transactions_2026-09.csv,394,0,0,1
ebay:23-78152-45445:sale,ebay,ebay,sale,2026-09-16,23-78152-45445,norththrift536,buyer,1599,242,ebay_transactions_2026-09.csv,395,0,0,1
ebay:21-76619-28834:sale,ebay,ebay,sale,2026-09-16,21-76619-28834,goldenhound593,buyer,1099,255,ebay_transactions_2026-09.csv,396,599,0,1
ebay:27-34906-63270:sale,ebay,ebay,sale,2026-09-16,27-34906-63270,rustydeals378,buyer,2999,507,ebay_transactions_2026-09.csv,397,599,0,1
ebay:27-24021-91394:sale,ebay,ebay,sale,2026-09-16,27-24021-91394,goldenhound296,buyer,2599,454,ebay_transactions_2026-09.csv,398,599,0,1
ebay:17-38051-56151:sale,ebay,ebay,sale,2026-09-16,17-38051-56151,happyriver945,buyer,7299,1076,ebay_transactions_2026-09.csv,399,599,0,1
ebay:19-83355-37898:sale,ebay,ebay,sale,2026-09-16,19-83355-37898,quietfinds257,buyer,1499,229,ebay_transactions_2026-09.csv,400,0,0,1
ebay:20-83841-71917:sale,ebay,ebay,sale,2026-09-16,20-83841-71917,sunnyowl647,buyer,5299,811,ebay_transactions_2026-09.csv,401,599,0,1
ebay:21-34608-96335:sale,ebay,ebay,sale,2026-09-16,21-34608-96335,swifthound892,buyer,2199,401,ebay_transactions_2026-09.csv,402,599,0,1
ebay:13-41998-29040:sale,ebay,ebay,sale,2026-09-16,13-41998-29040,retrofinds401,buyer,4799,745,ebay_transactions_2026-09.csv,403,599,0,1
ebay:18-58738-30912:sale,ebay,ebay,sale,2026-09-16,18-58738-30912,northmaple936,buyer,3299,467,ebay_transactions_2026-09.csv,404,0,0,1
ebay:17-78243-40805:sale,ebay,ebay,sale,2026-09-16,17-78243-40805,northdeals771,buyer,1299,281,ebay_transactions_2026-09.csv,405,599,0,1
ebay:10-25653-89924:sale,ebay,ebay,sale,2026-09-16,10-25653-89924,northfinds810,buyer,1099,176,ebay_transactions_2026-09.csv,406,0,0,1
ebay:24-12977-20479:sale,ebay,ebay,sale,2026-09-16,24-12977-20479,goldendeals273,buyer,3199,533,ebay_transactions_2026-09.csv,407,599,0,1
ebay:27-56501-67859:sale,ebay,ebay,sale,2026-09-17,27-56501-67859,swiftfox929,buyer,1499,229,ebay_transactions_2026-09.csv,408,0,0,1
ebay:19-31183-93785:sale,ebay,ebay,sale,2026-09-17,19-31183-93785,happymaple989,buyer,3899,547,ebay_transactions_2026-09.csv,409,0,0,1
ebay:14-66412-15761:sale,ebay,ebay,sale,2026-09-17,14-66412-15761,bluemaple771,buyer,1499,308,ebay_transactions_2026-09.csv,410,599,0,1
ebay:10-79897-47573:sale,ebay,ebay,sale,2026-09-17,10-79897-47573,luckybear488,buyer,1099,176,ebay_transactions_2026-09.csv,411,0,0,1
ebay:15-26692-88187:sale,ebay,ebay,sale,2026-09-17,15-26692-88187,goldenhound107,buyer,2699,388,ebay_transactions_2026-09.csv,412,0,0,1
ebay:13-26881-75410:sale,ebay,ebay,sale,2026-09-17,13-26881-75410,quietmaple131,buyer,1699,255,ebay_transactions_2026-09.csv,413,0,0,1
ebay:15-35117-49493:sale,ebay,ebay,sale,2026-09-17,15-35117-49493,swiftfox199,buyer,899,149,ebay_transactions_2026-09.csv,414,0,0,1
ebay:25-85549-22779:sale,ebay,ebay,sale,2026-09-17,25-85549-22779,goldenpicker388,buyer,3699,520,ebay_transactions_2026-09.csv,415,0,0,1
ebay:27-28329-56265:sale,ebay,ebay,sale,2026-09-17,27-28329-56265,blueriver348,buyer,2799,401,ebay_transactions_2026-09.csv,416,0,0,1
ebay:12-11208-72305:sale,ebay,ebay,sale,2026-09-17,12-11208-72305,sunnythrift778,buyer,5699,785,ebay_transactions_2026-09.csv,417,0,0,1
ebay:26-88881-49376:sale,ebay,ebay,sale,2026-09-17,26-88881-49376,sunnybear797,buyer,5799,798,ebay_transactions_2026-09.csv,418,0,0,1
ebay:26-37383-30748:sale,ebay,ebay,sale,2026-09-17,26-37383-30748,happyriver945,buyer,899,149,ebay_transactions_2026-09.csv,419,0,0,1
ebay:24-26543-71657:sale,ebay,ebay,sale,2026-09-17,24-26543-71657,rustymaple162,buyer,3699,599,ebay_transactions_2026-09.csv,420,599,0,1
ebay:21-61036-47096:sale,ebay,ebay,sale,2026-09-17,21-61036-47096,luckydeals593,buyer,7299,997,ebay_transactions_2026-09.csv,421,0,0,1
ebay:12-42119-87912:sale,ebay,ebay,sale,2026-09-17,12-42119-87912,sunnybear33,buyer,1099,176,ebay_transactions_2026-09.csv,422,0,0,1
ebay:23-97801-63656:sale,ebay,ebay,sale,2026-09-17,23-97801-63656,northhound571,buyer,5999,904,ebay_transactions_2026-09.csv,423,599,0,1
ebay:23-97829-43585:sale,ebay,ebay,sale,2026-09-17,23-97829-43585,quietpicker798,buyer,799,215,ebay_transactions_2026-09.csv,424,599,0,1
ebay:12-70188-44923:sale,ebay,ebay,sale,2026-09-17,12-70188-44923,blueriver134,buyer,1699,255,ebay_transactions_2026-09.csv,425,0,0,1
ebay:26-79458-12548:sale,ebay,ebay,sale,2026-09-17,26-79458-12548,happymaple678,buyer,1699,255,ebay_transactions_2026-09.csv,426,0,0,1
ebay:25-76795-50416:sale,ebay,ebay,sale,2026-09-17,25-76795-50416,bluefox165,buyer,5099,706,ebay_transactions_2026-09.csv,427,0,0,1
ebay:25-62341-34620:sale,ebay,ebay,sale,2026-09-17,25-62341-34620,happymaple683,buyer,2199,401,ebay_transactions_2026-09.csv,428,599,0,1
ebay:23-98148-17304:sale,ebay,ebay,sale,2026-09-17,23-98148-17304,retrohound729,buyer,799,215,ebay_transactions_2026-09.csv,429,599,0,1
ebay:12-31708-19846:sale,ebay,ebay,sale,2026-09-17,12-31708-19846,quietriver386,buyer,4299,600,ebay_transactions_2026-09.csv,430,0,0,1
ebay:22-12108-98260:sale,ebay,ebay,sale,2026-09-17,22-12108-98260,happydeals495,buyer,3499,573,ebay_transactions_2026-09.csv,431,599,0,1
ebay:12-65708-82042:sale,ebay,ebay,sale,2026-09-17,12-65708-82042,retrofinds401,buyer,1099,176,ebay_transactions_2026-09.csv,432,0,0,1
ebay:24-57738-82285:sale,ebay,ebay,sale,2026-09-17,24-57738-82285,retropicker690,buyer,2099,387,ebay_transactions_2026-09.csv,433,599,0,1
ebay:14-78237-16884:sale,ebay,ebay,sale,2026-09-17,14-78237-16884,swiftowl651,buyer,2699,467,ebay_transactions_2026-09.csv,434,599,0,1
ebay:25-80009-62572:sale,ebay,ebay,sale,2026-09-17,25-80009-62572,northdeals414,buyer,1799,268,ebay_transactions_2026-09.csv,435,0,0,1
ebay:15-88900-50246:sale,ebay,ebay,sale,2026-09-17,15-88900-50246,retrodeals233,buyer,1099,255,ebay_transactions_2026-09.csv,436,599,0,1
ebay:27-11565-66768:sale,ebay,ebay,sale,2026-09-17,27-11565-66768,retrohound271,buyer,899,228,ebay_transactions_2026-09.csv,437,599,0,1
ebay:15-63877-24026:sale,ebay,ebay,sale,2026-09-17,15-63877-24026,luckyfinds449,buyer,1699,255,ebay_transactions_2026-09.csv,438,0,0,1
ebay:26-21939-43195:sale,ebay,ebay,sale,2026-09-17,26-21939-43195,swiftpicker201,buyer,5099,706,ebay_transactions_2026-09.csv,439,0,0,1
ebay:15-61673-63680:sale,ebay,ebay,sale,2026-09-17,15-61673-63680,sunnythrift593,buyer,1799,348,ebay_transactions_2026-09.csv,440,599,0,1
ebay:15-68158-12246:sale,ebay,ebay,sale,2026-09-17,15-68158-12246,swiftfox645,buyer,3799,613,ebay_transactions_2026-09.csv,441,599,0,1
ebay:26-95413-10122:sale,ebay,ebay,sale,2026-09-17,26-95413-10122,quietthrift758,buyer,2399,348,ebay_transactions_2026-09.csv,442,0,0,1
ebay:22-68190-90536:sale,ebay,ebay,sale,2026-09-17,22-68190-90536,happyfox756,buyer,5599,772,ebay_transactions_2026-09.csv,443,0,0,1
ebay:15-62897-14155:sale,ebay,ebay,sale,2026-09-17,15-62897-14155,goldenmaple603,buyer,3499,494,ebay_transactions_2026-09.csv,444,0,0,1
ebay:19-65568-24105:sale,ebay,ebay,sale,2026-09-17,19-65568-24105,swiftowl926,buyer,3899,547,ebay_transactions_2026-09.csv,445,0,0,1
ebay:19-75812-49494:sale,ebay,ebay,sale,2026-09-17,19-75812-49494,happyhound739,buyer,1499,229,ebay_transactions_2026-09.csv,446,0,0,1
ebay:18-19922-44932:sale,ebay,ebay,sale,2026-09-17,18-19922-44932,happyfox312,buyer,1199,268,ebay_transactions_2026-09.csv,447,599,0,1
ebay:19-55252-59868:sale,ebay,ebay,sale,2026-09-17,19-55252-59868,bluethrift5,buyer,2299,414,ebay_transactions_2026-09.csv,448,599,0,1
ebay:26-68541-45362:sale,ebay,ebay,sale,2026-09-18,26-68541-45362,luckythrift552,buyer,3399,560,ebay_transactions_2026-09.csv,449,599,0,1
ebay:11-39157-54297:sale,ebay,ebay,sale,2026-09-18,11-39157-54297,retrothrift443,buyer,1299,281,ebay_transactions_2026-09.csv,450,599,0,1
ebay:19-39189-98473:sale,ebay,ebay,sale,2026-09-18,19-39189-98473,luckydeals199,buyer,899,149,ebay_transactions_2026-09.csv,451,0,0,1
ebay:12-16060-38802:sale,ebay,ebay,sale,2026-09-18,12-16060-38802,retropicker812,buyer,2399,348,ebay_transactions_2026-09.csv,452,0,0,1
ebay:27-97349-89648:sale,ebay,ebay,sale,2026-09-18,27-97349-89648,northfinds810,buyer,2199,321,ebay_transactions_2026-09.csv,453,0,0,1
ebay:21-71704-82918:sale,ebay,ebay,sale,2026-09-18,21-71704-82918,rustyowl263,buyer,1999,374,ebay_transactions_2026-09.csv,454,599,0,1
ebay:14-91620-55028:sale,ebay,ebay,sale,2026-09-18,14-91620-55028,luckyhound667,buyer,3899,626,ebay_transactions_2026-09.csv,455,599,0,1
ebay:24-69931-22652:sale,ebay,ebay,sale,2026-09-18,24-69931-22652,goldenthrift131,buyer,1999,374,ebay_transactions_2026-09.csv,456,599,0,1
ebay:12-68353-65775:sale,ebay,ebay,sale,2026-09-18,12-68353-65775,bluefinds355,buyer,1599,242,ebay_transactions_2026-09.csv,457,0,0,1
ebay:17-73652-88808:sale,ebay,ebay,sale,2026-09-18,17-73652-88808,retrofinds423,buyer,5399,745,ebay_transactions_2026-09.csv,458,0,0,1
ebay:27-89769-74690:sale,ebay,ebay,sale,2026-09-18,27-89769-74690,happythrift154,buyer,2899,414,ebay_transactions_2026-09.csv,459,0,0,1
ebay:25-25247-45284:sale,ebay,ebay,sale,2026-09-18,25-25247-45284,quietfinds20,buyer,2999,427,ebay_transactions_2026-09.csv,460,0,0,1
ebay:19-16721-63127:sale,ebay,ebay,sale,2026-09-18,19-16721-63127,luckybear964,buyer,1299,281,ebay_transactions_2026-09.csv,461,599,0,1
ebay:20-97508-68507:sale,ebay,ebay,sale,2026-09-18,20-97508-68507,quietdeals976,buyer,3699,520,ebay_transactions_2026-09.csv,462,0,0,1
ebay:10-55824-53378:sale,ebay,ebay,sale,2026-09-18,10-55824-53378,quietpicker798,buyer,4099,573,ebay_transactions_2026-09.csv,463,0,0,1
ebay:10-63297-71307:sale,ebay,ebay,sale,2026-09-18,10-63297-71307,luckypicker734,buyer,6999,957,ebay_transactions_2026-09.csv,464,0,0,1
ebay:15-90864-86075:sale,ebay,ebay,sale,2026-09-18,15-90864-86075,swiftthrift196,buyer,2799,480,ebay_transactions_2026-09.csv,465,599,0,1
ebay:26-50643-64191:sale,ebay,ebay,sale,2026-09-18,26-50643-64191,bluehound666,buyer,2499,361,ebay_transactions_2026-09.csv,466,0,0,1
ebay:10-44322-93215:sale,ebay,ebay,sale,2026-09-18,10-44322-93215,swiftmaple261,buyer,2999,427,ebay_transactions_2026-09.csv,467,0,0,1
ebay:26-53359-69130:sale,ebay,ebay,sale,2026-09-18,26-53359-69130,sunnyhound251,buyer,3399,480,ebay_transactions_2026-09.csv,468,0,0,1
ebay:25-41771-39621:sale,ebay,ebay,sale,2026-09-18,25-41771-39621,bluedeals773,buyer,1699,334,ebay_transactions_2026-09.csv,469,599,0,1
ebay:25-27994-45283:sale,ebay,ebay,sale,2026-09-18,25-27994-45283,quietfinds881,buyer,2199,321,ebay_transactions_2026-09.csv,470,0,0,1
ebay:14-76955-23835:sale,ebay,ebay,sale,2026-09-18,14-76955-23835,goldenhound640,buyer,499,175,ebay_transactions_2026-09.csv,471,599,0,1
ebay:21-70319-89112:sale,ebay,ebay,sale,2026-09-18,21-70319-89112,luckyowl738,buyer,799,136,ebay_transactions_2026-09.csv,472,0,0,1
ebay:10-27804-17734:sale,ebay,ebay,sale,2026-09-18,10-27804-17734,retropicker626,buyer,1299,281,ebay_transactions_2026-09.csv,473,599,0,1
ebay:12-69374-33040:sale,ebay,ebay,sale,2026-09-18,12-69374-33040,rustyhound535,buyer,799,136,ebay_transactions_2026-09.csv,474,0,0,1
ebay:27-11744-94338:sale,ebay,ebay,sale,2026-09-18,27-11744-94338,quietowl901,buyer,1499,229,ebay_transactions_2026-09.csv,475,0,0,1
ebay:21-86296-85302:sale,ebay,ebay,sale,2026-09-18,21-86296-85302,swifthound561,buyer,1399,215,ebay_transactions_2026-09.csv,476,0,0,1
ebay:14-24393-46423:sale,ebay,ebay,sale,2026-09-18,14-24393-46423,happymaple502,buyer,2399,427,ebay_transactions_2026-09.csv,477,599,0,1
ebay:14-36761-34272:sale,ebay,ebay,sale,2026-09-18,14-36761-34272,northfox955,buyer,4399,613,ebay_transactions_2026-09.csv,478,0,0,1
ebay:17-20812-55569:sale,ebay,ebay,sale,2026-09-18,17-20812-55569,rustypicker975,buyer,2699,467,ebay_transactions_2026-09.csv,479,599,0,1
ebay:19-58956-16076:sale,ebay,ebay,sale,2026-09-18,19-58956-16076,norththrift536,buyer,1699,255,ebay_transactions_2026-09.csv,480,0,0,1
ebay:18-73789-17929:sale,ebay,ebay,sale,2026-09-19,18-73789-17929,retrothrift443,buyer,999,242,ebay_transactions_2026-09.csv,481,599,0,1
ebay:12-60765-39979:sale,ebay,ebay,sale,2026-09-19,12-60765-39979,swiftpicker529,buyer,1899,282,ebay_transactions_2026-09.csv,482,0,0,1
ebay:26-94180-81601:sale,ebay,ebay,sale,2026-09-19,26-94180-81601,sunnydeals491,buyer,2099,387,ebay_transactions_2026-09.csv,483,599,0,1
ebay:12-64050-33642:sale,ebay,ebay,sale,2026-09-19,12-64050-33642,luckybear128,buyer,6699,918,ebay_transactions_2026-09.csv,484,0,0,1
ebay:13-52005-87594:sale,ebay,ebay,sale,2026-09-19,13-52005-87594,northmaple10,buyer,1899,282,ebay_transactions_2026-09.csv,485,0,0,1
ebay:12-90928-41240:sale,ebay,ebay,sale,2026-09-19,12-90928-41240,happydeals410,buyer,2599,374,ebay_transactions_2026-09.csv,486,0,0,1
ebay:25-19613-40329:sale,ebay,ebay,sale,2026-09-19,25-19613-40329,luckypicker617,buyer,7099,1050,ebay_transactions_2026-09.csv,487,599,0,1
ebay:16-27438-70373:sale,ebay,ebay,sale,2026-09-19,16-27438-70373,bluedeals972,buyer,2599,454,ebay_transactions_2026-09.csv,488,599,0,1
ebay:18-30231-99544:sale,ebay,ebay,sale,2026-09-19,18-30231-99544,quietfinds257,buyer,1299,281,ebay_transactions_2026-09.csv,489,599,0,1
ebay:24-45531-63988:sale,ebay,ebay,sale,2026-09-19,24-45531-63988,sunnymaple585,buyer,1999,374,ebay_transactions_2026-09.csv,490,599,0,1
ebay:17-39630-78364:sale,ebay,ebay,sale,2026-09-19,17-39630-78364,happymaple182,buyer,1899,282,ebay_transactions_2026-09.csv,491,0,0,1
ebay:24-20192-73844:sale,ebay,ebay,sale,2026-09-19,24-20192-73844,goldenfinds462,buyer,3799,533,ebay_transactions_2026-09.csv,492,0,0,1
ebay:26-61542-27178:sale,ebay,ebay,sale,2026-09-19,26-61542-27178,bluehound666,buyer,2499,361,ebay_transactions_2026-09.csv,493,0,0,1
ebay:10-56922-88781:sale,ebay,ebay,sale,2026-09-19,10-56922-88781,sunnyfox464,buyer,3799,533,ebay_transactions_2026-09.csv,494,0,0,1
ebay:12-36036-23784:sale,ebay,ebay,sale,2026-09-19,12-36036-23784,goldenpicker194,buyer,3299,467,ebay_transactions_2026-09.csv,495,0,0,1
ebay:27-70197-61951:sale,ebay,ebay,sale,2026-09-19,27-70197-61951,blueowl914,buyer,3899,626,ebay_transactions_2026-09.csv,496,599,0,1
ebay:27-93008-18335:sale,ebay,ebay,sale,2026-09-19,27-93008-18335,quietowl208,buyer,3399,480,ebay_transactions_2026-09.csv,497,0,0,1
ebay:22-87996-65172:sale,ebay,ebay,sale,2026-09-19,22-87996-65172,swiftpicker529,buyer,5499,759,ebay_transactions_2026-09.csv,498,0,0,1
ebay:27-87371-53119:sale,ebay,ebay,sale,2026-09-19,27-87371-53119,northfox431,buyer,1599,321,ebay_transactions_2026-09.csv,499,599,0,1
ebay:20-12378-16051:sale,ebay,ebay,sale,2026-09-19,20-12378-16051,quietdeals976,buyer,2199,401,ebay_transactions_2026-09.csv,500,599,0,1
ebay:19-43197-19937:sale,ebay,ebay,sale,2026-09-19,19-43197-19937,luckyfox35,buyer,1299,281,ebay_transactions_2026-09.csv,501,599,0,1
ebay:15-20790-75285:sale,ebay,ebay,sale,2026-09-19,15-20790-75285,goldenbear928,buyer,2299,335,ebay_transactions_2026-09.csv,502,0,0,1
ebay:24-18567-29880:sale,ebay,ebay,sale,2026-09-19,24-18567-29880,happyfox756,buyer,1999,295,ebay_transactions_2026-09.csv,503,0,0,1
ebay:15-82380-39517:sale,ebay,ebay,sale,2026-09-19,15-82380-39517,northowl926,buyer,1899,361,ebay_transactions_2026-09.csv,504,599,0,1
ebay:16-21149-18114:sale,ebay,ebay,sale,2026-09-19,16-21149-18114,retroriver181,buyer,1899,361,ebay_transactions_2026-09.csv,505,599,0,1
ebay:21-19262-96982:sale,ebay,ebay,sale,2026-09-19,21-19262-96982,bluehound316,buyer,799,215,ebay_transactions_2026-09.csv,506,599,0,1
ebay:21-25135-11615:sale,ebay,ebay,sale,2026-09-19,21-25135-11615,retrodeals880,buyer,3199,454,ebay_transactions_2026-09.csv,507,0,0,1
ebay:20-22470-11902:sale,ebay,ebay,sale,2026-09-19,20-22470-11902,happydeals495,buyer,499,175,ebay_transactions_2026-09.csv,508,599,0,1
ebay:23-20393-50868:sale,ebay,ebay,sale,2026-09-19,23-20393-50868,swiftbear231,buyer,3199,454,ebay_transactions_2026-09.csv,509,0,0,1
ebay:10-79173-66860:sale,ebay,ebay,sale,2026-09-19,10-79173-66860,northmaple764,buyer,499,96,ebay_transactions_2026-09.csv,510,0,0,1
ebay:26-50871-80073:sale,ebay,ebay,sale,2026-09-19,26-50871-80073,goldenowl362,buyer,1299,202,ebay_transactions_2026-09.csv,511,0,0,1
ebay:10-66653-92324:sale,ebay,ebay,sale,2026-09-19,10-66653-92324,goldenfinds803,buyer,1799,268,ebay_transactions_2026-09.csv,512,0,0,1
ebay:14-97407-91236:sale,ebay,ebay,sale,2026-09-19,14-97407-91236,northmaple897,buyer,4699,732,ebay_transactions_2026-09.csv,513,599,0,1
ebay:11-40868-86087:sale,ebay,ebay,sale,2026-09-19,11-40868-86087,northhound424,buyer,2199,321,ebay_transactions_2026-09.csv,514,0,0,1
ebay:24-43117-23180:sale,ebay,ebay,sale,2026-09-19,24-43117-23180,luckythrift432,buyer,1199,189,ebay_transactions_2026-09.csv,515,0,0,1
ebay:25-67230-35036:sale,ebay,ebay,sale,2026-09-19,25-67230-35036,happypicker82,buyer,999,242,ebay_transactions_2026-09.csv,516,599,0,1
ebay:18-75613-80988:sale,ebay,ebay,sale,2026-09-19,18-75613-80988,bluedeals500,buyer,3699,520,ebay_transactions_2026-09.csv,517,0,0,1
ebay:26-61567-11316:sale,ebay,ebay,sale,2026-09-19,26-61567-11316,sunnyowl647,buyer,5199,719,ebay_transactions_2026-09.csv,518,0,0,1
ebay:15-38451-15999:sale,ebay,ebay,sale,2026-09-20,15-38451-15999,northfinds495,buyer,1399,215,ebay_transactions_2026-09.csv,519,0,0,1
ebay:17-54432-33182:sale,ebay,ebay,sale,2026-09-20,17-54432-33182,sunnyfox887,buyer,1099,176,ebay_transactions_2026-09.csv,520,0,0,1
ebay:22-56890-23373:sale,ebay,ebay,sale,2026-09-20,22-56890-23373,luckybear684,buyer,1699,255,ebay_transactions_2026-09.csv,521,0,0,1
ebay:14-91149-98513:sale,ebay,ebay,sale,2026-09-20,14-91149-98513,quietowl810,buyer,3599,507,ebay_transactions_2026-09.csv,522,0,0,1
ebay:22-64295-65763:sale,ebay,ebay,sale,2026-09-20,22-64295-65763,goldenthrift461,buyer,4199,586,ebay_transactions_2026-09.csv,523,0,0,1
ebay:10-44752-82156:sale,ebay,ebay,sale,2026-09-20,10-44752-82156,happydeals345,buyer,1799,268,ebay_transactions_2026-09.csv,524,0,0,1
ebay:18-54344-60032:sale,ebay,ebay,sale,2026-09-20,18-54344-60032,sunnydeals228,buyer,799,136,ebay_transactions_2026-09.csv,525,0,0,1
ebay:11-52666-94880:sale,ebay,ebay,sale,2026-09-20,11-52666-94880,goldenbear928,buyer,2299,414,ebay_transactions_2026-09.csv,526,599,0,1
ebay:13-95459-67849:sale,ebay,ebay,sale,2026-09-20,13-95459-67849,happydeals987,buyer,899,149,ebay_transactions_2026-09.csv,527,0,0,1
ebay:21-61270-93512:sale,ebay,ebay,sale,2026-09-20,21-61270-93512,retrothrift724,buyer,1599,242,ebay_transactions_2026-09.csv,528,0,0,1
ebay:26-62931-32587:sale,ebay,ebay,sale,2026-09-20,26-62931-32587,norththrift944,buyer,4399,613,ebay_transactions_2026-09.csv,529,0,0,1
ebay:14-68761-99390:sale,ebay,ebay,sale,2026-09-20,14-68761-99390,northowl551,buyer,1299,281,ebay_transactions_2026-09.csv,530,599,0,1
ebay:27-62063-73659:sale,ebay,ebay,sale,2026-09-20,27-62063-73659,norththrift337,buyer,599,189,ebay_transactions_2026-09.csv,531,599,0,1
ebay:23-16200-61432:sale,ebay,ebay,sale,2026-09-20,23-16200-61432,quiethound196,buyer,2299,335,ebay_transactions_2026-09.csv,532,0,0,1
ebay:20-42756-77955:sale,ebay,ebay,sale,2026-09-20,20-42756-77955,northfox15,buyer,4599,639,ebay_transactions_2026-09.csv,533,0,0,1
ebay:12-62650-44776:sale,ebay,ebay,sale,2026-09-20,12-62650-44776,sunnyfox954,buyer,1699,255,ebay_transactions_2026-09.csv,534,0,0,1
ebay:19-71849-25319:sale,ebay,ebay,sale,2026-09-20,19-71849-25319,rustyowl889,buyer,1999,295,ebay_transactions_2026-09.csv,535,0,0,1
ebay:16-34270-12074:sale,ebay,ebay,sale,2026-09-20,16-34270-12074,northhound235,buyer,899,149,ebay_transactions_2026-09.csv,536,0,0,1
ebay:18-74592-74877:sale,ebay,ebay,sale,2026-09-20,18-74592-74877,bluepicker960,buyer,1499,229,ebay_transactions_2026-09.csv,537,0,0,1
ebay:16-57892-63054:sale,ebay,ebay,sale,2026-09-20,16-57892-63054,quietowl482,buyer,1699,334,ebay_transactions_2026-09.csv,538,599,0,1
ebay:23-49871-89579:sale,ebay,ebay,sale,2026-09-20,23-49871-89579,goldenhound296,buyer,1799,268,ebay_transactions_2026-09.csv,539,0,0,1
ebay:23-12293-94843:sale,ebay,ebay,sale,2026-09-20,23-12293-94843,luckyriver729,buyer,2499,361,ebay_transactions_2026-09.csv,540,0,0,1
ebay:27-42582-59034:sale,ebay,ebay,sale,2026-09-20,27-42582-59034,luckybear772,buyer,2599,374,ebay_transactions_2026-09.csv,541,0,0,1
ebay:22-57684-22933:sale,ebay,ebay,sale,2026-09-20,22-57684-22933,rustypicker977,buyer,2299,335,ebay_transactions_2026-09.csv,542,0,0,1
ebay:21-65966-34268:sale,ebay,ebay,sale,2026-09-20,21-65966-34268,sunnybear612,buyer,699,123,ebay_transactions_2026-09.csv,543,0,0,1
ebay:26-82215-71180:sale,ebay,ebay,sale,2026-09-20,26-82215-71180,bluemaple306,buyer,799,136,ebay_transactions_2026-09.csv,544,0,0,1
ebay:25-62593-81345:sale,ebay,ebay,sale,2026-09-20,25-62593-81345,luckyfinds229,buyer,1599,242,ebay_transactions_2026-09.csv,545,0,0,1
ebay:26-26921-13623:sale,ebay,ebay,sale,2026-09-21,26-26921-13623,happyriver37,buyer,2499,361,ebay_transactions_2026-09.csv,546,0,0,1
ebay:13-35539-54864:sale,ebay,ebay,sale,2026-09-21,13-35539-54864,luckyhound830,buyer,1199,189,ebay_transactions_2026-09.csv,547,0,0,1
ebay:15-95904-15551:sale,ebay,ebay,sale,2026-09-21,15-95904-15551,quietfox584,buyer,5699,785,ebay_transactions_2026-09.csv,548,0,0,1
ebay:13-24648-97377:sale,ebay,ebay,sale,2026-09-21,13-24648-97377,luckyfinds772,buyer,799,215,ebay_transactions_2026-09.csv,549,599,0,1
ebay:20-52490-21813:sale,ebay,ebay,sale,2026-09-21,20-52490-21813,quietfinds674,buyer,4299,679,ebay_transactions_2026-09.csv,550,599,0,1
ebay:12-28066-26238:sale,ebay,ebay,sale,2026-09-21,12-28066-26238,rustyfox298,buyer,3099,520,ebay_transactions_2026-09.csv,551,599,0,1
ebay:22-75780-90741:sale,ebay,ebay,sale,2026-09-21,22-75780-90741,bluebear330,buyer,2899,493,ebay_transactions_2026-09.csv,552,599,0,1
ebay:11-96800-40658:sale,ebay,ebay,sale,2026-09-21,11-96800-40658,goldenfinds297,buyer,999,162,ebay_transactions_2026-09.csv,553,0,0,1
ebay:15-96478-11966:sale,ebay,ebay,sale,2026-09-21,15-96478-11966,goldenthrift429,buyer,2599,374,ebay_transactions_2026-09.csv,554,0,0,1
ebay:19-98203-46407:sale,ebay,ebay,sale,2026-09-21,19-98203-46407,swiftfox645,buyer,699,123,ebay_transactions_2026-09.csv,555,0,0,1
ebay:13-42405-54134:sale,ebay,ebay,sale,2026-09-21,13-42405-54134,goldenpicker636,buyer,1099,176,ebay_transactions_2026-09.csv,556,0,0,1
ebay:26-16715-22379:sale,ebay,ebay,sale,2026-09-21,26-16715-22379,sunnyfinds5,buyer,2099,308,ebay_transactions_2026-09.csv,557,0,0,1
ebay:24-40758-19558:sale,ebay,ebay,sale,2026-09-21,24-40758-19558,sunnybear797,buyer,2299,335,ebay_transactions_2026-09.csv,558,0,0,1
ebay:15-80616-37033:sale,ebay,ebay,sale,2026-09-21,15-80616-37033,quietfox873,buyer,1499,308,ebay_transactions_2026-09.csv,559,599,0,1
ebay:24-32688-73589:sale,ebay,ebay,sale,2026-09-21,24-32688-73589,goldenbear951,buyer,3399,480,ebay_transactions_2026-09.csv,560,0,0,1
ebay:10-23956-98192:sale,ebay,ebay,sale,2026-09-21,10-23956-98192,retrothrift356,buyer,599,109,ebay_transactions_2026-09.csv,561,0,0,1
ebay:19-95158-21476:sale,ebay,ebay,sale,2026-09-21,19-95158-21476,northmaple87,buyer,1599,321,ebay_transactions_2026-09.csv,562,599,0,1
ebay:16-97296-24386:sale,ebay,ebay,sale,2026-09-21,16-97296-24386,quiethound753,buyer,899,228,ebay_transactions_2026-09.csv,563,599,0,1
ebay:12-52233-11779:sale,ebay,ebay,sale,2026-09-21,12-52233-11779,goldendeals555,buyer,1899,361,ebay_transactions_2026-09.csv,564,599,0,1
ebay:25-41038-70075:sale,ebay,ebay,sale,2026-09-21,25-41038-70075,retrothrift356,buyer,2099,387,ebay_transactions_2026-09.csv,565,599,0,1
ebay:16-51997-21845:sale,ebay,ebay,sale,2026-09-21,16-51997-21845,swiftmaple811,buyer,3999,560,ebay_transactions_2026-09.csv,566,0,0,1
ebay:18-85443-42883:sale,ebay,ebay,sale,2026-09-21,18-85443-42883,happybear920,buyer,2699,467,ebay_transactions_2026-09.csv,567,599,0,1
ebay:25-99359-98087:sale,ebay,ebay,sale,2026-09-21,25-99359-98087,swiftriver751,buyer,3899,626,ebay_transactions_2026-09.csv,568,599,0,1
ebay:12-64566-57637:sale,ebay,ebay,sale,2026-09-21,12-64566-57637,northmaple10,buyer,4499,626,ebay_transactions_2026-09.csv,569,0,0,1
ebay:24-93917-56628:sale,ebay,ebay,sale,2026-09-21,24-93917-56628,sunnyfox908,buyer,6699,918,ebay_transactions_2026-09.csv,570,0,0,1
ebay:19-42170-80990:sale,ebay,ebay,sale,2026-09-21,19-42170-80990,goldenpicker402,buyer,2399,348,ebay_transactions_2026-09.csv,571,0,0,1
ebay:26-17540-81414:sale,ebay,ebay,sale,2026-09-22,26-17540-81414,bluedeals377,buyer,4699,732,ebay_transactions_2026-09.csv,572,599,0,1
ebay:17-67262-20645:sale,ebay,ebay,sale,2026-09-22,17-67262-20645,happybear762,buyer,2199,321,ebay_transactions_2026-09.csv,573,0,0,1
ebay:13-23845-39405:sale,ebay,ebay,sale,2026-09-22,13-23845-39405,luckyhound134,buyer,2099,308,ebay_transactions_2026-09.csv,574,0,0,1
ebay:23-47016-65950:sale,ebay,ebay,sale,2026-09-22,23-47016-65950,happyfox312,buyer,1099,176,ebay_transactions_2026-09.csv,575,0,0,1
ebay:21-82082-39151:sale,ebay,ebay,sale,2026-09-22,21-82082-39151,sunnyriver770,buyer,2799,480,ebay_transactions_2026-09.csv,576,599,0,1
ebay:19-81228-89427:sale,ebay,ebay,sale,2026-09-22,19-81228-89427,swiftfinds15,buyer,3199,454,ebay_transactions_2026-09.csv,577,0,0,1
ebay:15-60007-35331:sale,ebay,ebay,sale,2026-09-22,15-60007-35331,luckydeals18,buyer,499,175,ebay_transactions_2026-09.csv,578,599,0,1
ebay:19-27528-96527:sale,ebay,ebay,sale,2026-09-22,19-27528-96527,goldenfinds413,buyer,1399,215,ebay_transactions_2026-09.csv,579,0,0,1
ebay:16-13514-65353:sale,ebay,ebay,sale,2026-09-22,16-13514-65353,quiethound678,buyer,2199,401,ebay_transactions_2026-09.csv,580,599,0,1
ebay:19-16184-54234:sale,ebay,ebay,sale,2026-09-22,19-16184-54234,northmaple742,buyer,3799,533,ebay_transactions_2026-09.csv,581,0,0,1
ebay:16-22483-23046:sale,ebay,ebay,sale,2026-09-22,16-22483-23046,happyfinds526,buyer,2399,348,ebay_transactions_2026-09.csv,582,0,0,1
ebay:23-26507-70176:sale,ebay,ebay,sale,2026-09-22,23-26507-70176,luckypicker726,buyer,2299,414,ebay_transactions_2026-09.csv,583,599,0,1
ebay:26-87518-12670:sale,ebay,ebay,sale,2026-09-22,26-87518-12670,northbear236,buyer,1799,268,ebay_transactions_2026-09.csv,584,0,0,1
ebay:26-57277-11158:sale,ebay,ebay,sale,2026-09-22,26-57277-11158,luckyowl756,buyer,1299,281,ebay_transactions_2026-09.csv,585,599,0,1
ebay:27-63978-77780:sale,ebay,ebay,sale,2026-09-22,27-63978-77780,bluedeals743,buyer,3199,454,ebay_transactions_2026-09.csv,586,0,0,1
ebay:21-90185-61405:sale,ebay,ebay,sale,2026-09-22,21-90185-61405,happypicker317,buyer,3299,546,ebay_transactions_2026-09.csv,587,599,0,1
ebay:20-14223-44189:sale,ebay,ebay,sale,2026-09-22,20-14223-44189,swiftdeals927,buyer,3399,560,ebay_transactions_2026-09.csv,588,599,0,1
ebay:22-28851-24302:sale,ebay,ebay,sale,2026-09-22,22-28851-24302,bluemaple383,buyer,1499,229,ebay_transactions_2026-09.csv,589,0,0,1
ebay:11-97964-68375:sale,ebay,ebay,sale,2026-09-22,11-97964-68375,sunnypicker142,buyer,3399,480,ebay_transactions_2026-09.csv,590,0,0,1
ebay:11-91668-33749:sale,ebay,ebay,sale,2026-09-22,11-91668-33749,luckyfox891,buyer,2099,387,ebay_transactions_2026-09.csv,591,599,0,1
ebay:10-20603-40324:sale,ebay,ebay,sale,2026-09-23,10-20603-40324,quietthrift980,buyer,1299,202,ebay_transactions_2026-09.csv,592,0,0,1
ebay:27-16152-78631:sale,ebay,ebay,sale,2026-09-23,27-16152-78631,quietriver717,buyer,1999,295,ebay_transactions_2026-09.csv,593,0,0,1
ebay:21-93112-57107:sale,ebay,ebay,sale,2026-09-23,21-93112-57107,luckythrift578,buyer,1699,334,ebay_transactions_2026-09.csv,594,599,0,1
ebay:24-93707-15596:sale,ebay,ebay,sale,2026-09-23,24-93707-15596,rustydeals378,buyer,2399,348,ebay_transactions_2026-09.csv,595,0,0,1
ebay:24-36722-17797:sale,ebay,ebay,sale,2026-09-23,24-36722-17797,quietthrift843,buyer,3999,560,ebay_transactions_2026-09.csv,596,0,0,1
ebay:18-67148-32718:sale,ebay,ebay,sale,2026-09-23,18-67148-32718,rustyhound91,buyer,1499,229,ebay_transactions_2026-09.csv,597,0,0,1
ebay:20-86247-55898:sale,ebay,ebay,sale,2026-09-23,20-86247-55898,swiftowl8,buyer,3699,520,ebay_transactions_2026-09.csv,598,0,0,1
ebay:21-64229-26380:sale,ebay,ebay,sale,2026-09-23,21-64229-26380,retrofinds141,buyer,799,136,ebay_transactions_2026-09.csv,599,0,0,1
ebay:12-19285-55720:sale,ebay,ebay,sale,2026-09-23,12-19285-55720,quietfinds257,buyer,4999,692,ebay_transactions_2026-09.csv,600,0,0,1
ebay:23-57379-18348:sale,ebay,ebay,sale,2026-09-23,23-57379-18348,swiftbear318,buyer,4599,639,ebay_transactions_2026-09.csv,601,0,0,1
ebay:27-33040-23538:sale,ebay,ebay,sale,2026-09-23,27-33040-23538,quietowl465,buyer,1899,282,ebay_transactions_2026-09.csv,602,0,0,1
ebay:11-63658-82162:sale,ebay,ebay,sale,2026-09-23,11-63658-82162,happyowl624,buyer,3099,441,ebay_transactions_2026-09.csv,603,0,0,1
ebay:27-29909-23060:sale,ebay,ebay,sale,2026-09-23,27-29909-23060,quietowl283,buyer,1799,268,ebay_transactions_2026-09.csv,604,0,0,1
ebay:16-19508-65753:sale,ebay,ebay,sale,2026-09-23,16-19508-65753,quietpicker958,buyer,2199,321,ebay_transactions_2026-09.csv,605,0,0,1
ebay:12-75834-76761:sale,ebay,ebay,sale,2026-09-23,12-75834-76761,retrothrift352,buyer,2199,321,ebay_transactions_2026-09.csv,606,0,0,1
ebay:22-57642-30385:sale,ebay,ebay,sale,2026-09-23,22-57642-30385,northfinds495,buyer,5499,838,ebay_transactions_2026-09.csv,607,599,0,1
ebay:24-52118-62065:sale,ebay,ebay,sale,2026-09-23,24-52118-62065,northhound235,buyer,3099,520,ebay_transactions_2026-09.csv,608,599,0,1
ebay:15-40516-89790:sale,ebay,ebay,sale,2026-09-23,15-40516-89790,goldenfox386,buyer,5299,811,ebay_transactions_2026-09.csv,609,599,0,1
ebay:15-30933-83349:sale,ebay,ebay,sale,2026-09-23,15-30933-83349,bluedeals487,buyer,3699,599,ebay_transactions_2026-09.csv,610,599,0,1
ebay:17-85916-77427:sale,ebay,ebay,sale,2026-09-23,17-85916-77427,swiftowl25,buyer,1999,295,ebay_transactions_2026-09.csv,611,0,0,1
ebay:26-59814-52910:sale,ebay,ebay,sale,2026-09-23,26-59814-52910,retropicker710,buyer,599,109,ebay_transactions_2026-09.csv,612,0,0,1
ebay:12-77398-34087:sale,ebay,ebay,sale,2026-09-23,12-77398-34087,retrodeals498,buyer,499,175,ebay_transactions_2026-09.csv,613,599,0,1
ebay:27-29119-64933:sale,ebay,ebay,sale,2026-09-23,27-29119-64933,bluemaple183,buyer,2599,374,ebay_transactions_2026-09.csv,614,0,0,1
ebay:19-36399-47572:sale,ebay,ebay,sale,2026-09-23,19-36399-47572,luckybear128,buyer,1599,242,ebay_transactions_2026-09.csv,615,0,0,1
ebay:27-99835-37482:sale,ebay,ebay,sale,2026-09-23,27-99835-37482,happyhound739,buyer,3299,467,ebay_transactions_2026-09.csv,616,0,0,1
ebay:20-82508-63092:sale,ebay,ebay,sale,2026-09-23,20-82508-63092,retrodeals71,buyer,4499,705,ebay_transactions_2026-09.csv,617,599,0,1
ebay:13-56313-20142:sale,ebay,ebay,sale,2026-09-23,13-56313-20142,goldenhound652,buyer,899,149,ebay_transactions_2026-09.csv,618,0,0,1
ebay:19-94446-53653:sale,ebay,ebay,sale,2026-09-23,19-94446-53653,sunnyfinds228,buyer,1599,242,ebay_transactions_2026-09.csv,619,0,0,1
ebay:17-29728-52495:sale,ebay,ebay,sale,2026-09-24,17-29728-52495,bluemaple387,buyer,2499,440,ebay_transactions_2026-09.csv,620,599,0,1
ebay:17-33328-46561:sale,ebay,ebay,sale,2026-09-24,17-33328-46561,luckybear847,buyer,2099,308,ebay_transactions_2026-09.csv,621,0,0,1
ebay:18-67690-25565:sale,ebay,ebay,sale,2026-09-24,18-67690-25565,rustyfox543,buyer,4299,600,ebay_transactions_2026-09.csv,622,0,0,1
ebay:24-33972-68439:sale,ebay,ebay,sale,2026-09-24,24-33972-68439,rustymaple793,buyer,1799,268,ebay_transactions_2026-09.csv,623,0,0,1
ebay:23-18040-25506:sale,ebay,ebay,sale,2026-09-24,23-18040-25506,rustyhound732,buyer,4299,600,ebay_transactions_2026-09.csv,624,0,0,1
ebay:11-22458-23889:sale,ebay,ebay,sale,2026-09-24,11-22458-23889,luckythrift167,buyer,4099,573,ebay_transactions_2026-09.csv,625,0,0,1
ebay:27-50387-84341:sale,ebay,ebay,sale,2026-09-24,27-50387-84341,goldenthrift230,buyer,1399,295,ebay_transactions_2026-09.csv,626,599,0,1
ebay:25-63170-65270:sale,ebay,ebay,sale,2026-09-24,25-63170-65270,quietowl810,buyer,3599,507,ebay_transactions_2026-09.csv,627,0,0,1
ebay:14-26171-74672:sale,ebay,ebay,sale,2026-09-24,14-26171-74672,goldenbear850,buyer,3699,599,ebay_transactions_2026-09.csv,628,599,0,1
ebay:14-67629-94103:sale,ebay,ebay,sale,2026-09-24,14-67629-94103,happyfox180,buyer,2599,374,ebay_transactions_2026-09.csv,629,0,0,1
ebay:18-44406-54495:sale,ebay,ebay,sale,2026-09-24,18-44406-54495,happyfinds543,buyer,1999,374,ebay_transactions_2026-09.csv,630,599,0,1
ebay:25-68531-92274:sale,ebay,ebay,sale,2026-09-24,25-68531-92274,bluefinds716,buyer,2199,401,ebay_transactions_2026-09.csv,631,599,0,1
ebay:21-91728-72961:sale,ebay,ebay,sale,2026-09-24,21-91728-72961,swiftriver26,buyer,2199,321,ebay_transactions_2026-09.csv,632,0,0,1
ebay:22-99831-85446:sale,ebay,ebay,sale,2026-09-24,22-99831-85446,quietthrift76,buyer,2199,321,ebay_transactions_2026-09.csv,633,0,0,1
ebay:10-85382-95374:sale,ebay,ebay,sale,2026-09-24,10-85382-95374,northdeals124,buyer,1899,282,ebay_transactions_2026-09.csv,634,0,0,1
ebay:21-39018-18315:sale,ebay,ebay,sale,2026-09-24,21-39018-18315,rustyfox543,buyer,2399,348,ebay_transactions_2026-09.csv,635,0,0,1
ebay:20-71560-13731:sale,ebay,ebay,sale,2026-09-24,20-71560-13731,rustybear263,buyer,2599,374,ebay_transactions_2026-09.csv,636,0,0,1
ebay:27-78043-43841:sale,ebay,ebay,sale,2026-09-24,27-78043-43841,northfox199,buyer,1699,255,ebay_transactions_2026-09.csv,637,0,0,1
ebay:16-38520-67680:sale,ebay,ebay,sale,2026-09-24,16-38520-67680,northriver731,buyer,899,149,ebay_transactions_2026-09.csv,638,0,0,1
ebay:16-70284-37087:sale,ebay,ebay,sale,2026-09-24,16-70284-37087,goldenfox50,buyer,2999,507,ebay_transactions_2026-09.csv,639,599,0,1
ebay:26-92466-52222:sale,ebay,ebay,sale,2026-09-24,26-92466-52222,sunnyfinds244,buyer,6699,918,ebay_transactions_2026-09.csv,640,0,0,1
ebay:18-83651-42818:sale,ebay,ebay,sale,2026-09-25,18-83651-42818,bluethrift966,buyer,1899,282,ebay_transactions_2026-09.csv,641,0,0,1
ebay:17-12996-82359:sale,ebay,ebay,sale,2026-09-25,17-12996-82359,sunnybear769,buyer,3599,507,ebay_transactions_2026-09.csv,642,0,0,1
ebay:11-95452-38490:sale,ebay,ebay,sale,2026-09-25,11-95452-38490,bluefinds729,buyer,2399,348,ebay_transactions_2026-09.csv,643,0,0,1
ebay:24-14414-19780:sale,ebay,ebay,sale,2026-09-25,24-14414-19780,blueowl684,buyer,2799,401,ebay_transactions_2026-09.csv,644,0,0,1
ebay:11-39841-80436:sale,ebay,ebay,sale,2026-09-25,11-39841-80436,retrofinds141,buyer,899,149,ebay_transactions_2026-09.csv,645,0,0,1
ebay:24-46311-51563:sale,ebay,ebay,sale,2026-09-25,24-46311-51563,luckyfox609,buyer,7199,1063,ebay_transactions_2026-09.csv,646,599,0,1
ebay:16-44230-22687:sale,ebay,ebay,sale,2026-09-25,16-44230-22687,northowl344,buyer,2099,387,ebay_transactions_2026-09.csv,647,599,0,1
ebay:20-76528-35350:sale,ebay,ebay,sale,2026-09-25,20-76528-35350,swiftfox929,buyer,2199,401,ebay_transactions_2026-09.csv,648,599,0,1
ebay:27-78043-43841:refund,ebay,ebay,refund,2026-09-25,27-78043-43841,northfox199,buyer,-1699,0,ebay_transactions_2026-09.csv,649,0,0,0
ebay:22-14524-79415:sale,ebay,ebay,sale,2026-09-25,22-14524-79415,northowl396,buyer,2299,335,ebay_transactions_2026-09.csv,650,0,0,1
ebay:13-60290-37986:sale,ebay,ebay,sale,2026-09-25,13-60290-37986,sunnypicker833,buyer,1599,242,ebay_transactions_2026-09.csv,651,0,0,1
ebay:24-32084-21384:sale,ebay,ebay,sale,2026-09-25,24-32084-21384,luckythrift793,buyer,599,189,ebay_transactions_2026-09.csv,652,599,0,1
ebay:16-27528-55906:sale,ebay,ebay,sale,2026-09-25,16-27528-55906,goldenfox796,buyer,4499,626,ebay_transactions_2026-09.csv,653,0,0,1
ebay:24-61324-43229:sale,ebay,ebay,sale,2026-09-25,24-61324-43229,retropicker583,buyer,7199,984,ebay_transactions_2026-09.csv,654,0,0,1
ebay:27-18910-52905:sale,ebay,ebay,sale,2026-09-25,27-18910-52905,swiftbear231,buyer,2199,401,ebay_transactions_2026-09.csv,655,599,0,1
ebay:14-21551-58432:sale,ebay,ebay,sale,2026-09-25,14-21551-58432,happyriver37,buyer,4299,600,ebay_transactions_2026-09.csv,656,0,0,1
ebay:12-64682-28836:sale,ebay,ebay,sale,2026-09-25,12-64682-28836,rustybear17,buyer,799,215,ebay_transactions_2026-09.csv,657,599,0,1
ebay:14-93815-51447:sale,ebay,ebay,sale,2026-09-25,14-93815-51447,bluemaple183,buyer,8899,1209,ebay_transactions_2026-09.csv,658,0,0,1
ebay:12-66422-41681:sale,ebay,ebay,sale,2026-09-25,12-66422-41681,goldenthrift393,buyer,799,136,ebay_transactions_2026-09.csv,659,0,0,1
ebay:20-94839-70516:sale,ebay,ebay,sale,2026-09-25,20-94839-70516,goldenowl362,buyer,1599,242,ebay_transactions_2026-09.csv,660,0,0,1
ebay:18-86890-69374:sale,ebay,ebay,sale,2026-09-25,18-86890-69374,swiftfinds15,buyer,4799,745,ebay_transactions_2026-09.csv,661,599,0,1
ebay:16-11973-72727:sale,ebay,ebay,sale,2026-09-25,16-11973-72727,sunnyfinds819,buyer,3699,599,ebay_transactions_2026-09.csv,662,599,0,1
ebay:26-39547-16893:sale,ebay,ebay,sale,2026-09-25,26-39547-16893,rustybear245,buyer,3599,507,ebay_transactions_2026-09.csv,663,0,0,1
ebay:12-24358-16876:sale,ebay,ebay,sale,2026-09-25,12-24358-16876,sunnythrift798,buyer,10199,1381,ebay_transactions_2026-09.csv,664,0,0,1
ebay:17-37558-76445:sale,ebay,ebay,sale,2026-09-26,17-37558-76445,sunnyhound925,buyer,1599,242,ebay_transactions_2026-09.csv,665,0,0,1
ebay:27-72146-51962:sale,ebay,ebay,sale,2026-09-26,27-72146-51962,rustyowl249,buyer,4399,613,ebay_transactions_2026-09.csv,666,0,0,1
ebay:20-16606-97708:sale,ebay,ebay,sale,2026-09-26,20-16606-97708,sunnydeals258,buyer,2299,414,ebay_transactions_2026-09.csv,667,599,0,1
ebay:26-19868-52979:sale,ebay,ebay,sale,2026-09-26,26-19868-52979,luckyowl60,buyer,2299,414,ebay_transactions_2026-09.csv,668,599,0,1
ebay:27-68350-47898:sale,ebay,ebay,sale,2026-09-26,27-68350-47898,swiftowl268,buyer,1199,268,ebay_transactions_2026-09.csv,669,599,0,1
ebay:21-68503-97341:sale,ebay,ebay,sale,2026-09-26,21-68503-97341,rustyriver844,buyer,3799,533,ebay_transactions_2026-09.csv,670,0,0,1
ebay:19-13518-59810:sale,ebay,ebay,sale,2026-09-26,19-13518-59810,quietriver958,buyer,1699,334,ebay_transactions_2026-09.csv,671,599,0,1
ebay:26-94155-99113:sale,ebay,ebay,sale,2026-09-26,26-94155-99113,quietpicker904,buyer,1299,202,ebay_transactions_2026-09.csv,672,0,0,1
ebay:25-56899-36751:sale,ebay,ebay,sale,2026-09-26,25-56899-36751,northbear504,buyer,2399,348,ebay_transactions_2026-09.csv,673,0,0,1
ebay:12-91305-53448:sale,ebay,ebay,sale,2026-09-26,12-91305-53448,swiftpicker93,buyer,2899,414,ebay_transactions_2026-09.csv,674,0,0,1
ebay:12-68821-13664:sale,ebay,ebay,sale,2026-09-26,12-68821-13664,swiftdeals521,buyer,1099,176,ebay_transactions_2026-09.csv,675,0,0,1
ebay:17-15794-26385:sale,ebay,ebay,sale,2026-09-26,17-15794-26385,sunnyfinds819,buyer,1699,255,ebay_transactions_2026-09.csv,676,0,0,1
ebay:27-35734-53788:sale,ebay,ebay,sale,2026-09-26,27-35734-53788,sunnydeals491,buyer,399,83,ebay_transactions_2026-09.csv,677,0,0,1
ebay:10-77760-29751:sale,ebay,ebay,sale,2026-09-26,10-77760-29751,goldendeals79,buyer,1099,176,ebay_transactions_2026-09.csv,678,0,0,1
ebay:16-17240-20091:sale,ebay,ebay,sale,2026-09-26,16-17240-20091,sunnythrift798,buyer,3299,546,ebay_transactions_2026-09.csv,679,599,0,1
ebay:17-59536-37126:sale,ebay,ebay,sale,2026-09-26,17-59536-37126,rustyfox218,buyer,4299,600,ebay_transactions_2026-09.csv,680,0,0,1
ebay:17-47063-54761:sale,ebay,ebay,sale,2026-09-26,17-47063-54761,happythrift447,buyer,7299,1076,ebay_transactions_2026-09.csv,681,599,0,1
ebay:24-34070-48089:sale,ebay,ebay,sale,2026-09-26,24-34070-48089,rustyriver844,buyer,1699,255,ebay_transactions_2026-09.csv,682,0,0,1
ebay:26-33964-88643:sale,ebay,ebay,sale,2026-09-26,26-33964-88643,quietfinds678,buyer,2199,321,ebay_transactions_2026-09.csv,683,0,0,1
ebay:13-15293-89747:sale,ebay,ebay,sale,2026-09-26,13-15293-89747,bluefox279,buyer,2399,427,ebay_transactions_2026-09.csv,684,599,0,1
ebay:21-15080-41555:sale,ebay,ebay,sale,2026-09-26,21-15080-41555,northhound571,buyer,899,149,ebay_transactions_2026-09.csv,685,0,0,1
ebay:13-56787-24789:sale,ebay,ebay,sale,2026-09-26,13-56787-24789,northfox907,buyer,1199,189,ebay_transactions_2026-09.csv,686,0,0,1
ebay:15-49425-42746:sale,ebay,ebay,sale,2026-09-27,15-49425-42746,northdeals124,buyer,2799,401,ebay_transactions_2026-09.csv,687,0,0,1
ebay:27-11828-81561:sale,ebay,ebay,sale,2026-09-27,27-11828-81561,sunnyfox291,buyer,3499,494,ebay_transactions_2026-09.csv,688,0,0,1
ebay:16-83383-75513:sale,ebay,ebay,sale,2026-09-27,16-83383-75513,northdeals863,buyer,2399,427,ebay_transactions_2026-09.csv,689,599,0,1
ebay:19-94239-79589:sale,ebay,ebay,sale,2026-09-27,19-94239-79589,rustymaple793,buyer,1099,255,ebay_transactions_2026-09.csv,690,599,0,1
ebay:11-69386-14538:sale,ebay,ebay,sale,2026-09-27,11-69386-14538,bluethrift218,buyer,8099,1103,ebay_transactions_2026-09.csv,691,0,0,1
ebay:20-86038-91688:sale,ebay,ebay,sale,2026-09-27,20-86038-91688,sunnyhound472,buyer,899,149,ebay_transactions_2026-09.csv,692,0,0,1
ebay:19-62844-40841:sale,ebay,ebay,sale,2026-09-27,19-62844-40841,bluebear983,buyer,1399,295,ebay_transactions_2026-09.csv,693,599,0,1
ebay:23-22759-41405:sale,ebay,ebay,sale,2026-09-27,23-22759-41405,sunnypicker241,buyer,2299,414,ebay_transactions_2026-09.csv,694,599,0,1
ebay:14-72167-92276:sale,ebay,ebay,sale,2026-09-27,14-72167-92276,retrofox798,buyer,999,162,ebay_transactions_2026-09.csv,695,0,0,1
ebay:15-27573-61262:sale,ebay,ebay,sale,2026-09-27,15-27573-61262,bluemaple669,buyer,3499,573,ebay_transactions_2026-09.csv,696,599,0,1
ebay:27-98951-42778:sale,ebay,ebay,sale,2026-09-27,27-98951-42778,goldendeals67,buyer,1899,361,ebay_transactions_2026-09.csv,697,599,0,1
ebay:15-26634-75717:sale,ebay,ebay,sale,2026-09-27,15-26634-75717,bluemaple183,buyer,5599,772,ebay_transactions_2026-09.csv,698,0,0,1
ebay:15-22376-78920:sale,ebay,ebay,sale,2026-09-27,15-22376-78920,sunnypicker546,buyer,4199,666,ebay_transactions_2026-09.csv,699,599,0,1
ebay:14-38082-44698:sale,ebay,ebay,sale,2026-09-27,14-38082-44698,goldenhound702,buyer,1899,361,ebay_transactions_2026-09.csv,700,599,0,1
ebay:18-67381-80219:sale,ebay,ebay,sale,2026-09-27,18-67381-80219,luckybear772,buyer,2599,454,ebay_transactions_2026-09.csv,701,599,0,1
ebay:10-58996-57390:sale,ebay,ebay,sale,2026-09-27,10-58996-57390,northfox550,buyer,1399,295,ebay_transactions_2026-09.csv,702,599,0,1
ebay:21-19921-35726:sale,ebay,ebay,sale,2026-09-27,21-19921-35726,sunnyowl652,buyer,2999,427,ebay_transactions_2026-09.csv,703,0,0,1
ebay:25-30449-75591:sale,ebay,ebay,sale,2026-09-27,25-30449-75591,quietowl829,buyer,1999,374,ebay_transactions_2026-09.csv,704,599,0,1
ebay:21-49051-70395:sale,ebay,ebay,sale,2026-09-27,21-49051-70395,luckymaple105,buyer,3599,507,ebay_transactions_2026-09.csv,705,0,0,1
ebay:24-46815-27676:sale,ebay,ebay,sale,2026-09-27,24-46815-27676,sunnydeals258,buyer,999,162,ebay_transactions_2026-09.csv,706,0,0,1
ebay:13-26489-37743:sale,ebay,ebay,sale,2026-09-27,13-26489-37743,quietowl482,buyer,1399,295,ebay_transactions_2026-09.csv,707,599,0,1
ebay:26-50924-12803:sale,ebay,ebay,sale,2026-09-28,26-50924-12803,sunnyhound251,buyer,3899,547,ebay_transactions_2026-09.csv,708,0,0,1
ebay:23-83057-11632:sale,ebay,ebay,sale,2026-09-28,23-83057-11632,bluehound13,buyer,599,109,ebay_transactions_2026-09.csv,709,0,0,1
ebay:26-73899-37052:sale,ebay,ebay,sale,2026-09-28,26-73899-37052,sunnymaple540,buyer,1699,255,ebay_transactions_2026-09.csv,710,0,0,1
ebay:26-34435-60055:sale,ebay,ebay,sale,2026-09-28,26-34435-60055,luckythrift552,buyer,3599,507,ebay_transactions_2026-09.csv,711,0,0,1
ebay:16-50241-15970:sale,ebay,ebay,sale,2026-09-28,16-50241-15970,sunnythrift798,buyer,1799,268,ebay_transactions_2026-09.csv,712,0,0,1
ebay:24-39526-93398:sale,ebay,ebay,sale,2026-09-28,24-39526-93398,bluefox219,buyer,3599,507,ebay_transactions_2026-09.csv,713,0,0,1
ebay:10-95274-25148:sale,ebay,ebay,sale,2026-09-28,10-95274-25148,goldenpicker388,buyer,2399,348,ebay_transactions_2026-09.csv,714,0,0,1
ebay:24-58810-75332:sale,ebay,ebay,sale,2026-09-28,24-58810-75332,sunnyowl897,buyer,2099,387,ebay_transactions_2026-09.csv,715,599,0,1
ebay:13-59803-39581:sale,ebay,ebay,sale,2026-09-28,13-59803-39581,happythrift447,buyer,4099,652,ebay_transactions_2026-09.csv,716,599,0,1
ebay:25-88079-98182:sale,ebay,ebay,sale,2026-09-28,25-88079-98182,sunnypicker491,buyer,2799,401,ebay_transactions_2026-09.csv,717,0,0,1
ebay:15-25115-34340:sale,ebay,ebay,sale,2026-09-28,15-25115-34340,happyowl517,buyer,799,136,ebay_transactions_2026-09.csv,718,0,0,1
ebay:23-66168-28164:sale,ebay,ebay,sale,2026-09-28,23-66168-28164,norththrift337,buyer,3199,533,ebay_transactions_2026-09.csv,719,599,0,1
ebay:19-69586-41725:sale,ebay,ebay,sale,2026-09-28,19-69586-41725,happypicker821,buyer,1999,295,ebay_transactions_2026-09.csv,720,0,0,1
ebay:18-13933-12434:sale,ebay,ebay,sale,2026-09-28,18-13933-12434,sunnythrift76,buyer,899,228,ebay_transactions_2026-09.csv,721,599,0,1
ebay:23-73173-40823:sale,ebay,ebay,sale,2026-09-28,23-73173-40823,retromaple213,buyer,2399,348,ebay_transactions_2026-09.csv,722,0,0,1
ebay:14-67473-20569:sale,ebay,ebay,sale,2026-09-28,14-67473-20569,happypicker81,buyer,1399,295,ebay_transactions_2026-09.csv,723,599,0,1
ebay:19-71484-30863:sale,ebay,ebay,sale,2026-09-29,19-71484-30863,luckydeals892,buyer,599,109,ebay_transactions_2026-09.csv,724,0,0,1
ebay:13-11533-21277:sale,ebay,ebay,sale,2026-09-29,13-11533-21277,sunnyhound128,buyer,4499,705,ebay_transactions_2026-09.csv,725,599,0,1
ebay:26-13819-31353:sale,ebay,ebay,sale,2026-09-29,26-13819-31353,bluebear721,buyer,899,228,ebay_transactions_2026-09.csv,726,599,0,1
ebay:24-75073-67067:sale,ebay,ebay,sale,2026-09-29,24-75073-67067,goldenpicker226,buyer,2099,308,ebay_transactions_2026-09.csv,727,0,0,1
ebay:15-77118-57101:sale,ebay,ebay,sale,2026-09-29,15-77118-57101,swiftriver58,buyer,4699,732,ebay_transactions_2026-09.csv,728,599,0,1
ebay:24-84332-27864:sale,ebay,ebay,sale,2026-09-29,24-84332-27864,sunnyfox291,buyer,2099,387,ebay_transactions_2026-09.csv,729,599,0,1
ebay:10-23582-32956:sale,ebay,ebay,sale,2026-09-29,10-23582-32956,swiftthrift94,buyer,3699,520,ebay_transactions_2026-09.csv,730,0,0,1
ebay:21-80631-27137:sale,ebay,ebay,sale,2026-09-29,21-80631-27137,bluebear389,buyer,1599,321,ebay_transactions_2026-09.csv,731,599,0,1
ebay:24-86640-49363:sale,ebay,ebay,sale,2026-09-29,24-86640-49363,luckydeals892,buyer,799,136,ebay_transactions_2026-09.csv,732,0,0,1
ebay:18-13080-58496:sale,ebay,ebay,sale,2026-09-29,18-13080-58496,northowl551,buyer,1099,176,ebay_transactions_2026-09.csv,733,0,0,1
ebay:24-74663-52298:sale,ebay,ebay,sale,2026-09-29,24-74663-52298,goldenfinds46,buyer,2899,414,ebay_transactions_2026-09.csv,734,0,0,1
ebay:21-19062-65953:sale,ebay,ebay,sale,2026-09-29,21-19062-65953,goldenbear847,buyer,2199,321,ebay_transactions_2026-09.csv,735,0,0,1
ebay:16-34401-70314:sale,ebay,ebay,sale,2026-09-29,16-34401-70314,sunnyhound355,buyer,3499,494,ebay_transactions_2026-09.csv,736,0,0,1
ebay:17-64153-41336:sale,ebay,ebay,sale,2026-09-29,17-64153-41336,sunnydeals656,buyer,699,123,ebay_transactions_2026-09.csv,737,0,0,1
ebay:22-51623-90676:sale,ebay,ebay,sale,2026-09-29,22-51623-90676,bluefox823,buyer,1899,282,ebay_transactions_2026-09.csv,738,0,0,1
ebay:20-85184-14530:sale,ebay,ebay,sale,2026-09-29,20-85184-14530,happyhound912,buyer,3499,573,ebay_transactions_2026-09.csv,739,599,0,1
ebay:23-82057-72436:sale,ebay,ebay,sale,2026-09-29,23-82057-72436,retrothrift166,buyer,4299,679,ebay_transactions_2026-09.csv,740,599,0,1
ebay:23-42554-50059:sale,ebay,ebay,sale,2026-09-29,23-42554-50059,swiftowl464,buyer,1099,255,ebay_transactions_2026-09.csv,741,599,0,1
ebay:16-64378-78231:sale,ebay,ebay,sale,2026-09-29,16-64378-78231,quietriver76,buyer,8099,1103,ebay_transactions_2026-09.csv,742,0,0,1
ebay:22-72882-74759:sale,ebay,ebay,sale,2026-09-29,22-72882-74759,swiftdeals96,buyer,1499,229,ebay_transactions_2026-09.csv,743,0,0,1
ebay:11-76491-28144:sale,ebay,ebay,sale,2026-09-29,11-76491-28144,happyhound714,buyer,2399,348,ebay_transactions_2026-09.csv,744,0,0,1
ebay:15-82293-84522:sale,ebay,ebay,sale,2026-09-29,15-82293-84522,rustythrift584,buyer,4299,600,ebay_transactions_2026-09.csv,745,0,0,1
ebay:20-70929-29048:sale,ebay,ebay,sale,2026-09-29,20-70929-29048,retrofinds636,buyer,3799,533,ebay_transactions_2026-09.csv,746,0,0,1
ebay:25-13929-27220:sale,ebay,ebay,sale,2026-09-29,25-13929-27220,quietowl208,buyer,3399,560,ebay_transactions_2026-09.csv,747,599,0,1
ebay:12-20071-38511:sale,ebay,ebay,sale,2026-09-30,12-20071-38511,northfinds911,buyer,2099,387,ebay_transactions_2026-09.csv,748,599,0,1
ebay:22-68440-48319:sale,ebay,ebay,sale,2026-09-30,22-68440-48319,norththrift215,buyer,3799,613,ebay_transactions_2026-09.csv,749,599,0,1
ebay:15-28384-50309:sale,ebay,ebay,sale,2026-09-30,15-28384-50309,bluefox954,buyer,1599,242,ebay_transactions_2026-09.csv,750,0,0,1
ebay:19-30351-24184:sale,ebay,ebay,sale,2026-09-30,19-30351-24184,sunnyfox908,buyer,1599,242,ebay_transactions_2026-09.csv,751,0,0,1
ebay:26-93546-96953:sale,ebay,ebay,sale,2026-09-30,26-93546-96953,retrohound271,buyer,1999,374,ebay_transactions_2026-09.csv,752,599,0,1
ebay:24-75942-88470:sale,ebay,ebay,sale,2026-09-30,24-75942-88470,retrodeals52,buyer,1999,295,ebay_transactions_2026-09.csv,753,0,0,1
ebay:11-64368-74475:sale,ebay,ebay,sale,2026-09-30,11-64368-74475,luckydeals170,buyer,1399,295,ebay_transactions_2026-09.csv,754,599,0,1
ebay:21-36782-38838:sale,ebay,ebay,sale,2026-09-30,21-36782-38838,happyfinds526,buyer,1299,202,ebay_transactions_2026-09.csv,755,0,0,1
ebay:12-61225-11274:sale,ebay,ebay,sale,2026-09-30,12-61225-11274,quietfinds20,buyer,7299,1076,ebay_transactions_2026-09.csv,756,599,0,1
ebay:19-78629-26006:sale,ebay,ebay,sale,2026-09-30,19-78629-26006,bluedeals262,buyer,3199,533,ebay_transactions_2026-09.csv,757,599,0,1
ebay:21-13811-57683:sale,ebay,ebay,sale,2026-09-30,21-13811-57683,luckypicker342,buyer,1899,282,ebay_transactions_2026-09.csv,758,0,0,1
ebay:20-68616-19719:sale,ebay,ebay,sale,2026-09-30,20-68616-19719,sunnybear769,buyer,2199,321,ebay_transactions_2026-09.csv,759,0,0,1
ebay:27-83407-89432:sale,ebay,ebay,sale,2026-09-30,27-83407-89432,retroowl39,buyer,1199,189,ebay_transactions_2026-09.csv,760,0,0,1
ebay:17-14079-99117:sale,ebay,ebay,sale,2026-09-30,17-14079-99117,retrothrift727,buyer,3799,533,ebay_transactions_2026-09.csv,761,0,0,1
ebay:21-99444-73355:sale,ebay,ebay,sale,2026-09-30,21-99444-73355,rustypicker989,buyer,2899,414,ebay_transactions_2026-09.csv,762,0,0,1
ebay:24-48409-32076:sale,ebay,ebay,sale,2026-09-30,24-48409-32076,quietmaple24,buyer,1799,268,ebay_transactions_2026-09.csv,763,0,0,1
ebay:12-53204-16520:sale,ebay,ebay,sale,2026-09-30,12-53204-16520,quietfox883,buyer,2399,348,ebay_transactions_2026-09.csv,764,0,0,1
ebay:25-11885-21266:sale,ebay,ebay,sale,2026-09-30,25-11885-21266,luckypicker802,buyer,3199,454,ebay_transactions_2026-09.csv,765,0,0,1
ebay:15-83520-85713:sale,ebay,ebay,sale,2026-09-30,15-83520-85713,quietthrift76,buyer,2199,321,ebay_transactions_2026-09.csv,766,0,0,1
ebay:12-79460-82574:sale,ebay,ebay,sale,2026-09-30,12-79460-82574,northriver239,buyer,1999,295,ebay_transactions_2026-09.csv,767,0,0,1
ebay:19-30221-24943:sale,ebay,ebay,sale,2026-09-30,19-30221-24943,happythrift355,buyer,1599,242,ebay_transactions_2026-09.csv,768,0,0,1
ebay:14-19570-87521:sale,ebay,ebay,sale,2026-09-30,14-19570-87521,rustyowl249,buyer,1199,189,ebay_transactions_2026-09.csv,769,0,0,1
ebay:22-31005-32880:sale,ebay,ebay,sale,2026-09-30,22-31005-32880,happypicker940,buyer,3499,494,ebay_transactions_2026-09.csv,770,0,0,1
shopgoodwill:SG-883056:sale,shopgoodwill,shopgoodwill,sale,2026-09-01,SG-883056,goldenhound277,buyer,4600,0,ShopGoodwill_Orders_2026-09.xlsx,1,899,200,1
shopgoodwill:SG-883017:sale,shopgoodwill,shopgoodwill,sale,2026-09-01,SG-883017,retroriver331,buyer,700,0,ShopGoodwill_Orders_2026-09.xlsx,2,1299,200,1
shopgoodwill:SG-883030:sale,shopgoodwill,shopgoodwill,sale,2026-09-01,SG-883030,rustybear940,buyer,1300,0,ShopGoodwill_Orders_2026-09.xlsx,3,1099,200,1
shopgoodwill:SG-883040:sale,shopgoodwill,shopgoodwill,sale,2026-09-01,SG-883040,sunnyhound266,buyer,3400,0,ShopGoodwill_Orders_2026-09.xlsx,4,1299,200,1
shopgoodwill:SG-883048:sale,shopgoodwill,shopgoodwill,sale,2026-09-01,SG-883048,luckybear997,buyer,700,0,ShopGoodwill_Orders_2026-09.xlsx,5,1299,200,1
shopgoodwill:SG-883069:sale,shopgoodwill,shopgoodwill,sale,2026-09-01,SG-883069,swiftthrift974,buyer,1400,0,ShopGoodwill_Orders_2026-09.xlsx,6,1499,200,1
shopgoodwill:SG-883060:sale,shopgoodwill,shopgoodwill,sale,2026-09-01,SG-883060,happyowl530,buyer,3400,0,ShopGoodwill_Orders_2026-09.xlsx,7,899,200,1
shopgoodwill:SG-883025:sale,shopgoodwill,shopgoodwill,sale,2026-09-01,SG-883025,sunnythrift739,buyer,2800,0,ShopGoodwill_Orders_2026-09.xlsx,8,1099,200,1
shopgoodwill:SG-883019:sale,shopgoodwill,shopgoodwill,sale,2026-09-01,SG-883019,quietmaple512,buyer,700,0,ShopGoodwill_Orders_2026-09.xlsx,9,1299,200,1
shopgoodwill:SG-883094:sale,shopgoodwill,shopgoodwill,sale,2026-09-01,SG-883094,sunnyfox757,buyer,3800,0,ShopGoodwill_Orders_2026-09.xlsx,10,1499,200,1
shopgoodwill:SG-883082:sale,shopgoodwill,shopgoodwill,sale,2026-09-01,SG-883082,rustybear157,buyer,1600,0,ShopGoodwill_Orders_2026-09.xlsx,11,1299,200,1
shopgoodwill:SG-883066:sale,shopgoodwill,shopgoodwill,sale,2026-09-01,SG-883066,rustythrift768,buyer,4300,0,ShopGoodwill_Orders_2026-09.xlsx,12,1099,200,1
shopgoodwill:SG-883046:sale,shopgoodwill,shopgoodwill,sale,2026-09-01,SG-883046,sunnymaple342,buyer,3000,0,ShopGoodwill_Orders_2026-09.xlsx,13,1299,200,1
shopgoodwill:SG-883003:sale,shopgoodwill,shopgoodwill,sale,2026-09-01,SG-883003,retrofox189,buyer,2600,0,ShopGoodwill_Orders_2026-09.xlsx,14,1499,200,1
shopgoodwill:SG-883061:sale,shopgoodwill,shopgoodwill,sale,2026-09-01,SG-883061,bluedeals43,buyer,4000,0,ShopGoodwill_Orders_2026-09.xlsx,15,1499,200,1
shopgoodwill:SG-883071:sale,shopgoodwill,shopgoodwill,sale,2026-09-01,SG-883071,retroowl470,buyer,1200,0,ShopGoodwill_Orders_2026-09.xlsx,16,1499,200,1
shopgoodwill:SG-883039:sale,shopgoodwill,shopgoodwill,sale,2026-09-01,SG-883039,happydeals661,buyer,2700,0,ShopGoodwill_Orders_2026-09.xlsx,17,1099,200,1
shopgoodwill:SG-883108:sale,shopgoodwill,shopgoodwill,sale,2026-09-01,SG-883108,swifthound771,buyer,1300,0,ShopGoodwill_Orders_2026-09.xlsx,18,1299,200,1
shopgoodwill:SG-883096:sale,shopgoodwill,shopgoodwill,sale,2026-09-01,SG-883096,sunnyfinds636,buyer,5300,0,ShopGoodwill_Orders_2026-09.xlsx,19,899,200,1
shopgoodwill:SG-883116:sale,shopgoodwill,shopgoodwill,sale,2026-09-01,SG-883116,sunnythrift103,buyer,2200,0,ShopGoodwill_Orders_2026-09.xlsx,20,1299,200,1
shopgoodwill:SG-883075:sale,shopgoodwill,shopgoodwill,sale,2026-09-01,SG-883075,goldenhound277,buyer,2100,0,ShopGoodwill_Orders_2026-09.xlsx,21,899,200,1
shopgoodwill:SG-883063:sale,shopgoodwill,shopgoodwill,sale,2026-09-01,SG-883063,quietowl255,buyer,800,0,ShopGoodwill_Orders_2026-09.xlsx,22,1299,200,1
shopgoodwill:SG-883079:sale,shopgoodwill,shopgoodwill,sale,2026-09-01,SG-883079,rustyhound434,buyer,3800,0,ShopGoodwill_Orders_2026-09.xlsx,23,1099,200,1
shopgoodwill:SG-883086:sale,shopgoodwill,shopgoodwill,sale,2026-09-01,SG-883086,luckydeals969,buyer,2500,0,ShopGoodwill_Orders_2026-09.xlsx,24,1299,200,1
shopgoodwill:SG-883047:sale,shopgoodwill,shopgoodwill,sale,2026-09-01,SG-883047,rustyriver353,buyer,1800,0,ShopGoodwill_Orders_2026-09.xlsx,25,1299,200,1
shopgoodwill:SG-883042:sale,shopgoodwill,shopgoodwill,sale,2026-09-01,SG-883042,swiftmaple687,buyer,1000,0,ShopGoodwill_Orders_2026-09.xlsx,26,1099,200,1
shopgoodwill:SG-883126:sale,shopgoodwill,shopgoodwill,sale,2026-09-01,SG-883126,goldenhound106,buyer,7200,0,ShopGoodwill_Orders_2026-09.xlsx,27,1299,200,1
shopgoodwill:SG-883052:sale,shopgoodwill,shopgoodwill,sale,2026-09-01,SG-883052,rustyfinds592,buyer,3400,0,ShopGoodwill_Orders_2026-09.xlsx,28,1499,200,1
shopgoodwill:SG-883034:sale,shopgoodwill,shopgoodwill,sale,2026-09-01,SG-883034,retrofinds594,buyer,4200,0,ShopGoodwill_Orders_2026-09.xlsx,29,1099,200,1
shopgoodwill:SG-883100:sale,shopgoodwill,shopgoodwill,sale,2026-09-01,SG-883100,quiethound911,buyer,10800,0,ShopGoodwill_Orders_2026-09.xlsx,30,1099,200,1
shopgoodwill:SG-883043:sale,shopgoodwill,shopgoodwill,sale,2026-09-01,SG-883043,goldendeals658,buyer,2200,0,ShopGoodwill_Orders_2026-09.xlsx,31,1499,200,1
shopgoodwill:SG-883027:sale,shopgoodwill,shopgoodwill,sale,2026-09-01,SG-883027,northpicker68,buyer,700,0,ShopGoodwill_Orders_2026-09.xlsx,32,899,200,1
shopgoodwill:SG-883058:sale,shopgoodwill,shopgoodwill,sale,2026-09-01,SG-883058,quietfinds697,buyer,4300,0,ShopGoodwill_Orders_2026-09.xlsx,33,1099,200,1
shopgoodwill:SG-883077:sale,shopgoodwill,shopgoodwill,sale,2026-09-01,SG-883077,rustybear157,buyer,1100,0,ShopGoodwill_Orders_2026-09.xlsx,34,1099,200,1
shopgoodwill:SG-883059:sale,shopgoodwill,shopgoodwill,sale,2026-09-01,SG-883059,rustyowl451,buyer,4500,0,ShopGoodwill_Orders_2026-09.xlsx,35,1099,200,1
shopgoodwill:SG-883106:sale,shopgoodwill,shopgoodwill,sale,2026-09-01,SG-883106,northbear492,buyer,3400,0,ShopGoodwill_Orders_2026-09.xlsx,36,1299,200,1
shopgoodwill:SG-883013:sale,shopgoodwill,shopgoodwill,sale,2026-09-01,SG-883013,rustythrift48,buyer,1000,0,ShopGoodwill_Orders_2026-09.xlsx,37,1499,200,1
shopgoodwill:SG-883120:sale,shopgoodwill,shopgoodwill,sale,2026-09-01,SG-883120,swiftmaple442,buyer,1200,0,ShopGoodwill_Orders_2026-09.xlsx,38,1499,200,1
shopgoodwill:SG-883122:sale,shopgoodwill,shopgoodwill,sale,2026-09-01,SG-883122,norththrift587,buyer,9500,0,ShopGoodwill_Orders_2026-09.xlsx,39,1299,200,1
shopgoodwill:SG-883035:sale,shopgoodwill,shopgoodwill,sale,2026-09-01,SG-883035,luckyfinds317,buyer,3400,0,ShopGoodwill_Orders_2026-09.xlsx,40,1099,200,1
shopgoodwill:SG-883022:sale,shopgoodwill,shopgoodwill,sale,2026-09-01,SG-883022,goldenfox53,buyer,2900,0,ShopGoodwill_Orders_2026-09.xlsx,41,1299,200,1
shopgoodwill:SG-883006:sale,shopgoodwill,shopgoodwill,sale,2026-09-01,SG-883006,quietbear247,buyer,2600,0,ShopGoodwill_Orders_2026-09.xlsx,42,1299,200,1
shopgoodwill:SG-883104:sale,shopgoodwill,shopgoodwill,sale,2026-09-01,SG-883104,blueowl393,buyer,5000,0,ShopGoodwill_Orders_2026-09.xlsx,43,899,200,1
shopgoodwill:SG-883009:sale,shopgoodwill,shopgoodwill,sale,2026-09-01,SG-883009,happyowl780,buyer,1600,0,ShopGoodwill_Orders_2026-09.xlsx,44,899,200,1
shopgoodwill:SG-883090:sale,shopgoodwill,shopgoodwill,sale,2026-09-01,SG-883090,swiftpicker774,buyer,2600,0,ShopGoodwill_Orders_2026-09.xlsx,45,899,200,1
shopgoodwill:SG-883112:sale,shopgoodwill,shopgoodwill,sale,2026-09-01,SG-883112,sunnyriver907,buyer,1200,0,ShopGoodwill_Orders_2026-09.xlsx,46,899,200,1
shopgoodwill:SG-883200:sale,shopgoodwill,shopgoodwill,sale,2026-09-02,SG-883200,sunnybear76,buyer,4300,0,ShopGoodwill_Orders_2026-09.xlsx,47,899,200,1
shopgoodwill:SG-883174:sale,shopgoodwill,shopgoodwill,sale,2026-09-02,SG-883174,quietfinds999,buyer,3600,0,ShopGoodwill_Orders_2026-09.xlsx,48,1499,200,1
shopgoodwill:SG-883155:sale,shopgoodwill,shopgoodwill,sale,2026-09-02,SG-883155,happyriver286,buyer,3100,0,ShopGoodwill_Orders_2026-09.xlsx,49,899,200,1
shopgoodwill:SG-883168:sale,shopgoodwill,shopgoodwill,sale,2026-09-02,SG-883168,northowl354,buyer,1000,0,ShopGoodwill_Orders_2026-09.xlsx,50,1099,200,1
shopgoodwill:SG-883189:sale,shopgoodwill,shopgoodwill,sale,2026-09-02,SG-883189,norththrift327,buyer,2400,0,ShopGoodwill_Orders_2026-09.xlsx,51,899,200,1
shopgoodwill:SG-883138:sale,shopgoodwill,shopgoodwill,sale,2026-09-02,SG-883138,retrodeals661,buyer,6000,0,ShopGoodwill_Orders_2026-09.xlsx,52,1299,200,1
shopgoodwill:SG-883197:sale,shopgoodwill,shopgoodwill,sale,2026-09-02,SG-883197,swiftpicker150,buyer,2100,0,ShopGoodwill_Orders_2026-09.xlsx,53,1299,200,1
shopgoodwill:SG-883141:sale,shopgoodwill,shopgoodwill,sale,2026-09-02,SG-883141,luckyfinds131,buyer,4200,0,ShopGoodwill_Orders_2026-09.xlsx,54,899,200,1
shopgoodwill:SG-883161:sale,shopgoodwill,shopgoodwill,sale,2026-09-02,SG-883161,quietthrift253,buyer,2900,0,ShopGoodwill_Orders_2026-09.xlsx,55,1099,200,1
shopgoodwill:SG-883144:sale,shopgoodwill,shopgoodwill,sale,2026-09-02,SG-883144,swiftpicker150,buyer,3100,0,ShopGoodwill_Orders_2026-09.xlsx,56,899,200,1
shopgoodwill:SG-883148:sale,shopgoodwill,shopgoodwill,sale,2026-09-02,SG-883148,happydeals583,buyer,3100,0,ShopGoodwill_Orders_2026-09.xlsx,57,1499,200,1
shopgoodwill:SG-883177:sale,shopgoodwill,shopgoodwill,sale,2026-09-02,SG-883177,happyowl698,buyer,2800,0,ShopGoodwill_Orders_2026-09.xlsx,58,1499,200,1
shopgoodwill:SG-883136:sale,shopgoodwill,shopgoodwill,sale,2026-09-02,SG-883136,swiftfox885,buyer,5600,0,ShopGoodwill_Orders_2026-09.xlsx,59,899,200,1
shopgoodwill:SG-883186:sale,shopgoodwill,shopgoodwill,sale,2026-09-02,SG-883186,luckyfinds99,buyer,7900,0,ShopGoodwill_Orders_2026-09.xlsx,60,899,200,1
shopgoodwill:SG-883135:sale,shopgoodwill,shopgoodwill,sale,2026-09-02,SG-883135,luckyhound716,buyer,2100,0,ShopGoodwill_Orders_2026-09.xlsx,61,1099,200,1
shopgoodwill:SG-883202:sale,shopgoodwill,shopgoodwill,sale,2026-09-02,SG-883202,goldenhound106,buyer,1400,0,ShopGoodwill_Orders_2026-09.xlsx,62,1499,200,1
shopgoodwill:SG-883151:sale,shopgoodwill,shopgoodwill,sale,2026-09-02,SG-883151,quietpicker858,buyer,3100,0,ShopGoodwill_Orders_2026-09.xlsx,63,1099,200,1
shopgoodwill:SG-883157:sale,shopgoodwill,shopgoodwill,sale,2026-09-02,SG-883157,quietowl255,buyer,1300,0,ShopGoodwill_Orders_2026-09.xlsx,64,1299,200,1
shopgoodwill:SG-883130:sale,shopgoodwill,shopgoodwill,sale,2026-09-02,SG-883130,quietdeals153,buyer,1400,0,ShopGoodwill_Orders_2026-09.xlsx,65,899,200,1
shopgoodwill:SG-883192:sale,shopgoodwill,shopgoodwill,sale,2026-09-02,SG-883192,sunnyfox590,buyer,1200,0,ShopGoodwill_Orders_2026-09.xlsx,66,1499,200,1
shopgoodwill:SG-883158:sale,shopgoodwill,shopgoodwill,sale,2026-09-02,SG-883158,swifthound540,buyer,4400,0,ShopGoodwill_Orders_2026-09.xlsx,67,1299,200,1
shopgoodwill:SG-883165:sale,shopgoodwill,shopgoodwill,sale,2026-09-02,SG-883165,happyriver307,buyer,5800,0,ShopGoodwill_Orders_2026-09.xlsx,68,1099,200,1
shopgoodwill:SG-883132:sale,shopgoodwill,shopgoodwill,sale,2026-09-02,SG-883132,retrothrift613,buyer,3200,0,ShopGoodwill_Orders_2026-09.xlsx,69,1299,200,1
shopgoodwill:SG-883183:sale,shopgoodwill,shopgoodwill,sale,2026-09-02,SG-883183,rustythrift768,buyer,4400,0,ShopGoodwill_Orders_2026-09.xlsx,70,899,200,1
shopgoodwill:SG-883199:sale,shopgoodwill,shopgoodwill,sale,2026-09-02,SG-883199,retroowl674,buyer,1000,0,ShopGoodwill_Orders_2026-09.xlsx,71,1099,200,1
shopgoodwill:SG-883172:sale,shopgoodwill,shopgoodwill,sale,2026-09-02,SG-883172,retrofinds176,buyer,10200,0,ShopGoodwill_Orders_2026-09.xlsx,72,1499,200,1
shopgoodwill:SG-883193:sale,shopgoodwill,shopgoodwill,sale,2026-09-02,SG-883193,luckybear997,buyer,3400,0,ShopGoodwill_Orders_2026-09.xlsx,73,899,200,1
shopgoodwill:SG-883179:sale,shopgoodwill,shopgoodwill,sale,2026-09-02,SG-883179,retrobear241,buyer,500,0,ShopGoodwill_Orders_2026-09.xlsx,74,899,200,1
shopgoodwill:SG-883159:sale,shopgoodwill,shopgoodwill,sale,2026-09-02,SG-883159,goldenthrift189,buyer,2000,0,ShopGoodwill_Orders_2026-09.xlsx,75,1499,200,1
shopgoodwill:SG-883258:sale,shopgoodwill,shopgoodwill,sale,2026-09-03,SG-883258,bluehound170,buyer,2200,0,ShopGoodwill_Orders_2026-09.xlsx,76,1099,200,1
shopgoodwill:SG-883251:sale,shopgoodwill,shopgoodwill,sale,2026-09-03,SG-883251,happypicker852,buyer,10400,0,ShopGoodwill_Orders_2026-09.xlsx,77,1299,200,1
shopgoodwill:SG-883219:sale,shopgoodwill,shopgoodwill,sale,2026-09-03,SG-883219,rustythrift768,buyer,1400,0,ShopGoodwill_Orders_2026-09.xlsx,78,1099,200,1
shopgoodwill:SG-883271:sale,shopgoodwill,shopgoodwill,sale,2026-09-03,SG-883271,bluefox91,buyer,2100,0,ShopGoodwill_Orders_2026-09.xlsx,79,1499,200,1
shopgoodwill:SG-883242:sale,shopgoodwill,shopgoodwill,sale,2026-09-03,SG-883242,swifthound696,buyer,900,0,ShopGoodwill_Orders_2026-09.xlsx,80,1499,200,1
shopgoodwill:SG-883255:sale,shopgoodwill,shopgoodwill,sale,2026-09-03,SG-883255,quietriver554,buyer,800,0,ShopGoodwill_Orders_2026-09.xlsx,81,899,200,1
shopgoodwill:SG-883292:sale,shopgoodwill,shopgoodwill,sale,2026-09-03,SG-883292,goldenhound380,buyer,1200,0,ShopGoodwill_Orders_2026-09.xlsx,82,1499,200,1
shopgoodwill:SG-883288:sale,shopgoodwill,shopgoodwill,sale,2026-09-03,SG-883288,rustybear960,buyer,1100,0,ShopGoodwill_Orders_2026-09.xlsx,83,899,200,1
shopgoodwill:SG-883239:sale,shopgoodwill,shopgoodwill,sale,2026-09-03,SG-883239,happyowl698,buyer,4500,0,ShopGoodwill_Orders_2026-09.xlsx,84,1499,200,1
shopgoodwill:SG-883260:sale,shopgoodwill,shopgoodwill,sale,2026-09-03,SG-883260,northowl354,buyer,1200,0,ShopGoodwill_Orders_2026-09.xlsx,85,1099,200,1
shopgoodwill:SG-883223:sale,shopgoodwill,shopgoodwill,sale,2026-09-03,SG-883223,happythrift947,buyer,19800,0,ShopGoodwill_Orders_2026-09.xlsx,86,1099,200,1
shopgoodwill:SG-883211:sale,shopgoodwill,shopgoodwill,sale,2026-09-03,SG-883211,sunnyfox590,buyer,1700,0,ShopGoodwill_Orders_2026-09.xlsx,87,899,200,1
shopgoodwill:SG-883227:sale,shopgoodwill,shopgoodwill,sale,2026-09-03,SG-883227,quietmaple286,buyer,2000,0,ShopGoodwill_Orders_2026-09.xlsx,88,1099,200,1
shopgoodwill:SG-883274:sale,shopgoodwill,shopgoodwill,sale,2026-09-03,SG-883274,happyhound494,buyer,3100,0,ShopGoodwill_Orders_2026-09.xlsx,89,899,200,1
shopgoodwill:SG-883209:sale,shopgoodwill,shopgoodwill,sale,2026-09-03,SG-883209,sunnymaple460,buyer,4800,0,ShopGoodwill_Orders_2026-09.xlsx,90,1499,200,1
shopgoodwill:SG-883233:sale,shopgoodwill,shopgoodwill,sale,2026-09-03,SG-883233,sunnyhound619,buyer,2300,0,ShopGoodwill_Orders_2026-09.xlsx,91,1099,200,1
shopgoodwill:SG-883246:sale,shopgoodwill,shopgoodwill,sale,2026-09-03,SG-883246,rustybear371,buyer,5200,0,ShopGoodwill_Orders_2026-09.xlsx,92,1499,200,1
shopgoodwill:SG-883229:sale,shopgoodwill,shopgoodwill,sale,2026-09-03,SG-883229,sunnyfinds844,buyer,2800,0,ShopGoodwill_Orders_2026-09.xlsx,93,1299,200,1
shopgoodwill:SG-883263:sale,shopgoodwill,shopgoodwill,sale,2026-09-03,SG-883263,swiftpicker358,buyer,3000,0,ShopGoodwill_Orders_2026-09.xlsx,94,1099,200,1
shopgoodwill:SG-883210:sale,shopgoodwill,shopgoodwill,sale,2026-09-03,SG-883210,retroowl57,buyer,9500,0,ShopGoodwill_Orders_2026-09.xlsx,95,1099,200,1
shopgoodwill:SG-883287:sale,shopgoodwill,shopgoodwill,sale,2026-09-03,SG-883287,swiftfox837,buyer,2400,0,ShopGoodwill_Orders_2026-09.xlsx,96,1499,200,1
shopgoodwill:SG-883282:sale,shopgoodwill,shopgoodwill,sale,2026-09-03,SG-883282,sunnyriver115,buyer,13000,0,ShopGoodwill_Orders_2026-09.xlsx,97,1299,200,1
shopgoodwill:SG-883266:sale,shopgoodwill,shopgoodwill,sale,2026-09-03,SG-883266,quietmaple286,buyer,1600,0,ShopGoodwill_Orders_2026-09.xlsx,98,1499,200,1
shopgoodwill:SG-883216:sale,shopgoodwill,shopgoodwill,sale,2026-09-03,SG-883216,swiftpicker621,buyer,5000,0,ShopGoodwill_Orders_2026-09.xlsx,99,1099,200,1
shopgoodwill:SG-883285:sale,shopgoodwill,shopgoodwill,sale,2026-09-03,SG-883285,northbear59,buyer,4400,0,ShopGoodwill_Orders_2026-09.xlsx,100,1499,200,1
shopgoodwill:SG-883249:sale,shopgoodwill,shopgoodwill,sale,2026-09-03,SG-883249,goldenowl355,buyer,4200,0,ShopGoodwill_Orders_2026-09.xlsx,101,1099,200,1
shopgoodwill:SG-883268:sale,shopgoodwill,shopgoodwill,sale,2026-09-03,SG-883268,retrofinds732,buyer,3300,0,ShopGoodwill_Orders_2026-09.xlsx,102,1299,200,1
shopgoodwill:SG-883267:sale,shopgoodwill,shopgoodwill,sale,2026-09-03,SG-883267,goldenhound559,buyer,4700,0,ShopGoodwill_Orders_2026-09.xlsx,103,899,200,1
shopgoodwill:SG-883275:sale,shopgoodwill,shopgoodwill,sale,2026-09-03,SG-883275,happydeals860,buyer,1300,0,ShopGoodwill_Orders_2026-09.xlsx,104,1299,200,1
shopgoodwill:SG-883277:sale,shopgoodwill,shopgoodwill,sale,2026-09-03,SG-883277,sunnythrift739,buyer,7900,0,ShopGoodwill_Orders_2026-09.xlsx,105,1099,200,1
shopgoodwill:SG-883294:sale,shopgoodwill,shopgoodwill,sale,2026-09-03,SG-883294,rustyfinds103,buyer,3400,0,ShopGoodwill_Orders_2026-09.xlsx,106,1299,200,1
shopgoodwill:SG-883281:sale,shopgoodwill,shopgoodwill,sale,2026-09-03,SG-883281,quietthrift983,buyer,3500,0,ShopGoodwill_Orders_2026-09.xlsx,107,1299,200,1
shopgoodwill:SG-883213:sale,shopgoodwill,shopgoodwill,sale,2026-09-03,SG-883213,sunnyhound619,buyer,1400,0,ShopGoodwill_Orders_2026-09.xlsx,108,1499,200,1
shopgoodwill:SG-883237:sale,shopgoodwill,shopgoodwill,sale,2026-09-03,SG-883237,goldenfox575,buyer,3200,0,ShopGoodwill_Orders_2026-09.xlsx,109,1499,200,1
shopgoodwill:SG-883206:sale,shopgoodwill,shopgoodwill,sale,2026-09-03,SG-883206,retrobear241,buyer,1300,0,ShopGoodwill_Orders_2026-09.xlsx,110,1099,200,1
shopgoodwill:SG-883372:sale,shopgoodwill,shopgoodwill,sale,2026-09-04,SG-883372,quietfinds384,buyer,1800,0,ShopGoodwill_Orders_2026-09.xlsx,111,1499,200,1
shopgoodwill:SG-883381:sale,shopgoodwill,shopgoodwill,sale,2026-09-04,SG-883381,luckymaple292,buyer,6100,0,ShopGoodwill_Orders_2026-09.xlsx,112,1299,200,1
shopgoodwill:SG-883361:sale,shopgoodwill,shopgoodwill,sale,2026-09-04,SG-883361,sunnymaple342,buyer,2400,0,ShopGoodwill_Orders_2026-09.xlsx,113,1499,200,1
shopgoodwill:SG-883365:sale,shopgoodwill,shopgoodwill,sale,2026-09-04,SG-883365,swiftowl491,buyer,3200,0,ShopGoodwill_Orders_2026-09.xlsx,114,1499,200,1
shopgoodwill:SG-883317:sale,shopgoodwill,shopgoodwill,sale,2026-09-04,SG-883317,swiftfox885,buyer,2600,0,ShopGoodwill_Orders_2026-09.xlsx,115,1499,200,1
shopgoodwill:SG-883324:sale,shopgoodwill,shopgoodwill,sale,2026-09-04,SG-883324,sunnyfinds591,buyer,3400,0,ShopGoodwill_Orders_2026-09.xlsx,116,1299,200,1
shopgoodwill:SG-883298:sale,shopgoodwill,shopgoodwill,sale,2026-09-04,SG-883298,rustyfox244,buyer,2100,0,ShopGoodwill_Orders_2026-09.xlsx,117,1499,200,1
shopgoodwill:SG-883312:sale,shopgoodwill,shopgoodwill,sale,2026-09-04,SG-883312,quietmaple68,buyer,2400,0,ShopGoodwill_Orders_2026-09.xlsx,118,1499,200,1
shopgoodwill:SG-883384:sale,shopgoodwill,shopgoodwill,sale,2026-09-04,SG-883384,quietowl255,buyer,1800,0,ShopGoodwill_Orders_2026-09.xlsx,119,1099,200,1
shopgoodwill:SG-883334:sale,shopgoodwill,shopgoodwill,sale,2026-09-04,SG-883334,quietfinds999,buyer,2900,0,ShopGoodwill_Orders_2026-09.xlsx,120,899,200,1
shopgoodwill:SG-883344:sale,shopgoodwill,shopgoodwill,sale,2026-09-04,SG-883344,sunnyowl410,buyer,5400,0,ShopGoodwill_Orders_2026-09.xlsx,121,1099,200,1
shopgoodwill:SG-883343:sale,shopgoodwill,shopgoodwill,sale,2026-09-04,SG-883343,bluepicker634,buyer,1200,0,ShopGoodwill_Orders_2026-09.xlsx,122,1299,200,1
shopgoodwill:SG-883358:sale,shopgoodwill,shopgoodwill,sale,2026-09-04,SG-883358,northriver733,buyer,2500,0,ShopGoodwill_Orders_2026-09.xlsx,123,1299,200,1
shopgoodwill:SG-883391:sale,shopgoodwill,shopgoodwill,sale,2026-09-04,SG-883391,goldenhound559,buyer,13900,0,ShopGoodwill_Orders_2026-09.xlsx,124,1099,200,1
shopgoodwill:SG-883301:sale,shopgoodwill,shopgoodwill,sale,2026-09-04,SG-883301,bluehound944,buyer,500,0,ShopGoodwill_Orders_2026-09.xlsx,125,1099,200,1
shopgoodwill:SG-883349:sale,shopgoodwill,shopgoodwill,sale,2026-09-04,SG-883349,rustyowl451,buyer,600,0,ShopGoodwill_Orders_2026-09.xlsx,126,1299,200,1
shopgoodwill:SG-883303:sale,shopgoodwill,shopgoodwill,sale,2026-09-04,SG-883303,sunnyfox757,buyer,1600,0,ShopGoodwill_Orders_2026-09.xlsx,127,1499,200,1
shopgoodwill:SG-883388:sale,shopgoodwill,shopgoodwill,sale,2026-09-04,SG-883388,luckyfinds131,buyer,3000,0,ShopGoodwill_Orders_2026-09.xlsx,128,1499,200,1
shopgoodwill:SG-883308:sale,shopgoodwill,shopgoodwill,sale,2026-09-04,SG-883308,retroriver350,buyer,1700,0,ShopGoodwill_Orders_2026-09.xlsx,129,1099,200,1
shopgoodwill:SG-883377:sale,shopgoodwill,shopgoodwill,sale,2026-09-04,SG-883377,northdeals658,buyer,3200,0,ShopGoodwill_Orders_2026-09.xlsx,130,899,200,1
shopgoodwill:SG-883346:sale,shopgoodwill,shopgoodwill,sale,2026-09-04,SG-883346,retrohound141,buyer,700,0,ShopGoodwill_Orders_2026-09.xlsx,131,899,200,1
shopgoodwill:SG-883318:sale,shopgoodwill,shopgoodwill,sale,2026-09-04,SG-883318,happydeals292,buyer,2700,0,ShopGoodwill_Orders_2026-09.xlsx,132,1499,200,1
shopgoodwill:SG-883319:sale,shopgoodwill,shopgoodwill,sale,2026-09-04,SG-883319,happymaple9,buyer,2100,0,ShopGoodwill_Orders_2026-09.xlsx,133,1099,200,1
shopgoodwill:SG-883341:sale,shopgoodwill,shopgoodwill,sale,2026-09-04,SG-883341,quietmaple465,buyer,1500,0,ShopGoodwill_Orders_2026-09.xlsx,134,1499,200,1
shopgoodwill:SG-883306:sale,shopgoodwill,shopgoodwill,sale,2026-09-04,SG-883306,northbear59,buyer,3200,0,ShopGoodwill_Orders_2026-09.xlsx,135,1499,200,1
shopgoodwill:SG-883340:sale,shopgoodwill,shopgoodwill,sale,2026-09-04,SG-883340,swiftpicker621,buyer,1900,0,ShopGoodwill_Orders_2026-09.xlsx,136,1499,200,1
shopgoodwill:SG-883355:sale,shopgoodwill,shopgoodwill,sale,2026-09-04,SG-883355,goldenfox575,buyer,4900,0,ShopGoodwill_Orders_2026-09.xlsx,137,899,200,1
shopgoodwill:SG-883352:sale,shopgoodwill,shopgoodwill,sale,2026-09-04,SG-883352,rustybear202,buyer,4300,0,ShopGoodwill_Orders_2026-09.xlsx,138,1499,200,1
shopgoodwill:SG-883337:sale,shopgoodwill,shopgoodwill,sale,2026-09-04,SG-883337,happypicker705,buyer,4900,0,ShopGoodwill_Orders_2026-09.xlsx,139,1299,200,1
shopgoodwill:SG-883374:sale,shopgoodwill,shopgoodwill,sale,2026-09-04,SG-883374,northhound287,buyer,1700,0,ShopGoodwill_Orders_2026-09.xlsx,140,1299,200,1
shopgoodwill:SG-883327:sale,shopgoodwill,shopgoodwill,sale,2026-09-04,SG-883327,sunnymaple218,buyer,1800,0,ShopGoodwill_Orders_2026-09.xlsx,141,1099,200,1
shopgoodwill:SG-883375:sale,shopgoodwill,shopgoodwill,sale,2026-09-04,SG-883375,quietowl387,buyer,3500,0,ShopGoodwill_Orders_2026-09.xlsx,142,899,200,1
shopgoodwill:SG-883330:sale,shopgoodwill,shopgoodwill,sale,2026-09-04,SG-883330,happyowl780,buyer,3700,0,ShopGoodwill_Orders_2026-09.xlsx,143,1299,200,1
shopgoodwill:SG-883304:sale,shopgoodwill,shopgoodwill,sale,2026-09-04,SG-883304,quiethound605,buyer,3300,0,ShopGoodwill_Orders_2026-09.xlsx,144,1499,200,1
shopgoodwill:SG-883368:sale,shopgoodwill,shopgoodwill,sale,2026-09-04,SG-883368,luckymaple347,buyer,1900,0,ShopGoodwill_Orders_2026-09.xlsx,145,1299,200,1
shopgoodwill:SG-883320:sale,shopgoodwill,shopgoodwill,sale,2026-09-04,SG-883320,retrothrift752,buyer,1900,0,ShopGoodwill_Orders_2026-09.xlsx,146,1099,200,1
shopgoodwill:SG-883316:sale,shopgoodwill,shopgoodwill,sale,2026-09-04,SG-883316,northowl354,buyer,1400,0,ShopGoodwill_Orders_2026-09.xlsx,147,1099,200,1
shopgoodwill:SG-883409:sale,shopgoodwill,shopgoodwill,sale,2026-09-05,SG-883409,luckydeals969,buyer,1600,0,ShopGoodwill_Orders_2026-09.xlsx,148,1099,200,1
shopgoodwill:SG-883421:sale,shopgoodwill,shopgoodwill,sale,2026-09-05,SG-883421,swiftfox885,buyer,2100,0,ShopGoodwill_Orders_2026-09.xlsx,149,899,200,1
shopgoodwill:SG-883450:sale,shopgoodwill,shopgoodwill,sale,2026-09-05,SG-883450,sunnyfinds844,buyer,7500,0,ShopGoodwill_Orders_2026-09.xlsx,150,1099,200,1
shopgoodwill:SG-883468:sale,shopgoodwill,shopgoodwill,sale,2026-09-05,SG-883468,quietthrift313,buyer,600,0,ShopGoodwill_Orders_2026-09.xlsx,151,1499,200,1
shopgoodwill:SG-883437:sale,shopgoodwill,shopgoodwill,sale,2026-09-05,SG-883437,goldenthrift506,buyer,3800,0,ShopGoodwill_Orders_2026-09.xlsx,152,1099,200,1
shopgoodwill:SG-883415:sale,shopgoodwill,shopgoodwill,sale,2026-09-05,SG-883415,happyhound494,buyer,4600,0,ShopGoodwill_Orders_2026-09.xlsx,153,1499,200,1
shopgoodwill:SG-883425:sale,shopgoodwill,shopgoodwill,sale,2026-09-05,SG-883425,luckyfox39,buyer,2300,0,ShopGoodwill_Orders_2026-09.xlsx,154,1299,200,1
shopgoodwill:SG-883403:sale,shopgoodwill,shopgoodwill,sale,2026-09-05,SG-883403,northdeals393,buyer,2400,0,ShopGoodwill_Orders_2026-09.xlsx,155,899,200,1
shopgoodwill:SG-883416:sale,shopgoodwill,shopgoodwill,sale,2026-09-05,SG-883416,sunnymaple889,buyer,2100,0,ShopGoodwill_Orders_2026-09.xlsx,156,1099,200,1
shopgoodwill:SG-883472:sale,shopgoodwill,shopgoodwill,sale,2026-09-05,SG-883472,sunnybear338,buyer,4800,0,ShopGoodwill_Orders_2026-09.xlsx,157,899,200,1
shopgoodwill:SG-883400:sale,shopgoodwill,shopgoodwill,sale,2026-09-05,SG-883400,luckyfox39,buyer,13400,0,ShopGoodwill_Orders_2026-09.xlsx,158,1099,200,1
shopgoodwill:SG-883464:sale,shopgoodwill,shopgoodwill,sale,2026-09-05,SG-883464,retromaple52,buyer,1800,0,ShopGoodwill_Orders_2026-09.xlsx,159,1499,200,1
shopgoodwill:SG-883413:sale,shopgoodwill,shopgoodwill,sale,2026-09-05,SG-883413,goldendeals798,buyer,7400,0,ShopGoodwill_Orders_2026-09.xlsx,160,899,200,1
shopgoodwill:SG-883433:sale,shopgoodwill,shopgoodwill,sale,2026-09-05,SG-883433,happyowl530,buyer,6100,0,ShopGoodwill_Orders_2026-09.xlsx,161,899,200,1
shopgoodwill:SG-883427:sale,shopgoodwill,shopgoodwill,sale,2026-09-05,SG-883427,rustythrift768,buyer,900,0,ShopGoodwill_Orders_2026-09.xlsx,162,1299,200,1
shopgoodwill:SG-883430:sale,shopgoodwill,shopgoodwill,sale,2026-09-05,SG-883430,happydeals292,buyer,1300,0,ShopGoodwill_Orders_2026-09.xlsx,163,1099,200,1
shopgoodwill:SG-883395:sale,shopgoodwill,shopgoodwill,sale,2026-09-05,SG-883395,bluefox645,buyer,4300,0,ShopGoodwill_Orders_2026-09.xlsx,164,1499,200,1
shopgoodwill:SG-883467:sale,shopgoodwill,shopgoodwill,sale,2026-09-05,SG-883467,sunnyfinds665,buyer,4700,0,ShopGoodwill_Orders_2026-09.xlsx,165,1499,200,1
shopgoodwill:SG-883438:sale,shopgoodwill,shopgoodwill,sale,2026-09-05,SG-883438,happyriver286,buyer,1400,0,ShopGoodwill_Orders_2026-09.xlsx,166,1299,200,1
shopgoodwill:SG-883454:sale,shopgoodwill,shopgoodwill,sale,2026-09-05,SG-883454,sunnybear258,buyer,900,0,ShopGoodwill_Orders_2026-09.xlsx,167,899,200,1
shopgoodwill:SG-883458:sale,shopgoodwill,shopgoodwill,sale,2026-09-05,SG-883458,rustymaple702,buyer,3300,0,ShopGoodwill_Orders_2026-09.xlsx,168,1099,200,1
shopgoodwill:SG-883443:sale,shopgoodwill,shopgoodwill,sale,2026-09-05,SG-883443,rustybear940,buyer,1200,0,ShopGoodwill_Orders_2026-09.xlsx,169,1099,200,1
shopgoodwill:SG-883455:sale,shopgoodwill,shopgoodwill,sale,2026-09-05,SG-883455,rustymaple702,buyer,1000,0,ShopGoodwill_Orders_2026-09.xlsx,170,1299,200,1
shopgoodwill:SG-883396:sale,shopgoodwill,shopgoodwill,sale,2026-09-05,SG-883396,sunnypicker573,buyer,4000,0,ShopGoodwill_Orders_2026-09.xlsx,171,1299,200,1
shopgoodwill:SG-883452:sale,shopgoodwill,shopgoodwill,sale,2026-09-05,SG-883452,sunnymaple931,buyer,8700,0,ShopGoodwill_Orders_2026-09.xlsx,172,899,200,1
shopgoodwill:SG-883432:sale,shopgoodwill,shopgoodwill,sale,2026-09-05,SG-883432,quietriver554,buyer,2700,0,ShopGoodwill_Orders_2026-09.xlsx,173,899,200,1
shopgoodwill:SG-883422:sale,shopgoodwill,shopgoodwill,sale,2026-09-05,SG-883422,rustyfinds694,buyer,1000,0,ShopGoodwill_Orders_2026-09.xlsx,174,1299,200,1
shopgoodwill:SG-883447:sale,shopgoodwill,shopgoodwill,sale,2026-09-05,SG-883447,happybear910,buyer,5000,0,ShopGoodwill_Orders_2026-09.xlsx,175,1499,200,1
shopgoodwill:SG-883420:sale,shopgoodwill,shopgoodwill,sale,2026-09-05,SG-883420,sunnyfinds591,buyer,1800,0,ShopGoodwill_Orders_2026-09.xlsx,176,1099,200,1
shopgoodwill:SG-883442:sale,shopgoodwill,shopgoodwill,sale,2026-09-05,SG-883442,sunnyriver115,buyer,2600,0,ShopGoodwill_Orders_2026-09.xlsx,177,1099,200,1
shopgoodwill:SG-883419:sale,shopgoodwill,shopgoodwill,sale,2026-09-05,SG-883419,bluefox91,buyer,1700,0,ShopGoodwill_Orders_2026-09.xlsx,178,1499,200,1
shopgoodwill:SG-883459:sale,shopgoodwill,shopgoodwill,sale,2026-09-05,SG-883459,swiftfinds234,buyer,7400,0,ShopGoodwill_Orders_2026-09.xlsx,179,899,200,1
shopgoodwill:SG-883462:sale,shopgoodwill,shopgoodwill,sale,2026-09-05,SG-883462,quietriver207,buyer,3100,0,ShopGoodwill_Orders_2026-09.xlsx,180,1499,200,1
shopgoodwill:SG-883405:sale,shopgoodwill,shopgoodwill,sale,2026-09-05,SG-883405,quietthrift313,buyer,4400,0,ShopGoodwill_Orders_2026-09.xlsx,181,1099,200,1
shopgoodwill:SG-883440:sale,shopgoodwill,shopgoodwill,sale,2026-09-05,SG-883440,rustyfox765,buyer,4600,0,ShopGoodwill_Orders_2026-09.xlsx,182,899,200,1
shopgoodwill:SG-883503:sale,shopgoodwill,shopgoodwill,sale,2026-09-06,SG-883503,happypicker852,buyer,3400,0,ShopGoodwill_Orders_2026-09.xlsx,183,899,200,1
shopgoodwill:SG-883520:sale,shopgoodwill,shopgoodwill,sale,2026-09-06,SG-883520,swiftmaple653,buyer,6500,0,ShopGoodwill_Orders_2026-09.xlsx,184,1099,200,1
shopgoodwill:SG-883539:sale,shopgoodwill,shopgoodwill,sale,2026-09-06,SG-883539,retropicker448,buyer,1400,0,ShopGoodwill_Orders_2026-09.xlsx,185,1099,200,1
shopgoodwill:SG-883496:sale,shopgoodwill,shopgoodwill,sale,2026-09-06,SG-883496,retrothrift613,buyer,7100,0,ShopGoodwill_Orders_2026-09.xlsx,186,1499,200,1
shopgoodwill:SG-883570:sale,shopgoodwill,shopgoodwill,sale,2026-09-06,SG-883570,sunnyfox556,buyer,2900,0,ShopGoodwill_Orders_2026-09.xlsx,187,1499,200,1
shopgoodwill:SG-883562:sale,shopgoodwill,shopgoodwill,sale,2026-09-06,SG-883562,rustyriver353,buyer,6000,0,ShopGoodwill_Orders_2026-09.xlsx,188,1099,200,1
shopgoodwill:SG-883548:sale,shopgoodwill,shopgoodwill,sale,2026-09-06,SG-883548,goldenhound930,buyer,3100,0,ShopGoodwill_Orders_2026-09.xlsx,189,1299,200,1
shopgoodwill:SG-883546:sale,shopgoodwill,shopgoodwill,sale,2026-09-06,SG-883546,retrothrift613,buyer,3100,0,ShopGoodwill_Orders_2026-09.xlsx,190,1099,200,1
shopgoodwill:SG-883536:sale,shopgoodwill,shopgoodwill,sale,2026-09-06,SG-883536,northriver733,buyer,6900,0,ShopGoodwill_Orders_2026-09.xlsx,191,1499,200,1
shopgoodwill:SG-883490:sale,shopgoodwill,shopgoodwill,sale,2026-09-06,SG-883490,luckyriver25,buyer,3800,0,ShopGoodwill_Orders_2026-09.xlsx,192,1499,200,1
shopgoodwill:SG-883522:sale,shopgoodwill,shopgoodwill,sale,2026-09-06,SG-883522,happymaple9,buyer,1700,0,ShopGoodwill_Orders_2026-09.xlsx,193,1299,200,1
shopgoodwill:SG-883552:sale,shopgoodwill,shopgoodwill,sale,2026-09-06,SG-883552,retrofox189,buyer,3900,0,ShopGoodwill_Orders_2026-09.xlsx,194,1299,200,1
shopgoodwill:SG-883582:sale,shopgoodwill,shopgoodwill,sale,2026-09-06,SG-883582,rustythrift48,buyer,18900,0,ShopGoodwill_Orders_2026-09.xlsx,195,1499,200,1
shopgoodwill:SG-883564:sale,shopgoodwill,shopgoodwill,sale,2026-09-06,SG-883564,swiftmaple442,buyer,1800,0,ShopGoodwill_Orders_2026-09.xlsx,196,1099,200,1
shopgoodwill:SG-883579:sale,shopgoodwill,shopgoodwill,sale,2026-09-06,SG-883579,sunnyfox622,buyer,1100,0,ShopGoodwill_Orders_2026-09.xlsx,197,1499,200,1
shopgoodwill:SG-883516:sale,shopgoodwill,shopgoodwill,sale,2026-09-06,SG-883516,retrofox929,buyer,3500,0,ShopGoodwill_Orders_2026-09.xlsx,198,1099,200,1
shopgoodwill:SG-883518:sale,shopgoodwill,shopgoodwill,sale,2026-09-06,SG-883518,quietfinds697,buyer,1800,0,ShopGoodwill_Orders_2026-09.xlsx,199,1099,200,1
shopgoodwill:SG-883493:sale,shopgoodwill,shopgoodwill,sale,2026-09-06,SG-883493,quietowl201,buyer,1800,0,ShopGoodwill_Orders_2026-09.xlsx,200,1299,200,1
shopgoodwill:SG-883554:sale,shopgoodwill,shopgoodwill,sale,2026-09-06,SG-883554,northdeals658,buyer,4800,0,ShopGoodwill_Orders_2026-09.xlsx,201,1499,200,1
shopgoodwill:SG-883474:sale,shopgoodwill,shopgoodwill,sale,2026-09-06,SG-883474,rustymaple702,buyer,5900,0,ShopGoodwill_Orders_2026-09.xlsx,202,1099,200,1
shopgoodwill:SG-883568:sale,shopgoodwill,shopgoodwill,sale,2026-09-06,SG-883568,retrohound328,buyer,1800,0,ShopGoodwill_Orders_2026-09.xlsx,203,1499,200,1
shopgoodwill:SG-883553:sale,shopgoodwill,shopgoodwill,sale,2026-09-06,SG-883553,happypicker852,buyer,2900,0,ShopGoodwill_Orders_2026-09.xlsx,204,899,200,1
shopgoodwill:SG-883533:sale,shopgoodwill,shopgoodwill,sale,2026-09-06,SG-883533,quietriver270,buyer,5000,0,ShopGoodwill_Orders_2026-09.xlsx,205,1499,200,1
shopgoodwill:SG-883571:sale,shopgoodwill,shopgoodwill,sale,2026-09-06,SG-883571,rustybear960,buyer,3500,0,ShopGoodwill_Orders_2026-09.xlsx,206,899,200,1
shopgoodwill:SG-883578:sale,shopgoodwill,shopgoodwill,sale,2026-09-06,SG-883578,bluethrift664,buyer,3700,0,ShopGoodwill_Orders_2026-09.xlsx,207,899,200,1
shopgoodwill:SG-883509:sale,shopgoodwill,shopgoodwill,sale,2026-09-06,SG-883509,northpicker925,buyer,2600,0,ShopGoodwill_Orders_2026-09.xlsx,208,899,200,1
shopgoodwill:SG-883574:sale,shopgoodwill,shopgoodwill,sale,2026-09-06,SG-883574,bluefox645,buyer,4600,0,ShopGoodwill_Orders_2026-09.xlsx,209,899,200,1
shopgoodwill:SG-883485:sale,shopgoodwill,shopgoodwill,sale,2026-09-06,SG-883485,happyfox155,buyer,1500,0,ShopGoodwill_Orders_2026-09.xlsx,210,1499,200,1
shopgoodwill:SG-883529:sale,shopgoodwill,shopgoodwill,sale,2026-09-06,SG-883529,quietdeals153,buyer,500,0,ShopGoodwill_Orders_2026-09.xlsx,211,899,200,1
shopgoodwill:SG-883558:sale,shopgoodwill,shopgoodwill,sale,2026-09-06,SG-883558,goldenbear150,buyer,3200,0,ShopGoodwill_Orders_2026-09.xlsx,212,1099,200,1
shopgoodwill:SG-883515:sale,shopgoodwill,shopgoodwill,sale,2026-09-06,SG-883515,goldenowl339,buyer,700,0,ShopGoodwill_Orders_2026-09.xlsx,213,1499,200,1
shopgoodwill:SG-883480:sale,shopgoodwill,shopgoodwill,sale,2026-09-06,SG-883480,bluehound170,buyer,4500,0,ShopGoodwill_Orders_2026-09.xlsx,214,1299,200,1
shopgoodwill:SG-883476:sale,shopgoodwill,shopgoodwill,sale,2026-09-06,SG-883476,rustybear248,buyer,2500,0,ShopGoodwill_Orders_2026-09.xlsx,215,1099,200,1
shopgoodwill:SG-883525:sale,shopgoodwill,shopgoodwill,sale,2026-09-06,SG-883525,happypicker219,buyer,1300,0,ShopGoodwill_Orders_2026-09.xlsx,216,899,200,1
shopgoodwill:SG-883507:sale,shopgoodwill,shopgoodwill,sale,2026-09-06,SG-883507,goldenhound277,buyer,1800,0,ShopGoodwill_Orders_2026-09.xlsx,217,1299,200,1
shopgoodwill:SG-883512:sale,shopgoodwill,shopgoodwill,sale,2026-09-06,SG-883512,swiftmaple442,buyer,2000,0,ShopGoodwill_Orders_2026-09.xlsx,218,1499,200,1
shopgoodwill:SG-883542:sale,shopgoodwill,shopgoodwill,sale,2026-09-06,SG-883542,sunnyowl410,buyer,6400,0,ShopGoodwill_Orders_2026-09.xlsx,219,1299,200,1
shopgoodwill:SG-883489:sale,shopgoodwill,shopgoodwill,sale,2026-09-06,SG-883489,swiftfox947,buyer,3200,0,ShopGoodwill_Orders_2026-09.xlsx,220,1099,200,1
shopgoodwill:SG-883514:sale,shopgoodwill,shopgoodwill,sale,2026-09-06,SG-883514,quietriver270,buyer,3400,0,ShopGoodwill_Orders_2026-09.xlsx,221,1299,200,1
shopgoodwill:SG-883481:sale,shopgoodwill,shopgoodwill,sale,2026-09-06,SG-883481,retrothrift571,buyer,2400,0,ShopGoodwill_Orders_2026-09.xlsx,222,1099,200,1
shopgoodwill:SG-883499:sale,shopgoodwill,shopgoodwill,sale,2026-09-06,SG-883499,sunnythrift739,buyer,2700,0,ShopGoodwill_Orders_2026-09.xlsx,223,1099,200,1
shopgoodwill:SG-883655:sale,shopgoodwill,shopgoodwill,sale,2026-09-07,SG-883655,swiftdeals534,buyer,1000,0,ShopGoodwill_Orders_2026-09.xlsx,224,1099,200,1
shopgoodwill:SG-883624:sale,shopgoodwill,shopgoodwill,sale,2026-09-07,SG-883624,goldendeals798,buyer,800,0,ShopGoodwill_Orders_2026-09.xlsx,225,1299,200,1
shopgoodwill:SG-883617:sale,shopgoodwill,shopgoodwill,sale,2026-09-07,SG-883617,goldendeals798,buyer,3500,0,ShopGoodwill_Orders_2026-09.xlsx,226,899,200,1
shopgoodwill:SG-883610:sale,shopgoodwill,shopgoodwill,sale,2026-09-07,SG-883610,happyfox570,buyer,1200,0,ShopGoodwill_Orders_2026-09.xlsx,227,1499,200,1
shopgoodwill:SG-883621:sale,shopgoodwill,shopgoodwill,sale,2026-09-07,SG-883621,sunnydeals740,buyer,6300,0,ShopGoodwill_Orders_2026-09.xlsx,228,899,200,1
shopgoodwill:SG-883631:sale,shopgoodwill,shopgoodwill,sale,2026-09-07,SG-883631,bluethrift664,buyer,1900,0,ShopGoodwill_Orders_2026-09.xlsx,229,1299,200,1
shopgoodwill:SG-883633:sale,shopgoodwill,shopgoodwill,sale,2026-09-07,SG-883633,rustypicker237,buyer,3400,0,ShopGoodwill_Orders_2026-09.xlsx,230,1099,200,1
shopgoodwill:SG-883666:sale,shopgoodwill,shopgoodwill,sale,2026-09-07,SG-883666,quietfox686,buyer,1800,0,ShopGoodwill_Orders_2026-09.xlsx,231,899,200,1
shopgoodwill:SG-883590:sale,shopgoodwill,shopgoodwill,sale,2026-09-07,SG-883590,bluethrift664,buyer,4400,0,ShopGoodwill_Orders_2026-09.xlsx,232,1499,200,1
shopgoodwill:SG-883606:sale,shopgoodwill,shopgoodwill,sale,2026-09-07,SG-883606,quietdeals751,buyer,9600,0,ShopGoodwill_Orders_2026-09.xlsx,233,899,200,1
shopgoodwill:SG-883634:sale,shopgoodwill,shopgoodwill,sale,2026-09-07,SG-883634,sunnythrift542,buyer,1200,0,ShopGoodwill_Orders_2026-09.xlsx,234,1299,200,1
shopgoodwill:SG-883667:sale,shopgoodwill,shopgoodwill,sale,2026-09-07,SG-883667,sunnyfox556,buyer,4700,0,ShopGoodwill_Orders_2026-09.xlsx,235,1299,200,1
shopgoodwill:SG-883654:sale,shopgoodwill,shopgoodwill,sale,2026-09-07,SG-883654,swifthound540,buyer,8900,0,ShopGoodwill_Orders_2026-09.xlsx,236,1299,200,1
shopgoodwill:SG-883636:sale,shopgoodwill,shopgoodwill,sale,2026-09-07,SG-883636,rustyhound434,buyer,2300,0,ShopGoodwill_Orders_2026-09.xlsx,237,899,200,1
shopgoodwill:SG-883618:sale,shopgoodwill,shopgoodwill,sale,2026-09-07,SG-883618,retrobear241,buyer,2800,0,ShopGoodwill_Orders_2026-09.xlsx,238,1299,200,1
shopgoodwill:SG-883659:sale,shopgoodwill,shopgoodwill,sale,2026-09-07,SG-883659,sunnyfinds665,buyer,2200,0,ShopGoodwill_Orders_2026-09.xlsx,239,1499,200,1
shopgoodwill:SG-883662:sale,shopgoodwill,shopgoodwill,sale,2026-09-07,SG-883662,luckyriver25,buyer,3300,0,ShopGoodwill_Orders_2026-09.xlsx,240,899,200,1
shopgoodwill:SG-883637:sale,shopgoodwill,shopgoodwill,sale,2026-09-07,SG-883637,retroowl766,buyer,2200,0,ShopGoodwill_Orders_2026-09.xlsx,241,1299,200,1
shopgoodwill:SG-883627:sale,shopgoodwill,shopgoodwill,sale,2026-09-07,SG-883627,rustyowl451,buyer,3600,0,ShopGoodwill_Orders_2026-09.xlsx,242,1299,200,1
shopgoodwill:SG-883614:sale,shopgoodwill,shopgoodwill,sale,2026-09-07,SG-883614,luckydeals969,buyer,1100,0,ShopGoodwill_Orders_2026-09.xlsx,243,1099,200,1
shopgoodwill:SG-883647:sale,shopgoodwill,shopgoodwill,sale,2026-09-07,SG-883647,happyhound494,buyer,1300,0,ShopGoodwill_Orders_2026-09.xlsx,244,1499,200,1
shopgoodwill:SG-883658:sale,shopgoodwill,shopgoodwill,sale,2026-09-07,SG-883658,luckybear857,buyer,900,0,ShopGoodwill_Orders_2026-09.xlsx,245,1499,200,1
shopgoodwill:SG-883650:sale,shopgoodwill,shopgoodwill,sale,2026-09-07,SG-883650,quietfinds999,buyer,2000,0,ShopGoodwill_Orders_2026-09.xlsx,246,1499,200,1
shopgoodwill:SG-883602:sale,shopgoodwill,shopgoodwill,sale,2026-09-07,SG-883602,swiftfox188,buyer,8300,0,ShopGoodwill_Orders_2026-09.xlsx,247,1299,200,1
shopgoodwill:SG-883643:sale,shopgoodwill,shopgoodwill,sale,2026-09-07,SG-883643,goldenfinds282,buyer,1600,0,ShopGoodwill_Orders_2026-09.xlsx,248,899,200,1
shopgoodwill:SG-883599:sale,shopgoodwill,shopgoodwill,sale,2026-09-07,SG-883599,happyowl530,buyer,1400,0,ShopGoodwill_Orders_2026-09.xlsx,249,1299,200,1
shopgoodwill:SG-883626:sale,shopgoodwill,shopgoodwill,sale,2026-09-07,SG-883626,happydeals860,buyer,15300,0,ShopGoodwill_Orders_2026-09.xlsx,250,899,200,1
shopgoodwill:SG-883605:sale,shopgoodwill,shopgoodwill,sale,2026-09-07,SG-883605,rustythrift48,buyer,900,0,ShopGoodwill_Orders_2026-09.xlsx,251,1499,200,1
shopgoodwill:SG-883596:sale,shopgoodwill,shopgoodwill,sale,2026-09-07,SG-883596,sunnyfox561,buyer,2500,0,ShopGoodwill_Orders_2026-09.xlsx,252,1099,200,1
shopgoodwill:SG-883592:sale,shopgoodwill,shopgoodwill,sale,2026-09-07,SG-883592,sunnydeals747,buyer,1500,0,ShopGoodwill_Orders_2026-09.xlsx,253,1299,200,1
shopgoodwill:SG-883644:sale,shopgoodwill,shopgoodwill,sale,2026-09-07,SG-883644,rustyfox244,buyer,3000,0,ShopGoodwill_Orders_2026-09.xlsx,254,1499,200,1
shopgoodwill:SG-883641:sale,shopgoodwill,shopgoodwill,sale,2026-09-07,SG-883641,bluedeals43,buyer,3100,0,ShopGoodwill_Orders_2026-09.xlsx,255,899,200,1
shopgoodwill:SG-883586:sale,shopgoodwill,shopgoodwill,sale,2026-09-07,SG-883586,quiethound442,buyer,8100,0,ShopGoodwill_Orders_2026-09.xlsx,256,1099,200,1
shopgoodwill:SG-883700:sale,shopgoodwill,shopgoodwill,sale,2026-09-08,SG-883700,happyowl698,buyer,10500,0,ShopGoodwill_Orders_2026-09.xlsx,257,1099,200,1
shopgoodwill:SG-883753:sale,shopgoodwill,shopgoodwill,sale,2026-09-08,SG-883753,swiftpicker150,buyer,1500,0,ShopGoodwill_Orders_2026-09.xlsx,258,1099,200,1
shopgoodwill:SG-883758:sale,shopgoodwill,shopgoodwill,sale,2026-09-08,SG-883758,sunnydeals740,buyer,5700,0,ShopGoodwill_Orders_2026-09.xlsx,259,899,200,1
shopgoodwill:SG-883771:sale,shopgoodwill,shopgoodwill,sale,2026-09-08,SG-883771,sunnyfinds636,buyer,1400,0,ShopGoodwill_Orders_2026-09.xlsx,260,1499,200,1
shopgoodwill:SG-883728:sale,shopgoodwill,shopgoodwill,sale,2026-09-08,SG-883728,quietthrift313,buyer,2200,0,ShopGoodwill_Orders_2026-09.xlsx,261,899,200,1
shopgoodwill:SG-883756:sale,shopgoodwill,shopgoodwill,sale,2026-09-08,SG-883756,happypicker852,buyer,2700,0,ShopGoodwill_Orders_2026-09.xlsx,262,1299,200,1
shopgoodwill:SG-883731:sale,shopgoodwill,shopgoodwill,sale,2026-09-08,SG-883731,bluehound290,buyer,2000,0,ShopGoodwill_Orders_2026-09.xlsx,263,1499,200,1
shopgoodwill:SG-883671:sale,shopgoodwill,shopgoodwill,sale,2026-09-08,SG-883671,happydeals149,buyer,3400,0,ShopGoodwill_Orders_2026-09.xlsx,264,899,200,1
shopgoodwill:SG-883725:sale,shopgoodwill,shopgoodwill,sale,2026-09-08,SG-883725,retroowl844,buyer,1700,0,ShopGoodwill_Orders_2026-09.xlsx,265,1099,200,1
shopgoodwill:SG-883742:sale,shopgoodwill,shopgoodwill,sale,2026-09-08,SG-883742,quiethound605,buyer,4000,0,ShopGoodwill_Orders_2026-09.xlsx,266,899,200,1
shopgoodwill:SG-883734:sale,shopgoodwill,shopgoodwill,sale,2026-09-08,SG-883734,quietowl255,buyer,5800,0,ShopGoodwill_Orders_2026-09.xlsx,267,1099,200,1
shopgoodwill:SG-883721:sale,shopgoodwill,shopgoodwill,sale,2026-09-08,SG-883721,happyfinds531,buyer,1000,0,ShopGoodwill_Orders_2026-09.xlsx,268,899,200,1
shopgoodwill:SG-883761:sale,shopgoodwill,shopgoodwill,sale,2026-09-08,SG-883761,happyowl698,buyer,4500,0,ShopGoodwill_Orders_2026-09.xlsx,269,1099,200,1
shopgoodwill:SG-883670:sale,shopgoodwill,shopgoodwill,sale,2026-09-08,SG-883670,bluehound290,buyer,3900,0,ShopGoodwill_Orders_2026-09.xlsx,270,1099,200,1
shopgoodwill:SG-883738:sale,shopgoodwill,shopgoodwill,sale,2026-09-08,SG-883738,quietowl201,buyer,600,0,ShopGoodwill_Orders_2026-09.xlsx,271,1499,200,1
shopgoodwill:SG-883683:sale,shopgoodwill,shopgoodwill,sale,2026-09-08,SG-883683,rustybear248,buyer,1500,0,ShopGoodwill_Orders_2026-09.xlsx,272,899,200,1
shopgoodwill:SG-883750:sale,shopgoodwill,shopgoodwill,sale,2026-09-08,SG-883750,retrofox929,buyer,3100,0,ShopGoodwill_Orders_2026-09.xlsx,273,1099,200,1
shopgoodwill:SG-883696:sale,shopgoodwill,shopgoodwill,sale,2026-09-08,SG-883696,swiftdeals627,buyer,2200,0,ShopGoodwill_Orders_2026-09.xlsx,274,1499,200,1
shopgoodwill:SG-883716:sale,shopgoodwill,shopgoodwill,sale,2026-09-08,SG-883716,sunnyowl410,buyer,700,0,ShopGoodwill_Orders_2026-09.xlsx,275,1299,200,1
shopgoodwill:SG-883704:sale,shopgoodwill,shopgoodwill,sale,2026-09-08,SG-883704,sunnymaple889,buyer,3000,0,ShopGoodwill_Orders_2026-09.xlsx,276,1099,200,1
shopgoodwill:SG-883706:sale,shopgoodwill,shopgoodwill,sale,2026-09-08,SG-883706,northbear492,buyer,1600,0,ShopGoodwill_Orders_2026-09.xlsx,277,1299,200,1
shopgoodwill:SG-883677:sale,shopgoodwill,shopgoodwill,sale,2026-09-08,SG-883677,happydeals149,buyer,4200,0,ShopGoodwill_Orders_2026-09.xlsx,278,899,200,1
shopgoodwill:SG-883692:sale,shopgoodwill,shopgoodwill,sale,2026-09-08,SG-883692,quietbear853,buyer,2500,0,ShopGoodwill_Orders_2026-09.xlsx,279,1299,200,1
shopgoodwill:SG-883764:sale,shopgoodwill,shopgoodwill,sale,2026-09-08,SG-883764,luckyfinds317,buyer,4600,0,ShopGoodwill_Orders_2026-09.xlsx,280,1299,200,1
shopgoodwill:SG-883690:sale,shopgoodwill,shopgoodwill,sale,2026-09-08,SG-883690,swiftowl491,buyer,2900,0,ShopGoodwill_Orders_2026-09.xlsx,281,1499,200,1
shopgoodwill:SG-883679:sale,shopgoodwill,shopgoodwill,sale,2026-09-08,SG-883679,sunnypicker573,buyer,2300,0,ShopGoodwill_Orders_2026-09.xlsx,282,1299,200,1
shopgoodwill:SG-883686:sale,shopgoodwill,shopgoodwill,sale,2026-09-08,SG-883686,retrothrift752,buyer,1500,0,ShopGoodwill_Orders_2026-09.xlsx,283,1099,200,1
shopgoodwill:SG-883713:sale,shopgoodwill,shopgoodwill,sale,2026-09-08,SG-883713,sunnymaple931,buyer,1100,0,ShopGoodwill_Orders_2026-09.xlsx,284,1499,200,1
shopgoodwill:SG-883709:sale,shopgoodwill,shopgoodwill,sale,2026-09-08,SG-883709,swiftmaple442,buyer,7000,0,ShopGoodwill_Orders_2026-09.xlsx,285,899,200,1
shopgoodwill:SG-883720:sale,shopgoodwill,shopgoodwill,sale,2026-09-08,SG-883720,sunnyfox556,buyer,3200,0,ShopGoodwill_Orders_2026-09.xlsx,286,1099,200,1
shopgoodwill:SG-883701:sale,shopgoodwill,shopgoodwill,sale,2026-09-08,SG-883701,norththrift292,buyer,2500,0,ShopGoodwill_Orders_2026-09.xlsx,287,1099,200,1
shopgoodwill:SG-883768:sale,shopgoodwill,shopgoodwill,sale,2026-09-08,SG-883768,goldenthrift189,buyer,3200,0,ShopGoodwill_Orders_2026-09.xlsx,288,1299,200,1
shopgoodwill:SG-883675:sale,shopgoodwill,shopgoodwill,sale,2026-09-08,SG-883675,happydeals583,buyer,500,0,ShopGoodwill_Orders_2026-09.xlsx,289,1499,200,1
shopgoodwill:SG-883746:sale,shopgoodwill,shopgoodwill,sale,2026-09-08,SG-883746,luckydeals969,buyer,2500,0,ShopGoodwill_Orders_2026-09.xlsx,290,1499,200,1
shopgoodwill:SG-883712:sale,shopgoodwill,shopgoodwill,sale,2026-09-08,SG-883712,luckybear997,buyer,4500,0,ShopGoodwill_Orders_2026-09.xlsx,291,1099,200,1
shopgoodwill:SG-883724:sale,shopgoodwill,shopgoodwill,sale,2026-09-08,SG-883724,goldenfinds169,buyer,2400,0,ShopGoodwill_Orders_2026-09.xlsx,292,1499,200,1
shopgoodwill:SG-883737:sale,shopgoodwill,shopgoodwill,sale,2026-09-08,SG-883737,swifthound540,buyer,2100,0,ShopGoodwill_Orders_2026-09.xlsx,293,899,200,1
shopgoodwill:SG-883811:sale,shopgoodwill,shopgoodwill,sale,2026-09-09,SG-883811,sunnypicker573,buyer,1300,0,ShopGoodwill_Orders_2026-09.xlsx,294,1099,200,1
shopgoodwill:SG-883829:sale,shopgoodwill,shopgoodwill,sale,2026-09-09,SG-883829,retrohound328,buyer,10400,0,ShopGoodwill_Orders_2026-09.xlsx,295,1099,200,1
shopgoodwill:SG-883803:sale,shopgoodwill,shopgoodwill,sale,2026-09-09,SG-883803,goldenthrift506,buyer,4500,0,ShopGoodwill_Orders_2026-09.xlsx,296,1099,200,1
shopgoodwill:SG-883792:sale,shopgoodwill,shopgoodwill,sale,2026-09-09,SG-883792,retrodeals240,buyer,3100,0,ShopGoodwill_Orders_2026-09.xlsx,297,1299,200,1
shopgoodwill:SG-883842:sale,shopgoodwill,shopgoodwill,sale,2026-09-09,SG-883842,sunnyfox622,buyer,8600,0,ShopGoodwill_Orders_2026-09.xlsx,298,899,200,1
shopgoodwill:SG-883796:sale,shopgoodwill,shopgoodwill,sale,2026-09-09,SG-883796,quietbear763,buyer,12000,0,ShopGoodwill_Orders_2026-09.xlsx,299,899,200,1
shopgoodwill:SG-883808:sale,shopgoodwill,shopgoodwill,sale,2026-09-09,SG-883808,happyfinds531,buyer,1800,0,ShopGoodwill_Orders_2026-09.xlsx,300,1299,200,1
shopgoodwill:SG-883784:sale,shopgoodwill,shopgoodwill,sale,2026-09-09,SG-883784,sunnydeals740,buyer,6900,0,ShopGoodwill_Orders_2026-09.xlsx,301,1299,200,1
shopgoodwill:SG-883793:sale,shopgoodwill,shopgoodwill,sale,2026-09-09,SG-883793,northbear492,buyer,600,0,ShopGoodwill_Orders_2026-09.xlsx,302,899,200,1
shopgoodwill:SG-883833:sale,shopgoodwill,shopgoodwill,sale,2026-09-09,SG-883833,northbear492,buyer,1400,0,ShopGoodwill_Orders_2026-09.xlsx,303,1099,200,1
shopgoodwill:SG-883809:sale,shopgoodwill,shopgoodwill,sale,2026-09-09,SG-883809,retrohound328,buyer,3600,0,ShopGoodwill_Orders_2026-09.xlsx,304,899,200,1
shopgoodwill:SG-883836:sale,shopgoodwill,shopgoodwill,sale,2026-09-09,SG-883836,quietpicker145,buyer,3100,0,ShopGoodwill_Orders_2026-09.xlsx,305,1299,200,1
shopgoodwill:SG-883816:sale,shopgoodwill,shopgoodwill,sale,2026-09-09,SG-883816,happyowl916,buyer,8200,0,ShopGoodwill_Orders_2026-09.xlsx,306,1299,200,1
shopgoodwill:SG-883806:sale,shopgoodwill,shopgoodwill,sale,2026-09-09,SG-883806,luckybear997,buyer,1300,0,ShopGoodwill_Orders_2026-09.xlsx,307,1099,200,1
shopgoodwill:SG-883780:sale,shopgoodwill,shopgoodwill,sale,2026-09-09,SG-883780,happymaple239,buyer,3400,0,ShopGoodwill_Orders_2026-09.xlsx,308,899,200,1
shopgoodwill:SG-883841:sale,shopgoodwill,shopgoodwill,sale,2026-09-09,SG-883841,swiftpicker956,buyer,500,0,ShopGoodwill_Orders_2026-09.xlsx,309,1499,200,1
shopgoodwill:SG-883800:sale,shopgoodwill,shopgoodwill,sale,2026-09-09,SG-883800,retroriver346,buyer,2500,0,ShopGoodwill_Orders_2026-09.xlsx,310,1299,200,1
shopgoodwill:SG-883820:sale,shopgoodwill,shopgoodwill,sale,2026-09-09,SG-883820,retrohound328,buyer,6300,0,ShopGoodwill_Orders_2026-09.xlsx,311,1299,200,1
shopgoodwill:SG-883815:sale,shopgoodwill,shopgoodwill,sale,2026-09-09,SG-883815,sunnyfox590,buyer,1500,0,ShopGoodwill_Orders_2026-09.xlsx,312,1499,200,1
shopgoodwill:SG-883774:sale,shopgoodwill,shopgoodwill,sale,2026-09-09,SG-883774,rustyowl451,buyer,4700,0,ShopGoodwill_Orders_2026-09.xlsx,313,1099,200,1
shopgoodwill:SG-883783:sale,shopgoodwill,shopgoodwill,sale,2026-09-09,SG-883783,swiftfinds597,buyer,2200,0,ShopGoodwill_Orders_2026-09.xlsx,314,1299,200,1
shopgoodwill:SG-883779:sale,shopgoodwill,shopgoodwill,sale,2026-09-09,SG-883779,quietbear896,buyer,2900,0,ShopGoodwill_Orders_2026-09.xlsx,315,1299,200,1
shopgoodwill:SG-883822:sale,shopgoodwill,shopgoodwill,sale,2026-09-09,SG-883822,rustyfinds103,buyer,5100,0,ShopGoodwill_Orders_2026-09.xlsx,316,899,200,1
shopgoodwill:SG-883825:sale,shopgoodwill,shopgoodwill,sale,2026-09-09,SG-883825,goldenhound106,buyer,3100,0,ShopGoodwill_Orders_2026-09.xlsx,317,1499,200,1
shopgoodwill:SG-883840:sale,shopgoodwill,shopgoodwill,sale,2026-09-09,SG-883840,sunnypicker821,buyer,2800,0,ShopGoodwill_Orders_2026-09.xlsx,318,899,200,1
shopgoodwill:SG-883824:sale,shopgoodwill,shopgoodwill,sale,2026-09-09,SG-883824,swifthound696,buyer,1600,0,ShopGoodwill_Orders_2026-09.xlsx,319,1499,200,1
shopgoodwill:SG-883777:sale,shopgoodwill,shopgoodwill,sale,2026-09-09,SG-883777,retrofinds594,buyer,1400,0,ShopGoodwill_Orders_2026-09.xlsx,320,1499,200,1
shopgoodwill:SG-883788:sale,shopgoodwill,shopgoodwill,sale,2026-09-09,SG-883788,rustybear940,buyer,3700,0,ShopGoodwill_Orders_2026-09.xlsx,321,899,200,1
shopgoodwill:SG-883932:sale,shopgoodwill,shopgoodwill,sale,2026-09-10,SG-883932,swiftfox885,buyer,3700,0,ShopGoodwill_Orders_2026-09.xlsx,322,1099,200,1
shopgoodwill:SG-883894:sale,shopgoodwill,shopgoodwill,sale,2026-09-10,SG-883894,goldendeals798,buyer,2100,0,ShopGoodwill_Orders_2026-09.xlsx,323,899,200,1
shopgoodwill:SG-883907:sale,shopgoodwill,shopgoodwill,sale,2026-09-10,SG-883907,goldenthrift506,buyer,2200,0,ShopGoodwill_Orders_2026-09.xlsx,324,1499,200,1
shopgoodwill:SG-883923:sale,shopgoodwill,shopgoodwill,sale,2026-09-10,SG-883923,rustythrift50,buyer,5900,0,ShopGoodwill_Orders_2026-09.xlsx,325,1099,200,1
shopgoodwill:SG-883852:sale,shopgoodwill,shopgoodwill,sale,2026-09-10,SG-883852,norththrift327,buyer,7900,0,ShopGoodwill_Orders_2026-09.xlsx,326,899,200,1
shopgoodwill:SG-883849:sale,shopgoodwill,shopgoodwill,sale,2026-09-10,SG-883849,swiftdeals627,buyer,2700,0,ShopGoodwill_Orders_2026-09.xlsx,327,1099,200,1
shopgoodwill:SG-883850:sale,shopgoodwill,shopgoodwill,sale,2026-09-10,SG-883850,happyowl780,buyer,2200,0,ShopGoodwill_Orders_2026-09.xlsx,328,1499,200,1
shopgoodwill:SG-883858:sale,shopgoodwill,shopgoodwill,sale,2026-09-10,SG-883858,retrofox945,buyer,6700,0,ShopGoodwill_Orders_2026-09.xlsx,329,1099,200,1
shopgoodwill:SG-883876:sale,shopgoodwill,shopgoodwill,sale,2026-09-10,SG-883876,rustyhound958,buyer,2000,0,ShopGoodwill_Orders_2026-09.xlsx,330,1299,200,1
shopgoodwill:SG-883890:sale,shopgoodwill,shopgoodwill,sale,2026-09-10,SG-883890,quietfox686,buyer,1400,0,ShopGoodwill_Orders_2026-09.xlsx,331,899,200,1
shopgoodwill:SG-883846:sale,shopgoodwill,shopgoodwill,sale,2026-09-10,SG-883846,goldenfinds282,buyer,1200,0,ShopGoodwill_Orders_2026-09.xlsx,332,1499,200,1
shopgoodwill:SG-883911:sale,shopgoodwill,shopgoodwill,sale,2026-09-10,SG-883911,northdeals393,buyer,4100,0,ShopGoodwill_Orders_2026-09.xlsx,333,1099,200,1
shopgoodwill:SG-883925:sale,shopgoodwill,shopgoodwill,sale,2026-09-10,SG-883925,retroriver972,buyer,2900,0,ShopGoodwill_Orders_2026-09.xlsx,334,1099,200,1
shopgoodwill:SG-883856:sale,shopgoodwill,shopgoodwill,sale,2026-09-10,SG-883856,bluethrift664,buyer,4800,0,ShopGoodwill_Orders_2026-09.xlsx,335,1499,200,1
shopgoodwill:SG-883944:sale,shopgoodwill,shopgoodwill,sale,2026-09-10,SG-883944,blueowl393,buyer,3600,0,ShopGoodwill_Orders_2026-09.xlsx,336,899,200,1
shopgoodwill:SG-883865:sale,shopgoodwill,shopgoodwill,sale,2026-09-10,SG-883865,retrothrift571,buyer,600,0,ShopGoodwill_Orders_2026-09.xlsx,337,1299,200,1
shopgoodwill:SG-883881:sale,shopgoodwill,shopgoodwill,sale,2026-09-10,SG-883881,rustythrift48,buyer,1800,0,ShopGoodwill_Orders_2026-09.xlsx,338,1099,200,1
shopgoodwill:SG-883929:sale,shopgoodwill,shopgoodwill,sale,2026-09-10,SG-883929,rustymaple86,buyer,2800,0,ShopGoodwill_Orders_2026-09.xlsx,339,1499,200,1
shopgoodwill:SG-883906:sale,shopgoodwill,shopgoodwill,sale,2026-09-10,SG-883906,swiftpicker621,buyer,2200,0,ShopGoodwill_Orders_2026-09.xlsx,340,1499,200,1
shopgoodwill:SG-883867:sale,shopgoodwill,shopgoodwill,sale,2026-09-10,SG-883867,retrothrift613,buyer,4400,0,ShopGoodwill_Orders_2026-09.xlsx,341,1299,200,1
shopgoodwill:SG-883862:sale,shopgoodwill,shopgoodwill,sale,2026-09-10,SG-883862,sunnybear338,buyer,1400,0,ShopGoodwill_Orders_2026-09.xlsx,342,1499,200,1
shopgoodwill:SG-883939:sale,shopgoodwill,shopgoodwill,sale,2026-09-10,SG-883939,quietfinds384,buyer,1100,0,ShopGoodwill_Orders_2026-09.xlsx,343,899,200,1
shopgoodwill:SG-883882:sale,shopgoodwill,shopgoodwill,sale,2026-09-10,SG-883882,blueriver129,buyer,2100,0,ShopGoodwill_Orders_2026-09.xlsx,344,899,200,1
shopgoodwill:SG-883854:sale,shopgoodwill,shopgoodwill,sale,2026-09-10,SG-883854,bluedeals937,buyer,5300,0,ShopGoodwill_Orders_2026-09.xlsx,345,1299,200,1
shopgoodwill:SG-883920:sale,shopgoodwill,shopgoodwill,sale,2026-09-10,SG-883920,bluethrift816,buyer,2000,0,ShopGoodwill_Orders_2026-09.xlsx,346,1299,200,1
shopgoodwill:SG-883921:sale,shopgoodwill,shopgoodwill,sale,2026-09-10,SG-883921,quietriver554,buyer,1200,0,ShopGoodwill_Orders_2026-09.xlsx,347,1299,200,1
shopgoodwill:SG-883941:sale,shopgoodwill,shopgoodwill,sale,2026-09-10,SG-883941,quietpicker145,buyer,2900,0,ShopGoodwill_Orders_2026-09.xlsx,348,1499,200,1
shopgoodwill:SG-883872:sale,shopgoodwill,shopgoodwill,sale,2026-09-10,SG-883872,quietdeals751,buyer,2300,0,ShopGoodwill_Orders_2026-09.xlsx,349,1499,200,1
shopgoodwill:SG-883903:sale,shopgoodwill,shopgoodwill,sale,2026-09-10,SG-883903,swiftthrift661,buyer,2400,0,ShopGoodwill_Orders_2026-09.xlsx,350,899,200,1
shopgoodwill:SG-883869:sale,shopgoodwill,shopgoodwill,sale,2026-09-10,SG-883869,retroriver331,buyer,2200,0,ShopGoodwill_Orders_2026-09.xlsx,351,1099,200,1
shopgoodwill:SG-883915:sale,shopgoodwill,shopgoodwill,sale,2026-09-10,SG-883915,rustymaple994,buyer,900,0,ShopGoodwill_Orders_2026-09.xlsx,352,1099,200,1
shopgoodwill:SG-883887:sale,shopgoodwill,shopgoodwill,sale,2026-09-10,SG-883887,quiethound911,buyer,9400,0,ShopGoodwill_Orders_2026-09.xlsx,353,1299,200,1
shopgoodwill:SG-883909:sale,shopgoodwill,shopgoodwill,sale,2026-09-10,SG-883909,swiftowl391,buyer,3100,0,ShopGoodwill_Orders_2026-09.xlsx,354,899,200,1
shopgoodwill:SG-883935:sale,shopgoodwill,shopgoodwill,sale,2026-09-10,SG-883935,luckymaple347,buyer,2300,0,ShopGoodwill_Orders_2026-09.xlsx,355,1499,200,1
shopgoodwill:SG-883900:sale,shopgoodwill,shopgoodwill,sale,2026-09-10,SG-883900,quietriver207,buyer,1900,0,ShopGoodwill_Orders_2026-09.xlsx,356,1099,200,1
shopgoodwill:SG-883918:sale,shopgoodwill,shopgoodwill,sale,2026-09-10,SG-883918,rustyfox594,buyer,6300,0,ShopGoodwill_Orders_2026-09.xlsx,357,1099,200,1
shopgoodwill:SG-883914:sale,shopgoodwill,shopgoodwill,sale,2026-09-10,SG-883914,quietmaple192,buyer,2100,0,ShopGoodwill_Orders_2026-09.xlsx,358,1099,200,1
shopgoodwill:SG-883844:sale,shopgoodwill,shopgoodwill,sale,2026-09-10,SG-883844,swiftfinds234,buyer,4300,0,ShopGoodwill_Orders_2026-09.xlsx,359,899,200,1
shopgoodwill:SG-883931:sale,shopgoodwill,shopgoodwill,sale,2026-09-10,SG-883931,happyriver753,buyer,2200,0,ShopGoodwill_Orders_2026-09.xlsx,360,899,200,1
shopgoodwill:SG-883879:sale,shopgoodwill,shopgoodwill,sale,2026-09-10,SG-883879,blueowl393,buyer,2800,0,ShopGoodwill_Orders_2026-09.xlsx,361,1499,200,1
shopgoodwill:SG-883888:sale,shopgoodwill,shopgoodwill,sale,2026-09-10,SG-883888,swifthound718,buyer,2500,0,ShopGoodwill_Orders_2026-09.xlsx,362,899,200,1
shopgoodwill:SG-883870:sale,shopgoodwill,shopgoodwill,sale,2026-09-10,SG-883870,bluethrift664,buyer,2500,0,ShopGoodwill_Orders_2026-09.xlsx,363,899,200,1
shopgoodwill:SG-883897:sale,shopgoodwill,shopgoodwill,sale,2026-09-10,SG-883897,happyfox570,buyer,1200,0,ShopGoodwill_Orders_2026-09.xlsx,364,1499,200,1
shopgoodwill:SG-883937:sale,shopgoodwill,shopgoodwill,sale,2026-09-10,SG-883937,swiftmaple653,buyer,4700,0,ShopGoodwill_Orders_2026-09.xlsx,365,1099,200,1
shopgoodwill:SG-883886:sale,shopgoodwill,shopgoodwill,sale,2026-09-10,SG-883886,luckydeals227,buyer,1900,0,ShopGoodwill_Orders_2026-09.xlsx,366,899,200,1
shopgoodwill:SG-883877:sale,shopgoodwill,shopgoodwill,sale,2026-09-10,SG-883877,quietowl201,buyer,6400,0,ShopGoodwill_Orders_2026-09.xlsx,367,1299,200,1
shopgoodwill:SG-884010:sale,shopgoodwill,shopgoodwill,sale,2026-09-11,SG-884010,rustybear248,buyer,2100,0,ShopGoodwill_Orders_2026-09.xlsx,368,1499,200,1
shopgoodwill:SG-883982:sale,shopgoodwill,shopgoodwill,sale,2026-09-11,SG-883982,rustyhound958,buyer,2200,0,ShopGoodwill_Orders_2026-09.xlsx,369,899,200,1
shopgoodwill:SG-884063:sale,shopgoodwill,shopgoodwill,sale,2026-09-11,SG-884063,swifthound771,buyer,1000,0,ShopGoodwill_Orders_2026-09.xlsx,370,1299,200,1
shopgoodwill:SG-883999:sale,shopgoodwill,shopgoodwill,sale,2026-09-11,SG-883999,happyhound494,buyer,4500,0,ShopGoodwill_Orders_2026-09.xlsx,371,1499,200,1
shopgoodwill:SG-884067:sale,shopgoodwill,shopgoodwill,sale,2026-09-11,SG-884067,rustybear248,buyer,15600,0,ShopGoodwill_Orders_2026-09.xlsx,372,899,200,1
shopgoodwill:SG-884068:sale,shopgoodwill,shopgoodwill,sale,2026-09-11,SG-884068,goldenfox108,buyer,3700,0,ShopGoodwill_Orders_2026-09.xlsx,373,1099,200,1
shopgoodwill:SG-883958:sale,shopgoodwill,shopgoodwill,sale,2026-09-11,SG-883958,happydeals661,buyer,3000,0,ShopGoodwill_Orders_2026-09.xlsx,374,1099,200,1
shopgoodwill:SG-884022:sale,shopgoodwill,shopgoodwill,sale,2026-09-11,SG-884022,quietpicker858,buyer,11300,0,ShopGoodwill_Orders_2026-09.xlsx,375,1299,200,1
shopgoodwill:SG-884054:sale,shopgoodwill,shopgoodwill,sale,2026-09-11,SG-884054,northhound287,buyer,5000,0,ShopGoodwill_Orders_2026-09.xlsx,376,1499,200,1
shopgoodwill:SG-884017:sale,shopgoodwill,shopgoodwill,sale,2026-09-11,SG-884017,sunnyfox391,buyer,13500,0,ShopGoodwill_Orders_2026-09.xlsx,377,899,200,1
shopgoodwill:SG-884055:sale,shopgoodwill,shopgoodwill,sale,2026-09-11,SG-884055,sunnypicker573,buyer,2800,0,ShopGoodwill_Orders_2026-09.xlsx,378,1099,200,1
shopgoodwill:SG-884042:sale,shopgoodwill,shopgoodwill,sale,2026-09-11,SG-884042,northbear492,buyer,4800,0,ShopGoodwill_Orders_2026-09.xlsx,379,899,200,1
shopgoodwill:SG-883973:sale,shopgoodwill,shopgoodwill,sale,2026-09-11,SG-883973,sunnypicker821,buyer,2700,0,ShopGoodwill_Orders_2026-09.xlsx,380,899,200,1
shopgoodwill:SG-884031:sale,shopgoodwill,shopgoodwill,sale,2026-09-11,SG-884031,goldenfox575,buyer,1200,0,ShopGoodwill_Orders_2026-09.xlsx,381,1499,200,1
shopgoodwill:SG-883947:sale,shopgoodwill,shopgoodwill,sale,2026-09-11,SG-883947,goldenbear150,buyer,5400,0,ShopGoodwill_Orders_2026-09.xlsx,382,1299,200,1
shopgoodwill:SG-884018:sale,shopgoodwill,shopgoodwill,sale,2026-09-11,SG-884018,sunnythrift542,buyer,3300,0,ShopGoodwill_Orders_2026-09.xlsx,383,899,200,1
shopgoodwill:SG-884062:sale,shopgoodwill,shopgoodwill,sale,2026-09-11,SG-884062,quietthrift313,buyer,3800,0,ShopGoodwill_Orders_2026-09.xlsx,384,899,200,1
shopgoodwill:SG-883966:sale,shopgoodwill,shopgoodwill,sale,2026-09-11,SG-883966,retrodeals952,buyer,1700,0,ShopGoodwill_Orders_2026-09.xlsx,385,1299,200,1
shopgoodwill:SG-883994:sale,shopgoodwill,shopgoodwill,sale,2026-09-11,SG-883994,luckypicker932,buyer,2600,0,ShopGoodwill_Orders_2026-09.xlsx,386,1499,200,1
shopgoodwill:SG-883960:sale,shopgoodwill,shopgoodwill,sale,2026-09-11,SG-883960,happythrift947,buyer,3800,0,ShopGoodwill_Orders_2026-09.xlsx,387,1299,200,1
shopgoodwill:SG-884052:sale,shopgoodwill,shopgoodwill,sale,2026-09-11,SG-884052,goldenowl355,buyer,19200,0,ShopGoodwill_Orders_2026-09.xlsx,388,899,200,1
shopgoodwill:SG-884051:sale,shopgoodwill,shopgoodwill,sale,2026-09-11,SG-884051,happypicker705,buyer,1900,0,ShopGoodwill_Orders_2026-09.xlsx,389,1099,200,1
shopgoodwill:SG-884069:sale,shopgoodwill,shopgoodwill,sale,2026-09-11,SG-884069,sunnybear258,buyer,3000,0,ShopGoodwill_Orders_2026-09.xlsx,390,1099,200,1
shopgoodwill:SG-883978:sale,shopgoodwill,shopgoodwill,sale,2026-09-11,SG-883978,quietowl201,buyer,900,0,ShopGoodwill_Orders_2026-09.xlsx,391,1499,200,1
shopgoodwill:SG-884048:sale,shopgoodwill,shopgoodwill,sale,2026-09-11,SG-884048,retrofox431,buyer,2100,0,ShopGoodwill_Orders_2026-09.xlsx,392,899,200,1
shopgoodwill:SG-884058:sale,shopgoodwill,shopgoodwill,sale,2026-09-11,SG-884058,bluefox91,buyer,2100,0,ShopGoodwill_Orders_2026-09.xlsx,393,1099,200,1
shopgoodwill:SG-883996:sale,shopgoodwill,shopgoodwill,sale,2026-09-11,SG-883996,goldenfinds90,buyer,3300,0,ShopGoodwill_Orders_2026-09.xlsx,394,1099,200,1
shopgoodwill:SG-884030:sale,shopgoodwill,shopgoodwill,sale,2026-09-11,SG-884030,swifthound696,buyer,3800,0,ShopGoodwill_Orders_2026-09.xlsx,395,1299,200,1
shopgoodwill:SG-884003:sale,shopgoodwill,shopgoodwill,sale,2026-09-11,SG-884003,northbear492,buyer,2700,0,ShopGoodwill_Orders_2026-09.xlsx,396,899,200,1
shopgoodwill:SG-883977:sale,shopgoodwill,shopgoodwill,sale,2026-09-11,SG-883977,swiftfox837,buyer,1900,0,ShopGoodwill_Orders_2026-09.xlsx,397,1299,200,1
shopgoodwill:SG-884008:sale,shopgoodwill,shopgoodwill,sale,2026-09-11,SG-884008,quietdeals751,buyer,3700,0,ShopGoodwill_Orders_2026-09.xlsx,398,1299,200,1
shopgoodwill:SG-883991:sale,shopgoodwill,shopgoodwill,sale,2026-09-11,SG-883991,goldenbear150,buyer,8000,0,ShopGoodwill_Orders_2026-09.xlsx,399,1299,200,1
shopgoodwill:SG-884014:sale,shopgoodwill,shopgoodwill,sale,2026-09-11,SG-884014,rustybear940,buyer,1700,0,ShopGoodwill_Orders_2026-09.xlsx,400,1499,200,1
shopgoodwill:SG-883953:sale,shopgoodwill,shopgoodwill,sale,2026-09-11,SG-883953,retrodeals240,buyer,7000,0,ShopGoodwill_Orders_2026-09.xlsx,401,1499,200,1
shopgoodwill:SG-884027:sale,shopgoodwill,shopgoodwill,sale,2026-09-11,SG-884027,sunnymaple931,buyer,1400,0,ShopGoodwill_Orders_2026-09.xlsx,402,1499,200,1
shopgoodwill:SG-884023:sale,shopgoodwill,shopgoodwill,sale,2026-09-11,SG-884023,retrothrift613,buyer,2600,0,ShopGoodwill_Orders_2026-09.xlsx,403,1099,200,1
shopgoodwill:SG-883954:sale,shopgoodwill,shopgoodwill,sale,2026-09-11,SG-883954,happythrift947,buyer,5500,0,ShopGoodwill_Orders_2026-09.xlsx,404,1099,200,1
shopgoodwill:SG-884036:sale,shopgoodwill,shopgoodwill,sale,2026-09-11,SG-884036,sunnyriver115,buyer,2400,0,ShopGoodwill_Orders_2026-09.xlsx,405,899,200,1
shopgoodwill:SG-884004:sale,shopgoodwill,shopgoodwill,sale,2026-09-11,SG-884004,rustyfox244,buyer,700,0,ShopGoodwill_Orders_2026-09.xlsx,406,1299,200,1
shopgoodwill:SG-884000:sale,shopgoodwill,shopgoodwill,sale,2026-09-11,SG-884000,happyhound211,buyer,1800,0,ShopGoodwill_Orders_2026-09.xlsx,407,899,200,1
shopgoodwill:SG-883951:sale,shopgoodwill,shopgoodwill,sale,2026-09-11,SG-883951,happybear910,buyer,3300,0,ShopGoodwill_Orders_2026-09.xlsx,408,1099,200,1
shopgoodwill:SG-883959:sale,shopgoodwill,shopgoodwill,sale,2026-09-11,SG-883959,happyhound211,buyer,4000,0,ShopGoodwill_Orders_2026-09.xlsx,409,1099,200,1
shopgoodwill:SG-884040:sale,shopgoodwill,shopgoodwill,sale,2026-09-11,SG-884040,sunnyfox757,buyer,2300,0,ShopGoodwill_Orders_2026-09.xlsx,410,899,200,1
shopgoodwill:SG-884034:sale,shopgoodwill,shopgoodwill,sale,2026-09-11,SG-884034,bluefinds54,buyer,6600,0,ShopGoodwill_Orders_2026-09.xlsx,411,899,200,1
shopgoodwill:SG-883946:sale,shopgoodwill,shopgoodwill,sale,2026-09-11,SG-883946,swiftfinds597,buyer,1500,0,ShopGoodwill_Orders_2026-09.xlsx,412,1099,200,1
shopgoodwill:SG-884007:sale,shopgoodwill,shopgoodwill,sale,2026-09-11,SG-884007,swiftthrift498,buyer,1100,0,ShopGoodwill_Orders_2026-09.xlsx,413,1099,200,1
shopgoodwill:SG-883948:sale,shopgoodwill,shopgoodwill,sale,2026-09-11,SG-883948,retrothrift571,buyer,1300,0,ShopGoodwill_Orders_2026-09.xlsx,414,1499,200,1
shopgoodwill:SG-883945:sale,shopgoodwill,shopgoodwill,sale,2026-09-11,SG-883945,norththrift292,buyer,1300,0,ShopGoodwill_Orders_2026-09.xlsx,415,1499,200,1
shopgoodwill:SG-883988:sale,shopgoodwill,shopgoodwill,sale,2026-09-11,SG-883988,bluehound115,buyer,4300,0,ShopGoodwill_Orders_2026-09.xlsx,416,1499,200,1
shopgoodwill:SG-883984:sale,shopgoodwill,shopgoodwill,sale,2026-09-11,SG-883984,goldenowl339,buyer,4000,0,ShopGoodwill_Orders_2026-09.xlsx,417,1499,200,1
shopgoodwill:SG-884005:sale,shopgoodwill,shopgoodwill,sale,2026-09-11,SG-884005,northowl969,buyer,1600,0,ShopGoodwill_Orders_2026-09.xlsx,418,1099,200,1
shopgoodwill:SG-884050:sale,shopgoodwill,shopgoodwill,sale,2026-09-11,SG-884050,sunnybear338,buyer,2900,0,ShopGoodwill_Orders_2026-09.xlsx,419,1299,200,1
shopgoodwill:SG-884049:sale,shopgoodwill,shopgoodwill,sale,2026-09-11,SG-884049,retropicker448,buyer,4500,0,ShopGoodwill_Orders_2026-09.xlsx,420,1099,200,1
shopgoodwill:SG-884045:sale,shopgoodwill,shopgoodwill,sale,2026-09-11,SG-884045,luckyfox994,buyer,6000,0,ShopGoodwill_Orders_2026-09.xlsx,421,1099,200,1
shopgoodwill:SG-883969:sale,shopgoodwill,shopgoodwill,sale,2026-09-11,SG-883969,swiftthrift661,buyer,1100,0,ShopGoodwill_Orders_2026-09.xlsx,422,1099,200,1
shopgoodwill:SG-883962:sale,shopgoodwill,shopgoodwill,sale,2026-09-11,SG-883962,sunnymaple460,buyer,1500,0,ShopGoodwill_Orders_2026-09.xlsx,423,1299,200,1
shopgoodwill:SG-884001:sale,shopgoodwill,shopgoodwill,sale,2026-09-11,SG-884001,swiftmaple677,buyer,2200,0,ShopGoodwill_Orders_2026-09.xlsx,424,899,200,1
shopgoodwill:SG-884164:sale,shopgoodwill,shopgoodwill,sale,2026-09-12,SG-884164,sunnyriver981,buyer,1500,0,ShopGoodwill_Orders_2026-09.xlsx,425,1099,200,1
shopgoodwill:SG-884120:sale,shopgoodwill,shopgoodwill,sale,2026-09-12,SG-884120,sunnypicker573,buyer,2700,0,ShopGoodwill_Orders_2026-09.xlsx,426,1499,200,1
shopgoodwill:SG-884129:sale,shopgoodwill,shopgoodwill,sale,2026-09-12,SG-884129,swiftpicker956,buyer,3100,0,ShopGoodwill_Orders_2026-09.xlsx,427,899,200,1
shopgoodwill:SG-884108:sale,shopgoodwill,shopgoodwill,sale,2026-09-12,SG-884108,northpicker564,buyer,3000,0,ShopGoodwill_Orders_2026-09.xlsx,428,899,200,1
shopgoodwill:SG-884087:sale,shopgoodwill,shopgoodwill,sale,2026-09-12,SG-884087,retrofinds594,buyer,1700,0,ShopGoodwill_Orders_2026-09.xlsx,429,1499,200,1
shopgoodwill:SG-884155:sale,shopgoodwill,shopgoodwill,sale,2026-09-12,SG-884155,bluedeals43,buyer,5700,0,ShopGoodwill_Orders_2026-09.xlsx,430,1299,200,1
shopgoodwill:SG-884160:sale,shopgoodwill,shopgoodwill,sale,2026-09-12,SG-884160,retromaple234,buyer,2100,0,ShopGoodwill_Orders_2026-09.xlsx,431,1299,200,1
shopgoodwill:SG-884141:sale,shopgoodwill,shopgoodwill,sale,2026-09-12,SG-884141,sunnyfox556,buyer,5400,0,ShopGoodwill_Orders_2026-09.xlsx,432,1499,200,1
shopgoodwill:SG-884089:sale,shopgoodwill,shopgoodwill,sale,2026-09-12,SG-884089,sunnyfox590,buyer,3600,0,ShopGoodwill_Orders_2026-09.xlsx,433,1299,200,1
shopgoodwill:SG-884168:sale,shopgoodwill,shopgoodwill,sale,2026-09-12,SG-884168,sunnythrift739,buyer,6400,0,ShopGoodwill_Orders_2026-09.xlsx,434,1299,200,1
shopgoodwill:SG-884092:sale,shopgoodwill,shopgoodwill,sale,2026-09-12,SG-884092,luckydeals969,buyer,1500,0,ShopGoodwill_Orders_2026-09.xlsx,435,1499,200,1
shopgoodwill:SG-884116:sale,shopgoodwill,shopgoodwill,sale,2026-09-12,SG-884116,rustyhound434,buyer,2200,0,ShopGoodwill_Orders_2026-09.xlsx,436,1299,200,1
shopgoodwill:SG-884123:sale,shopgoodwill,shopgoodwill,sale,2026-09-12,SG-884123,quietbear763,buyer,8000,0,ShopGoodwill_Orders_2026-09.xlsx,437,899,200,1
shopgoodwill:SG-884150:sale,shopgoodwill,shopgoodwill,sale,2026-09-12,SG-884150,happymaple9,buyer,2300,0,ShopGoodwill_Orders_2026-09.xlsx,438,1499,200,1
shopgoodwill:SG-884073:sale,shopgoodwill,shopgoodwill,sale,2026-09-12,SG-884073,retroriver972,buyer,1600,0,ShopGoodwill_Orders_2026-09.xlsx,439,1299,200,1
shopgoodwill:SG-884081:sale,shopgoodwill,shopgoodwill,sale,2026-09-12,SG-884081,happyhound211,buyer,4100,0,ShopGoodwill_Orders_2026-09.xlsx,440,1499,200,1
shopgoodwill:SG-884099:sale,shopgoodwill,shopgoodwill,sale,2026-09-12,SG-884099,swiftfox947,buyer,5200,0,ShopGoodwill_Orders_2026-09.xlsx,441,1299,200,1
shopgoodwill:SG-884095:sale,shopgoodwill,shopgoodwill,sale,2026-09-12,SG-884095,northriver733,buyer,1400,0,ShopGoodwill_Orders_2026-09.xlsx,442,1099,200,1
shopgoodwill:SG-884079:sale,shopgoodwill,shopgoodwill,sale,2026-09-12,SG-884079,bluedeals51,buyer,3100,0,ShopGoodwill_Orders_2026-09.xlsx,443,1099,200,1
shopgoodwill:SG-884156:sale,shopgoodwill,shopgoodwill,sale,2026-09-12,SG-884156,swifthound718,buyer,5700,0,ShopGoodwill_Orders_2026-09.xlsx,444,899,200,1
shopgoodwill:SG-884097:sale,shopgoodwill,shopgoodwill,sale,2026-09-12,SG-884097,quiethound442,buyer,2100,0,ShopGoodwill_Orders_2026-09.xlsx,445,1499,200,1
shopgoodwill:SG-884085:sale,shopgoodwill,shopgoodwill,sale,2026-09-12,SG-884085,quietthrift313,buyer,2800,0,ShopGoodwill_Orders_2026-09.xlsx,446,899,200,1
shopgoodwill:SG-884133:sale,shopgoodwill,shopgoodwill,sale,2026-09-12,SG-884133,happyowl916,buyer,4900,0,ShopGoodwill_Orders_2026-09.xlsx,447,899,200,1
shopgoodwill:SG-884162:sale,shopgoodwill,shopgoodwill,sale,2026-09-12,SG-884162,quiethound911,buyer,2800,0,ShopGoodwill_Orders_2026-09.xlsx,448,899,200,1
shopgoodwill:SG-884143:sale,shopgoodwill,shopgoodwill,sale,2026-09-12,SG-884143,quietfinds697,buyer,1000,0,ShopGoodwill_Orders_2026-09.xlsx,449,1099,200,1
shopgoodwill:SG-884145:sale,shopgoodwill,shopgoodwill,sale,2026-09-12,SG-884145,quietfinds999,buyer,2600,0,ShopGoodwill_Orders_2026-09.xlsx,450,899,200,1
shopgoodwill:SG-884113:sale,shopgoodwill,shopgoodwill,sale,2026-09-12,SG-884113,northdeals658,buyer,5200,0,ShopGoodwill_Orders_2026-09.xlsx,451,1299,200,1
shopgoodwill:SG-884090:sale,shopgoodwill,shopgoodwill,sale,2026-09-12,SG-884090,quietthrift253,buyer,7400,0,ShopGoodwill_Orders_2026-09.xlsx,452,1499,200,1
shopgoodwill:SG-884112:sale,shopgoodwill,shopgoodwill,sale,2026-09-12,SG-884112,sunnythrift739,buyer,8600,0,ShopGoodwill_Orders_2026-09.xlsx,453,899,200,1
shopgoodwill:SG-884076:sale,shopgoodwill,shopgoodwill,sale,2026-09-12,SG-884076,northhound287,buyer,9000,0,ShopGoodwill_Orders_2026-09.xlsx,454,1299,200,1
shopgoodwill:SG-884125:sale,shopgoodwill,shopgoodwill,sale,2026-09-12,SG-884125,rustymaple994,buyer,11100,0,ShopGoodwill_Orders_2026-09.xlsx,455,1299,200,1
shopgoodwill:SG-884074:sale,shopgoodwill,shopgoodwill,sale,2026-09-12,SG-884074,retroowl766,buyer,2000,0,ShopGoodwill_Orders_2026-09.xlsx,456,1299,200,1
shopgoodwill:SG-884171:sale,shopgoodwill,shopgoodwill,sale,2026-09-12,SG-884171,retroowl189,buyer,4500,0,ShopGoodwill_Orders_2026-09.xlsx,457,1499,200,1
shopgoodwill:SG-884105:sale,shopgoodwill,shopgoodwill,sale,2026-09-12,SG-884105,sunnyfox622,buyer,1100,0,ShopGoodwill_Orders_2026-09.xlsx,458,1299,200,1
shopgoodwill:SG-884146:sale,shopgoodwill,shopgoodwill,sale,2026-09-12,SG-884146,goldenfinds234,buyer,4900,0,ShopGoodwill_Orders_2026-09.xlsx,459,1499,200,1
shopgoodwill:SG-884098:sale,shopgoodwill,shopgoodwill,sale,2026-09-12,SG-884098,happyowl530,buyer,1400,0,ShopGoodwill_Orders_2026-09.xlsx,460,1299,200,1
shopgoodwill:SG-884154:sale,shopgoodwill,shopgoodwill,sale,2026-09-12,SG-884154,quietriver554,buyer,800,0,ShopGoodwill_Orders_2026-09.xlsx,461,1499,200,1
shopgoodwill:SG-884159:sale,shopgoodwill,shopgoodwill,sale,2026-09-12,SG-884159,happyhound211,buyer,1900,0,ShopGoodwill_Orders_2026-09.xlsx,462,1499,200,1
shopgoodwill:SG-884138:sale,shopgoodwill,shopgoodwill,sale,2026-09-12,SG-884138,bluepicker259,buyer,2000,0,ShopGoodwill_Orders_2026-09.xlsx,463,899,200,1
shopgoodwill:SG-884088:sale,shopgoodwill,shopgoodwill,sale,2026-09-12,SG-884088,retrohound141,buyer,1600,0,ShopGoodwill_Orders_2026-09.xlsx,464,1299,200,1
shopgoodwill:SG-884134:sale,shopgoodwill,shopgoodwill,sale,2026-09-12,SG-884134,sunnybear258,buyer,1600,0,ShopGoodwill_Orders_2026-09.xlsx,465,1299,200,1
shopgoodwill:SG-884101:sale,shopgoodwill,shopgoodwill,sale,2026-09-12,SG-884101,swiftfox259,buyer,2100,0,ShopGoodwill_Orders_2026-09.xlsx,466,1499,200,1
shopgoodwill:SG-884328:sale,shopgoodwill,shopgoodwill,sale,2026-09-13,SG-884328,happythrift947,buyer,7000,0,ShopGoodwill_Orders_2026-09.xlsx,467,1099,200,1
shopgoodwill:SG-884231:sale,shopgoodwill,shopgoodwill,sale,2026-09-13,SG-884231,blueriver129,buyer,2300,0,ShopGoodwill_Orders_2026-09.xlsx,468,899,200,1
shopgoodwill:SG-884215:sale,shopgoodwill,shopgoodwill,sale,2026-09-13,SG-884215,swiftfox837,buyer,4300,0,ShopGoodwill_Orders_2026-09.xlsx,469,1499,200,1
shopgoodwill:SG-884260:sale,shopgoodwill,shopgoodwill,sale,2026-09-13,SG-884260,retroowl57,buyer,3200,0,ShopGoodwill_Orders_2026-09.xlsx,470,899,200,1
shopgoodwill:SG-884290:sale,shopgoodwill,shopgoodwill,sale,2026-09-13,SG-884290,swiftmaple653,buyer,2400,0,ShopGoodwill_Orders_2026-09.xlsx,471,1099,200,1
shopgoodwill:SG-884255:sale,shopgoodwill,shopgoodwill,sale,2026-09-13,SG-884255,happyowl780,buyer,5000,0,ShopGoodwill_Orders_2026-09.xlsx,472,1499,200,1
shopgoodwill:SG-884304:sale,shopgoodwill,shopgoodwill,sale,2026-09-13,SG-884304,bluethrift67,buyer,2000,0,ShopGoodwill_Orders_2026-09.xlsx,473,1099,200,1
shopgoodwill:SG-884253:sale,shopgoodwill,shopgoodwill,sale,2026-09-13,SG-884253,sunnybear258,buyer,10600,0,ShopGoodwill_Orders_2026-09.xlsx,474,899,200,1
shopgoodwill:SG-884272:sale,shopgoodwill,shopgoodwill,sale,2026-09-13,SG-884272,rustyfox244,buyer,4800,0,ShopGoodwill_Orders_2026-09.xlsx,475,1099,200,1
shopgoodwill:SG-884193:sale,shopgoodwill,shopgoodwill,sale,2026-09-13,SG-884193,happybear910,buyer,5000,0,ShopGoodwill_Orders_2026-09.xlsx,476,1499,200,1
shopgoodwill:SG-884197:sale,shopgoodwill,shopgoodwill,sale,2026-09-13,SG-884197,quietdeals751,buyer,4200,0,ShopGoodwill_Orders_2026-09.xlsx,477,1299,200,1
shopgoodwill:SG-884184:sale,shopgoodwill,shopgoodwill,sale,2026-09-13,SG-884184,happydeals860,buyer,12500,0,ShopGoodwill_Orders_2026-09.xlsx,478,1499,200,1
shopgoodwill:SG-884249:sale,shopgoodwill,shopgoodwill,sale,2026-09-13,SG-884249,retrohound141,buyer,11100,0,ShopGoodwill_Orders_2026-09.xlsx,479,1099,200,1
shopgoodwill:SG-884174:sale,shopgoodwill,shopgoodwill,sale,2026-09-13,SG-884174,retrobear241,buyer,1300,0,ShopGoodwill_Orders_2026-09.xlsx,480,1299,200,1
shopgoodwill:SG-884233:sale,shopgoodwill,shopgoodwill,sale,2026-09-13,SG-884233,northbear492,buyer,9600,0,ShopGoodwill_Orders_2026-09.xlsx,481,1299,200,1
shopgoodwill:SG-884269:sale,shopgoodwill,shopgoodwill,sale,2026-09-13,SG-884269,rustybear940,buyer,1200,0,ShopGoodwill_Orders_2026-09.xlsx,482,1299,200,1
shopgoodwill:SG-884261:sale,shopgoodwill,shopgoodwill,sale,2026-09-13,SG-884261,rustymaple702,buyer,4700,0,ShopGoodwill_Orders_2026-09.xlsx,483,1099,200,1
shopgoodwill:SG-884210:sale,shopgoodwill,shopgoodwill,sale,2026-09-13,SG-884210,goldenthrift506,buyer,2500,0,ShopGoodwill_Orders_2026-09.xlsx,484,1299,200,1
shopgoodwill:SG-884208:sale,shopgoodwill,shopgoodwill,sale,2026-09-13,SG-884208,rustyowl451,buyer,1100,0,ShopGoodwill_Orders_2026-09.xlsx,485,1299,200,1
shopgoodwill:SG-884287:sale,shopgoodwill,shopgoodwill,sale,2026-09-13,SG-884287,bluethrift30,buyer,2000,0,ShopGoodwill_Orders_2026-09.xlsx,486,1099,200,1
shopgoodwill:SG-884244:sale,shopgoodwill,shopgoodwill,sale,2026-09-13,SG-884244,retrofinds594,buyer,1200,0,ShopGoodwill_Orders_2026-09.xlsx,487,1099,200,1
shopgoodwill:SG-884248:sale,shopgoodwill,shopgoodwill,sale,2026-09-13,SG-884248,goldenfinds234,buyer,3700,0,ShopGoodwill_Orders_2026-09.xlsx,488,1299,200,1
shopgoodwill:SG-884310:sale,shopgoodwill,shopgoodwill,sale,2026-09-13,SG-884310,rustyowl451,buyer,2000,0,ShopGoodwill_Orders_2026-09.xlsx,489,899,200,1
shopgoodwill:SG-884282:sale,shopgoodwill,shopgoodwill,sale,2026-09-13,SG-884282,swiftdeals534,buyer,1900,0,ShopGoodwill_Orders_2026-09.xlsx,490,899,200,1
shopgoodwill:SG-884205:sale,shopgoodwill,shopgoodwill,sale,2026-09-13,SG-884205,swifthound540,buyer,2100,0,ShopGoodwill_Orders_2026-09.xlsx,491,1299,200,1
shopgoodwill:SG-884313:sale,shopgoodwill,shopgoodwill,sale,2026-09-13,SG-884313,quietpicker145,buyer,4600,0,ShopGoodwill_Orders_2026-09.xlsx,492,1099,200,1
shopgoodwill:SG-884246:sale,shopgoodwill,shopgoodwill,sale,2026-09-13,SG-884246,rustypicker237,buyer,2100,0,ShopGoodwill_Orders_2026-09.xlsx,493,1499,200,1
shopgoodwill:SG-884294:sale,shopgoodwill,shopgoodwill,sale,2026-09-13,SG-884294,rustymaple702,buyer,3900,0,ShopGoodwill_Orders_2026-09.xlsx,494,1499,200,1
shopgoodwill:SG-884286:sale,shopgoodwill,shopgoodwill,sale,2026-09-13,SG-884286,goldenfinds90,buyer,8000,0,ShopGoodwill_Orders_2026-09.xlsx,495,899,200,1
shopgoodwill:SG-884270:sale,shopgoodwill,shopgoodwill,sale,2026-09-13,SG-884270,rustyfox244,buyer,7100,0,ShopGoodwill_Orders_2026-09.xlsx,496,1099,200,1
shopgoodwill:SG-884316:sale,shopgoodwill,shopgoodwill,sale,2026-09-13,SG-884316,rustyhound958,buyer,1700,0,ShopGoodwill_Orders_2026-09.xlsx,497,1299,200,1
shopgoodwill:SG-884265:sale,shopgoodwill,shopgoodwill,sale,2026-09-13,SG-884265,quietthrift931,buyer,800,0,ShopGoodwill_Orders_2026-09.xlsx,498,1299,200,1
shopgoodwill:SG-884300:sale,shopgoodwill,shopgoodwill,sale,2026-09-13,SG-884300,sunnydeals996,buyer,2700,0,ShopGoodwill_Orders_2026-09.xlsx,499,1499,200,1
shopgoodwill:SG-884227:sale,shopgoodwill,shopgoodwill,sale,2026-09-13,SG-884227,goldenthrift189,buyer,800,0,ShopGoodwill_Orders_2026-09.xlsx,500,1499,200,1
shopgoodwill:SG-884188:sale,shopgoodwill,shopgoodwill,sale,2026-09-13,SG-884188,rustyowl451,buyer,2000,0,ShopGoodwill_Orders_2026-09.xlsx,501,1099,200,1
shopgoodwill:SG-884240:sale,shopgoodwill,shopgoodwill,sale,2026-09-13,SG-884240,happymaple239,buyer,2800,0,ShopGoodwill_Orders_2026-09.xlsx,502,899,200,1
shopgoodwill:SG-884176:sale,shopgoodwill,shopgoodwill,sale,2026-09-13,SG-884176,quietbear853,buyer,7000,0,ShopGoodwill_Orders_2026-09.xlsx,503,1299,200,1
shopgoodwill:SG-884181:sale,shopgoodwill,shopgoodwill,sale,2026-09-13,SG-884181,quietowl387,buyer,2500,0,ShopGoodwill_Orders_2026-09.xlsx,504,899,200,1
shopgoodwill:SG-884317:sale,shopgoodwill,shopgoodwill,sale,2026-09-13,SG-884317,sunnybear338,buyer,800,0,ShopGoodwill_Orders_2026-09.xlsx,505,1299,200,1
shopgoodwill:SG-884279:sale,shopgoodwill,shopgoodwill,sale,2026-09-13,SG-884279,quietriver358,buyer,1500,0,ShopGoodwill_Orders_2026-09.xlsx,506,1099,200,1
shopgoodwill:SG-884213:sale,shopgoodwill,shopgoodwill,sale,2026-09-13,SG-884213,quietmaple512,buyer,1200,0,ShopGoodwill_Orders_2026-09.xlsx,507,899,200,1
shopgoodwill:SG-884222:sale,shopgoodwill,shopgoodwill,sale,2026-09-13,SG-884222,sunnythrift542,buyer,1300,0,ShopGoodwill_Orders_2026-09.xlsx,508,1499,200,1
shopgoodwill:SG-884320:sale,shopgoodwill,shopgoodwill,sale,2026-09-13,SG-884320,goldenfinds90,buyer,1600,0,ShopGoodwill_Orders_2026-09.xlsx,509,1499,200,1
shopgoodwill:SG-884271:sale,shopgoodwill,shopgoodwill,sale,2026-09-13,SG-884271,luckybear857,buyer,2500,0,ShopGoodwill_Orders_2026-09.xlsx,510,1299,200,1
shopgoodwill:SG-884200:sale,shopgoodwill,shopgoodwill,sale,2026-09-13,SG-884200,rustyhound434,buyer,1300,0,ShopGoodwill_Orders_2026-09.xlsx,511,899,200,1
shopgoodwill:SG-884179:sale,shopgoodwill,shopgoodwill,sale,2026-09-13,SG-884179,luckydeals227,buyer,2800,0,ShopGoodwill_Orders_2026-09.xlsx,512,899,200,1
shopgoodwill:SG-884275:sale,shopgoodwill,shopgoodwill,sale,2026-09-13,SG-884275,sunnybear258,buyer,5900,0,ShopGoodwill_Orders_2026-09.xlsx,513,899,200,1
shopgoodwill:SG-884190:sale,shopgoodwill,shopgoodwill,sale,2026-09-13,SG-884190,quietdeals192,buyer,3400,0,ShopGoodwill_Orders_2026-09.xlsx,514,1099,200,1
shopgoodwill:SG-884206:sale,shopgoodwill,shopgoodwill,sale,2026-09-13,SG-884206,happybear910,buyer,1900,0,ShopGoodwill_Orders_2026-09.xlsx,515,1299,200,1
shopgoodwill:SG-884223:sale,shopgoodwill,shopgoodwill,sale,2026-09-13,SG-884223,swiftpicker774,buyer,3600,0,ShopGoodwill_Orders_2026-09.xlsx,516,1499,200,1
shopgoodwill:SG-884175:sale,shopgoodwill,shopgoodwill,sale,2026-09-13,SG-884175,quietdeals751,buyer,3000,0,ShopGoodwill_Orders_2026-09.xlsx,517,1099,200,1
shopgoodwill:SG-884172:sale,shopgoodwill,shopgoodwill,sale,2026-09-13,SG-884172,bluepicker634,buyer,600,0,ShopGoodwill_Orders_2026-09.xlsx,518,899,200,1
shopgoodwill:SG-884207:sale,shopgoodwill,shopgoodwill,sale,2026-09-13,SG-884207,swiftowl491,buyer,2100,0,ShopGoodwill_Orders_2026-09.xlsx,519,1299,200,1
shopgoodwill:SG-884324:sale,shopgoodwill,shopgoodwill,sale,2026-09-13,SG-884324,sunnypicker821,buyer,1100,0,ShopGoodwill_Orders_2026-09.xlsx,520,1299,200,1
shopgoodwill:SG-884236:sale,shopgoodwill,shopgoodwill,sale,2026-09-13,SG-884236,happypicker705,buyer,8500,0,ShopGoodwill_Orders_2026-09.xlsx,521,1099,200,1
shopgoodwill:SG-884308:sale,shopgoodwill,shopgoodwill,sale,2026-09-13,SG-884308,blueowl160,buyer,5300,0,ShopGoodwill_Orders_2026-09.xlsx,522,1099,200,1
shopgoodwill:SG-884219:sale,shopgoodwill,shopgoodwill,sale,2026-09-13,SG-884219,quietmaple68,buyer,1500,0,ShopGoodwill_Orders_2026-09.xlsx,523,1299,200,1
shopgoodwill:SG-884274:sale,shopgoodwill,shopgoodwill,sale,2026-09-13,SG-884274,northpicker925,buyer,2800,0,ShopGoodwill_Orders_2026-09.xlsx,524,1499,200,1
shopgoodwill:SG-884202:sale,shopgoodwill,shopgoodwill,sale,2026-09-13,SG-884202,bluefox377,buyer,1500,0,ShopGoodwill_Orders_2026-09.xlsx,525,1299,200,1
shopgoodwill:SG-884318:sale,shopgoodwill,shopgoodwill,sale,2026-09-13,SG-884318,happyowl780,buyer,7600,0,ShopGoodwill_Orders_2026-09.xlsx,526,1299,200,1
shopgoodwill:SG-884258:sale,shopgoodwill,shopgoodwill,sale,2026-09-13,SG-884258,quietdeals834,buyer,1300,0,ShopGoodwill_Orders_2026-09.xlsx,527,1099,200,1
shopgoodwill:SG-884298:sale,shopgoodwill,shopgoodwill,sale,2026-09-13,SG-884298,goldenbear150,buyer,900,0,ShopGoodwill_Orders_2026-09.xlsx,528,899,200,1
shopgoodwill:SG-884173:sale,shopgoodwill,shopgoodwill,sale,2026-09-13,SG-884173,goldenfox108,buyer,4600,0,ShopGoodwill_Orders_2026-09.xlsx,529,1499,200,1
shopgoodwill:SG-884344:sale,shopgoodwill,shopgoodwill,sale,2026-09-14,SG-884344,sunnymaple460,buyer,2400,0,ShopGoodwill_Orders_2026-09.xlsx,530,899,200,1
shopgoodwill:SG-884390:sale,shopgoodwill,shopgoodwill,sale,2026-09-14,SG-884390,luckyriver25,buyer,2600,0,ShopGoodwill_Orders_2026-09.xlsx,531,1299,200,1
shopgoodwill:SG-884371:sale,shopgoodwill,shopgoodwill,sale,2026-09-14,SG-884371,bluefox587,buyer,2900,0,ShopGoodwill_Orders_2026-09.xlsx,532,1299,200,1
shopgoodwill:SG-884389:sale,shopgoodwill,shopgoodwill,sale,2026-09-14,SG-884389,quietthrift931,buyer,10000,0,ShopGoodwill_Orders_2026-09.xlsx,533,899,200,1
shopgoodwill:SG-884373:sale,shopgoodwill,shopgoodwill,sale,2026-09-14,SG-884373,northhound287,buyer,2500,0,ShopGoodwill_Orders_2026-09.xlsx,534,1499,200,1
shopgoodwill:SG-884346:sale,shopgoodwill,shopgoodwill,sale,2026-09-14,SG-884346,bluedeals463,buyer,2800,0,ShopGoodwill_Orders_2026-09.xlsx,535,1499,200,1
shopgoodwill:SG-884408:sale,shopgoodwill,shopgoodwill,sale,2026-09-14,SG-884408,retroriver346,buyer,2700,0,ShopGoodwill_Orders_2026-09.xlsx,536,899,200,1
shopgoodwill:SG-884383:sale,shopgoodwill,shopgoodwill,sale,2026-09-14,SG-884383,bluefox377,buyer,2600,0,ShopGoodwill_Orders_2026-09.xlsx,537,1299,200,1
shopgoodwill:SG-884356:sale,shopgoodwill,shopgoodwill,sale,2026-09-14,SG-884356,luckyowl234,buyer,2800,0,ShopGoodwill_Orders_2026-09.xlsx,538,1499,200,1
shopgoodwill:SG-884394:sale,shopgoodwill,shopgoodwill,sale,2026-09-14,SG-884394,sunnyriver981,buyer,6200,0,ShopGoodwill_Orders_2026-09.xlsx,539,1299,200,1
shopgoodwill:SG-884379:sale,shopgoodwill,shopgoodwill,sale,2026-09-14,SG-884379,goldendeals798,buyer,1400,0,ShopGoodwill_Orders_2026-09.xlsx,540,1299,200,1
shopgoodwill:SG-884353:sale,shopgoodwill,shopgoodwill,sale,2026-09-14,SG-884353,retroriver350,buyer,1600,0,ShopGoodwill_Orders_2026-09.xlsx,541,1299,200,1
shopgoodwill:SG-884352:sale,shopgoodwill,shopgoodwill,sale,2026-09-14,SG-884352,swiftmaple687,buyer,1700,0,ShopGoodwill_Orders_2026-09.xlsx,542,899,200,1
shopgoodwill:SG-884400:sale,shopgoodwill,shopgoodwill,sale,2026-09-14,SG-884400,retroowl470,buyer,4500,0,ShopGoodwill_Orders_2026-09.xlsx,543,1099,200,1
shopgoodwill:SG-884396:sale,shopgoodwill,shopgoodwill,sale,2026-09-14,SG-884396,rustybear157,buyer,600,0,ShopGoodwill_Orders_2026-09.xlsx,544,1299,200,1
shopgoodwill:SG-884337:sale,shopgoodwill,shopgoodwill,sale,2026-09-14,SG-884337,luckyhound127,buyer,3900,0,ShopGoodwill_Orders_2026-09.xlsx,545,1099,200,1
shopgoodwill:SG-884369:sale,shopgoodwill,shopgoodwill,sale,2026-09-14,SG-884369,sunnyhound266,buyer,3400,0,ShopGoodwill_Orders_2026-09.xlsx,546,1499,200,1
shopgoodwill:SG-884333:sale,shopgoodwill,shopgoodwill,sale,2026-09-14,SG-884333,swifthound754,buyer,1700,0,ShopGoodwill_Orders_2026-09.xlsx,547,1499,200,1
shopgoodwill:SG-884362:sale,shopgoodwill,shopgoodwill,sale,2026-09-14,SG-884362,happyhound211,buyer,1300,0,ShopGoodwill_Orders_2026-09.xlsx,548,899,200,1
shopgoodwill:SG-884387:sale,shopgoodwill,shopgoodwill,sale,2026-09-14,SG-884387,rustybear960,buyer,2100,0,ShopGoodwill_Orders_2026-09.xlsx,549,899,200,1
shopgoodwill:SG-884357:sale,shopgoodwill,shopgoodwill,sale,2026-09-14,SG-884357,goldenriver513,buyer,4500,0,ShopGoodwill_Orders_2026-09.xlsx,550,1299,200,1
shopgoodwill:SG-884405:sale,shopgoodwill,shopgoodwill,sale,2026-09-14,SG-884405,retrofinds732,buyer,4200,0,ShopGoodwill_Orders_2026-09.xlsx,551,1499,200,1
shopgoodwill:SG-884402:sale,shopgoodwill,shopgoodwill,sale,2026-09-14,SG-884402,luckyfinds99,buyer,2100,0,ShopGoodwill_Orders_2026-09.xlsx,552,1099,200,1
shopgoodwill:SG-884376:sale,shopgoodwill,shopgoodwill,sale,2026-09-14,SG-884376,retroriver331,buyer,2200,0,ShopGoodwill_Orders_2026-09.xlsx,553,1299,200,1
shopgoodwill:SG-884365:sale,shopgoodwill,shopgoodwill,sale,2026-09-14,SG-884365,retrodeals952,buyer,1100,0,ShopGoodwill_Orders_2026-09.xlsx,554,1099,200,1
shopgoodwill:SG-884350:sale,shopgoodwill,shopgoodwill,sale,2026-09-14,SG-884350,swiftdeals952,buyer,800,0,ShopGoodwill_Orders_2026-09.xlsx,555,1499,200,1
shopgoodwill:SG-884358:sale,shopgoodwill,shopgoodwill,sale,2026-09-14,SG-884358,quietpicker858,buyer,1900,0,ShopGoodwill_Orders_2026-09.xlsx,556,1299,200,1
shopgoodwill:SG-884331:sale,shopgoodwill,shopgoodwill,sale,2026-09-14,SG-884331,sunnybear76,buyer,1500,0,ShopGoodwill_Orders_2026-09.xlsx,557,1299,200,1
shopgoodwill:SG-884340:sale,shopgoodwill,shopgoodwill,sale,2026-09-14,SG-884340,northpicker68,buyer,3400,0,ShopGoodwill_Orders_2026-09.xlsx,558,1499,200,1
shopgoodwill:SG-884343:sale,shopgoodwill,shopgoodwill,sale,2026-09-14,SG-884343,swiftfox947,buyer,3700,0,ShopGoodwill_Orders_2026-09.xlsx,559,1299,200,1
shopgoodwill:SG-884395:sale,shopgoodwill,shopgoodwill,sale,2026-09-14,SG-884395,happyowl698,buyer,2100,0,ShopGoodwill_Orders_2026-09.xlsx,560,899,200,1
shopgoodwill:SG-884443:sale,shopgoodwill,shopgoodwill,sale,2026-09-15,SG-884443,goldenhound277,buyer,4000,0,ShopGoodwill_Orders_2026-09.xlsx,561,1099,200,1
shopgoodwill:SG-884450:sale,shopgoodwill,shopgoodwill,sale,2026-09-15,SG-884450,retrohound141,buyer,4000,0,ShopGoodwill_Orders_2026-09.xlsx,562,1099,200,1
shopgoodwill:SG-884411:sale,shopgoodwill,shopgoodwill,sale,2026-09-15,SG-884411,swiftfox885,buyer,5400,0,ShopGoodwill_Orders_2026-09.xlsx,563,1099,200,1
shopgoodwill:SG-884437:sale,shopgoodwill,shopgoodwill,sale,2026-09-15,SG-884437,sunnyriver981,buyer,2200,0,ShopGoodwill_Orders_2026-09.xlsx,564,1099,200,1
shopgoodwill:SG-884491:sale,shopgoodwill,shopgoodwill,sale,2026-09-15,SG-884491,quietthrift983,buyer,800,0,ShopGoodwill_Orders_2026-09.xlsx,565,899,200,1
shopgoodwill:SG-884465:sale,shopgoodwill,shopgoodwill,sale,2026-09-15,SG-884465,happyowl780,buyer,1200,0,ShopGoodwill_Orders_2026-09.xlsx,566,1299,200,1
shopgoodwill:SG-884410:sale,shopgoodwill,shopgoodwill,sale,2026-09-15,SG-884410,swiftdeals627,buyer,10900,0,ShopGoodwill_Orders_2026-09.xlsx,567,1099,200,1
shopgoodwill:SG-884497:sale,shopgoodwill,shopgoodwill,sale,2026-09-15,SG-884497,happypicker852,buyer,3800,0,ShopGoodwill_Orders_2026-09.xlsx,568,1099,200,1
shopgoodwill:SG-884470:sale,shopgoodwill,shopgoodwill,sale,2026-09-15,SG-884470,happydeals583,buyer,600,0,ShopGoodwill_Orders_2026-09.xlsx,569,1299,200,1
shopgoodwill:SG-884454:sale,shopgoodwill,shopgoodwill,sale,2026-09-15,SG-884454,luckyriver25,buyer,1300,0,ShopGoodwill_Orders_2026-09.xlsx,570,1299,200,1
shopgoodwill:SG-884421:sale,shopgoodwill,shopgoodwill,sale,2026-09-15,SG-884421,luckyriver25,buyer,5600,0,ShopGoodwill_Orders_2026-09.xlsx,571,1499,200,1
shopgoodwill:SG-884477:sale,shopgoodwill,shopgoodwill,sale,2026-09-15,SG-884477,retrofox431,buyer,4400,0,ShopGoodwill_Orders_2026-09.xlsx,572,899,200,1
shopgoodwill:SG-884483:sale,shopgoodwill,shopgoodwill,sale,2026-09-15,SG-884483,goldenfox53,buyer,5200,0,ShopGoodwill_Orders_2026-09.xlsx,573,1499,200,1
shopgoodwill:SG-884481:sale,shopgoodwill,shopgoodwill,sale,2026-09-15,SG-884481,swiftmaple677,buyer,6000,0,ShopGoodwill_Orders_2026-09.xlsx,574,899,200,1
shopgoodwill:SG-884487:sale,shopgoodwill,shopgoodwill,sale,2026-09-15,SG-884487,rustyowl451,buyer,5800,0,ShopGoodwill_Orders_2026-09.xlsx,575,899,200,1
shopgoodwill:SG-884422:sale,shopgoodwill,shopgoodwill,sale,2026-09-15,SG-884422,quietowl255,buyer,1300,0,ShopGoodwill_Orders_2026-09.xlsx,576,1499,200,1
shopgoodwill:SG-884417:sale,shopgoodwill,shopgoodwill,sale,2026-09-15,SG-884417,quietowl255,buyer,2400,0,ShopGoodwill_Orders_2026-09.xlsx,577,1499,200,1
shopgoodwill:SG-884426:sale,shopgoodwill,shopgoodwill,sale,2026-09-15,SG-884426,northowl598,buyer,2200,0,ShopGoodwill_Orders_2026-09.xlsx,578,1299,200,1
shopgoodwill:SG-884492:sale,shopgoodwill,shopgoodwill,sale,2026-09-15,SG-884492,retrofox189,buyer,3100,0,ShopGoodwill_Orders_2026-09.xlsx,579,899,200,1
shopgoodwill:SG-884493:sale,shopgoodwill,shopgoodwill,sale,2026-09-15,SG-884493,bluefox587,buyer,6500,0,ShopGoodwill_Orders_2026-09.xlsx,580,1099,200,1
shopgoodwill:SG-884503:sale,shopgoodwill,shopgoodwill,sale,2026-09-15,SG-884503,bluethrift816,buyer,3300,0,ShopGoodwill_Orders_2026-09.xlsx,581,1099,200,1
shopgoodwill:SG-884431:sale,shopgoodwill,shopgoodwill,sale,2026-09-15,SG-884431,northriver733,buyer,4000,0,ShopGoodwill_Orders_2026-09.xlsx,582,1099,200,1
shopgoodwill:SG-884447:sale,shopgoodwill,shopgoodwill,sale,2026-09-15,SG-884447,quietpicker531,buyer,5000,0,ShopGoodwill_Orders_2026-09.xlsx,583,899,200,1
shopgoodwill:SG-884435:sale,shopgoodwill,shopgoodwill,sale,2026-09-15,SG-884435,retrothrift752,buyer,3200,0,ShopGoodwill_Orders_2026-09.xlsx,584,1299,200,1
shopgoodwill:SG-884462:sale,shopgoodwill,shopgoodwill,sale,2026-09-15,SG-884462,sunnyowl410,buyer,2000,0,ShopGoodwill_Orders_2026-09.xlsx,585,1499,200,1
shopgoodwill:SG-884496:sale,shopgoodwill,shopgoodwill,sale,2026-09-15,SG-884496,rustyhound434,buyer,6100,0,ShopGoodwill_Orders_2026-09.xlsx,586,1499,200,1
shopgoodwill:SG-884427:sale,shopgoodwill,shopgoodwill,sale,2026-09-15,SG-884427,happyowl916,buyer,800,0,ShopGoodwill_Orders_2026-09.xlsx,587,1499,200,1
shopgoodwill:SG-884414:sale,shopgoodwill,shopgoodwill,sale,2026-09-15,SG-884414,bluefox91,buyer,700,0,ShopGoodwill_Orders_2026-09.xlsx,588,899,200,1
shopgoodwill:SG-884501:sale,shopgoodwill,shopgoodwill,sale,2026-09-15,SG-884501,quietthrift313,buyer,2100,0,ShopGoodwill_Orders_2026-09.xlsx,589,1099,200,1
shopgoodwill:SG-884458:sale,shopgoodwill,shopgoodwill,sale,2026-09-15,SG-884458,goldenthrift189,buyer,600,0,ShopGoodwill_Orders_2026-09.xlsx,590,1099,200,1
shopgoodwill:SG-884466:sale,shopgoodwill,shopgoodwill,sale,2026-09-15,SG-884466,happymaple239,buyer,3700,0,ShopGoodwill_Orders_2026-09.xlsx,591,1499,200,1
shopgoodwill:SG-884416:sale,shopgoodwill,shopgoodwill,sale,2026-09-15,SG-884416,swiftriver876,buyer,1500,0,ShopGoodwill_Orders_2026-09.xlsx,592,1299,200,1
shopgoodwill:SG-884474:sale,shopgoodwill,shopgoodwill,sale,2026-09-15,SG-884474,happydeals583,buyer,500,0,ShopGoodwill_Orders_2026-09.xlsx,593,1499,200,1
shopgoodwill:SG-884449:sale,shopgoodwill,shopgoodwill,sale,2026-09-15,SG-884449,bluefox301,buyer,2300,0,ShopGoodwill_Orders_2026-09.xlsx,594,1099,200,1
shopgoodwill:SG-884420:sale,shopgoodwill,shopgoodwill,sale,2026-09-15,SG-884420,retropicker67,buyer,8800,0,ShopGoodwill_Orders_2026-09.xlsx,595,1099,200,1
shopgoodwill:SG-884425:sale,shopgoodwill,shopgoodwill,sale,2026-09-15,SG-884425,swiftowl113,buyer,6100,0,ShopGoodwill_Orders_2026-09.xlsx,596,1299,200,1
shopgoodwill:SG-884469:sale,shopgoodwill,shopgoodwill,sale,2026-09-15,SG-884469,retrofinds732,buyer,5100,0,ShopGoodwill_Orders_2026-09.xlsx,597,1299,200,1
shopgoodwill:SG-884439:sale,shopgoodwill,shopgoodwill,sale,2026-09-15,SG-884439,quietdeals153,buyer,1500,0,ShopGoodwill_Orders_2026-09.xlsx,598,1099,200,1
shopgoodwill:SG-884463:sale,shopgoodwill,shopgoodwill,sale,2026-09-15,SG-884463,sunnyfox391,buyer,1800,0,ShopGoodwill_Orders_2026-09.xlsx,599,1299,200,1
shopgoodwill:SG-884512:sale,shopgoodwill,shopgoodwill,sale,2026-09-16,SG-884512,rustyfinds694,buyer,3700,0,ShopGoodwill_Orders_2026-09.xlsx,600,1299,200,1
shopgoodwill:SG-884559:sale,shopgoodwill,shopgoodwill,sale,2026-09-16,SG-884559,happymaple239,buyer,2900,0,ShopGoodwill_Orders_2026-09.xlsx,601,899,200,1
shopgoodwill:SG-884550:sale,shopgoodwill,shopgoodwill,sale,2026-09-16,SG-884550,sunnyriver907,buyer,3600,0,ShopGoodwill_Orders_2026-09.xlsx,602,1299,200,1
shopgoodwill:SG-884562:sale,shopgoodwill,shopgoodwill,sale,2026-09-16,SG-884562,swiftmaple653,buyer,2000,0,ShopGoodwill_Orders_2026-09.xlsx,603,899,200,1
shopgoodwill:SG-884530:sale,shopgoodwill,shopgoodwill,sale,2026-09-16,SG-884530,bluepicker634,buyer,2900,0,ShopGoodwill_Orders_2026-09.xlsx,604,1099,200,1
shopgoodwill:SG-884575:sale,shopgoodwill,shopgoodwill,sale,2026-09-16,SG-884575,sunnyfinds591,buyer,1100,0,ShopGoodwill_Orders_2026-09.xlsx,605,899,200,1
shopgoodwill:SG-884574:sale,shopgoodwill,shopgoodwill,sale,2026-09-16,SG-884574,quietthrift931,buyer,4200,0,ShopGoodwill_Orders_2026-09.xlsx,606,1499,200,1
shopgoodwill:SG-884567:sale,shopgoodwill,shopgoodwill,sale,2026-09-16,SG-884567,sunnyhound619,buyer,3200,0,ShopGoodwill_Orders_2026-09.xlsx,607,1499,200,1
shopgoodwill:SG-884527:sale,shopgoodwill,shopgoodwill,sale,2026-09-16,SG-884527,quietthrift931,buyer,2800,0,ShopGoodwill_Orders_2026-09.xlsx,608,1099,200,1
shopgoodwill:SG-884589:sale,shopgoodwill,shopgoodwill,sale,2026-09-16,SG-884589,sunnyfinds636,buyer,2800,0,ShopGoodwill_Orders_2026-09.xlsx,609,1099,200,1
shopgoodwill:SG-884586:sale,shopgoodwill,shopgoodwill,sale,2026-09-16,SG-884586,quietthrift313,buyer,1400,0,ShopGoodwill_Orders_2026-09.xlsx,610,1499,200,1
shopgoodwill:SG-884588:sale,shopgoodwill,shopgoodwill,sale,2026-09-16,SG-884588,luckyhound716,buyer,1700,0,ShopGoodwill_Orders_2026-09.xlsx,611,1499,200,1
shopgoodwill:SG-884536:sale,shopgoodwill,shopgoodwill,sale,2026-09-16,SG-884536,rustymaple256,buyer,500,0,ShopGoodwill_Orders_2026-09.xlsx,612,1099,200,1
shopgoodwill:SG-884518:sale,shopgoodwill,shopgoodwill,sale,2026-09-16,SG-884518,happyfinds531,buyer,800,0,ShopGoodwill_Orders_2026-09.xlsx,613,899,200,1
shopgoodwill:SG-884566:sale,shopgoodwill,shopgoodwill,sale,2026-09-16,SG-884566,sunnypicker821,buyer,19600,0,ShopGoodwill_Orders_2026-09.xlsx,614,1099,200,1
shopgoodwill:SG-884553:sale,shopgoodwill,shopgoodwill,sale,2026-09-16,SG-884553,swiftthrift661,buyer,1600,0,ShopGoodwill_Orders_2026-09.xlsx,615,899,200,1
shopgoodwill:SG-884521:sale,shopgoodwill,shopgoodwill,sale,2026-09-16,SG-884521,norththrift292,buyer,1300,0,ShopGoodwill_Orders_2026-09.xlsx,616,899,200,1
shopgoodwill:SG-884505:sale,shopgoodwill,shopgoodwill,sale,2026-09-16,SG-884505,goldenhound106,buyer,1500,0,ShopGoodwill_Orders_2026-09.xlsx,617,899,200,1
shopgoodwill:SG-884542:sale,shopgoodwill,shopgoodwill,sale,2026-09-16,SG-884542,bluefox91,buyer,900,0,ShopGoodwill_Orders_2026-09.xlsx,618,899,200,1
shopgoodwill:SG-884523:sale,shopgoodwill,shopgoodwill,sale,2026-09-16,SG-884523,goldenriver348,buyer,3000,0,ShopGoodwill_Orders_2026-09.xlsx,619,1499,200,1
shopgoodwill:SG-884569:sale,shopgoodwill,shopgoodwill,sale,2026-09-16,SG-884569,rustyfox765,buyer,3400,0,ShopGoodwill_Orders_2026-09.xlsx,620,1499,200,1
shopgoodwill:SG-884557:sale,shopgoodwill,shopgoodwill,sale,2026-09-16,SG-884557,goldenbear306,buyer,1400,0,ShopGoodwill_Orders_2026-09.xlsx,621,1299,200,1
shopgoodwill:SG-884571:sale,shopgoodwill,shopgoodwill,sale,2026-09-16,SG-884571,retrothrift613,buyer,2300,0,ShopGoodwill_Orders_2026-09.xlsx,622,1099,200,1
shopgoodwill:SG-884583:sale,shopgoodwill,shopgoodwill,sale,2026-09-16,SG-884583,goldendeals798,buyer,1700,0,ShopGoodwill_Orders_2026-09.xlsx,623,1299,200,1
shopgoodwill:SG-884579:sale,shopgoodwill,shopgoodwill,sale,2026-09-16,SG-884579,goldenfox575,buyer,1800,0,ShopGoodwill_Orders_2026-09.xlsx,624,1499,200,1
shopgoodwill:SG-884540:sale,shopgoodwill,shopgoodwill,sale,2026-09-16,SG-884540,retrothrift571,buyer,1700,0,ShopGoodwill_Orders_2026-09.xlsx,625,1099,200,1
shopgoodwill:SG-884533:sale,shopgoodwill,shopgoodwill,sale,2026-09-16,SG-884533,rustybear248,buyer,500,0,ShopGoodwill_Orders_2026-09.xlsx,626,1499,200,1
shopgoodwill:SG-884560:sale,shopgoodwill,shopgoodwill,sale,2026-09-16,SG-884560,sunnybear338,buyer,700,0,ShopGoodwill_Orders_2026-09.xlsx,627,1299,200,1
shopgoodwill:SG-884573:sale,shopgoodwill,shopgoodwill,sale,2026-09-16,SG-884573,quietdeals192,buyer,5700,0,ShopGoodwill_Orders_2026-09.xlsx,628,899,200,1
shopgoodwill:SG-884546:sale,shopgoodwill,shopgoodwill,sale,2026-09-16,SG-884546,retrothrift752,buyer,1100,0,ShopGoodwill_Orders_2026-09.xlsx,629,1299,200,1
shopgoodwill:SG-884516:sale,shopgoodwill,shopgoodwill,sale,2026-09-16,SG-884516,quietdeals834,buyer,3500,0,ShopGoodwill_Orders_2026-09.xlsx,630,1299,200,1
shopgoodwill:SG-884509:sale,shopgoodwill,shopgoodwill,sale,2026-09-16,SG-884509,goldenthrift189,buyer,2100,0,ShopGoodwill_Orders_2026-09.xlsx,631,899,200,1
shopgoodwill:SG-884525:sale,shopgoodwill,shopgoodwill,sale,2026-09-16,SG-884525,goldenhound277,buyer,900,0,ShopGoodwill_Orders_2026-09.xlsx,632,1299,200,1
shopgoodwill:SG-884558:sale,shopgoodwill,shopgoodwill,sale,2026-09-16,SG-884558,swiftpicker682,buyer,6100,0,ShopGoodwill_Orders_2026-09.xlsx,633,1299,200,1
shopgoodwill:SG-884730:sale,shopgoodwill,shopgoodwill,sale,2026-09-17,SG-884730,swiftfinds142,buyer,1700,0,ShopGoodwill_Orders_2026-09.xlsx,634,1299,200,1
shopgoodwill:SG-884718:sale,shopgoodwill,shopgoodwill,sale,2026-09-17,SG-884718,sunnypicker573,buyer,800,0,ShopGoodwill_Orders_2026-09.xlsx,635,1299,200,1
shopgoodwill:SG-884665:sale,shopgoodwill,shopgoodwill,sale,2026-09-17,SG-884665,luckyriver667,buyer,5900,0,ShopGoodwill_Orders_2026-09.xlsx,636,899,200,1
shopgoodwill:SG-884660:sale,shopgoodwill,shopgoodwill,sale,2026-09-17,SG-884660,luckydeals969,buyer,5300,0,ShopGoodwill_Orders_2026-09.xlsx,637,1099,200,1
shopgoodwill:SG-884636:sale,shopgoodwill,shopgoodwill,sale,2026-09-17,SG-884636,rustythrift768,buyer,3500,0,ShopGoodwill_Orders_2026-09.xlsx,638,1299,200,1
shopgoodwill:SG-884592:sale,shopgoodwill,shopgoodwill,sale,2026-09-17,SG-884592,luckyriver667,buyer,1500,0,ShopGoodwill_Orders_2026-09.xlsx,639,1099,200,1
shopgoodwill:SG-884682:sale,shopgoodwill,shopgoodwill,sale,2026-09-17,SG-884682,sunnyfinds636,buyer,2100,0,ShopGoodwill_Orders_2026-09.xlsx,640,1499,200,1
shopgoodwill:SG-884645:sale,shopgoodwill,shopgoodwill,sale,2026-09-17,SG-884645,bluethrift664,buyer,22100,0,ShopGoodwill_Orders_2026-09.xlsx,641,1499,200,1
shopgoodwill:SG-884699:sale,shopgoodwill,shopgoodwill,sale,2026-09-17,SG-884699,northpicker564,buyer,2700,0,ShopGoodwill_Orders_2026-09.xlsx,642,1099,200,1
shopgoodwill:SG-884634:sale,shopgoodwill,shopgoodwill,sale,2026-09-17,SG-884634,goldenhound559,buyer,3500,0,ShopGoodwill_Orders_2026-09.xlsx,643,1299,200,1
shopgoodwill:SG-884632:sale,shopgoodwill,shopgoodwill,sale,2026-09-17,SG-884632,quietpicker145,buyer,4000,0,ShopGoodwill_Orders_2026-09.xlsx,644,899,200,1
shopgoodwill:SG-884650:sale,shopgoodwill,shopgoodwill,sale,2026-09-17,SG-884650,sunnymaple342,buyer,900,0,ShopGoodwill_Orders_2026-09.xlsx,645,899,200,1
shopgoodwill:SG-884625:sale,shopgoodwill,shopgoodwill,sale,2026-09-17,SG-884625,swiftmaple809,buyer,3300,0,ShopGoodwill_Orders_2026-09.xlsx,646,899,200,1
shopgoodwill:SG-884624:sale,shopgoodwill,shopgoodwill,sale,2026-09-17,SG-884624,rustymaple994,buyer,4000,0,ShopGoodwill_Orders_2026-09.xlsx,647,1299,200,1
shopgoodwill:SG-884673:sale,shopgoodwill,shopgoodwill,sale,2026-09-17,SG-884673,sunnyowl410,buyer,2800,0,ShopGoodwill_Orders_2026-09.xlsx,648,1099,200,1
shopgoodwill:SG-884606:sale,shopgoodwill,shopgoodwill,sale,2026-09-17,SG-884606,sunnyriver115,buyer,7300,0,ShopGoodwill_Orders_2026-09.xlsx,649,899,200,1
shopgoodwill:SG-884610:sale,shopgoodwill,shopgoodwill,sale,2026-09-17,SG-884610,retropicker67,buyer,2700,0,ShopGoodwill_Orders_2026-09.xlsx,650,1099,200,1
shopgoodwill:SG-884719:sale,shopgoodwill,shopgoodwill,sale,2026-09-17,SG-884719,sunnyfinds610,buyer,2100,0,ShopGoodwill_Orders_2026-09.xlsx,651,1299,200,1
shopgoodwill:SG-884617:sale,shopgoodwill,shopgoodwill,sale,2026-09-17,SG-884617,bluepicker634,buyer,2500,0,ShopGoodwill_Orders_2026-09.xlsx,652,1099,200,1
shopgoodwill:SG-884689:sale,shopgoodwill,shopgoodwill,sale,2026-09-17,SG-884689,swiftthrift498,buyer,3100,0,ShopGoodwill_Orders_2026-09.xlsx,653,1099,200,1
shopgoodwill:SG-884657:sale,shopgoodwill,shopgoodwill,sale,2026-09-17,SG-884657,quietriver270,buyer,4500,0,ShopGoodwill_Orders_2026-09.xlsx,654,1499,200,1
shopgoodwill:SG-884593:sale,shopgoodwill,shopgoodwill,sale,2026-09-17,SG-884593,northpicker68,buyer,900,0,ShopGoodwill_Orders_2026-09.xlsx,655,899,200,1
shopgoodwill:SG-884619:sale,shopgoodwill,shopgoodwill,sale,2026-09-17,SG-884619,rustyhound958,buyer,15000,0,ShopGoodwill_Orders_2026-09.xlsx,656,1099,200,1
shopgoodwill:SG-884716:sale,shopgoodwill,shopgoodwill,sale,2026-09-17,SG-884716,swiftfox259,buyer,2500,0,ShopGoodwill_Orders_2026-09.xlsx,657,899,200,1
shopgoodwill:SG-884674:sale,shopgoodwill,shopgoodwill,sale,2026-09-17,SG-884674,happyowl780,buyer,7100,0,ShopGoodwill_Orders_2026-09.xlsx,658,1499,200,1
shopgoodwill:SG-884677:sale,shopgoodwill,shopgoodwill,sale,2026-09-17,SG-884677,rustyhound417,buyer,1000,0,ShopGoodwill_Orders_2026-09.xlsx,659,899,200,1
shopgoodwill:SG-884653:sale,shopgoodwill,shopgoodwill,sale,2026-09-17,SG-884653,goldenhound380,buyer,3800,0,ShopGoodwill_Orders_2026-09.xlsx,660,1099,200,1
shopgoodwill:SG-884613:sale,shopgoodwill,shopgoodwill,sale,2026-09-17,SG-884613,retroowl57,buyer,1100,0,ShopGoodwill_Orders_2026-09.xlsx,661,1299,200,1
shopgoodwill:SG-884679:sale,shopgoodwill,shopgoodwill,sale,2026-09-17,SG-884679,retrohound141,buyer,1400,0,ShopGoodwill_Orders_2026-09.xlsx,662,1099,200,1
shopgoodwill:SG-884725:sale,shopgoodwill,shopgoodwill,sale,2026-09-17,SG-884725,goldenowl823,buyer,5700,0,ShopGoodwill_Orders_2026-09.xlsx,663,1099,200,1
shopgoodwill:SG-884662:sale,shopgoodwill,shopgoodwill,sale,2026-09-17,SG-884662,northbear492,buyer,2300,0,ShopGoodwill_Orders_2026-09.xlsx,664,899,200,1
shopgoodwill:SG-884727:sale,shopgoodwill,shopgoodwill,sale,2026-09-17,SG-884727,sunnyriver115,buyer,7100,0,ShopGoodwill_Orders_2026-09.xlsx,665,1299,200,1
shopgoodwill:SG-884668:sale,shopgoodwill,shopgoodwill,sale,2026-09-17,SG-884668,bluethrift65,buyer,4500,0,ShopGoodwill_Orders_2026-09.xlsx,666,1499,200,1
shopgoodwill:SG-884622:sale,shopgoodwill,shopgoodwill,sale,2026-09-17,SG-884622,quietbear763,buyer,700,0,ShopGoodwill_Orders_2026-09.xlsx,667,899,200,1
shopgoodwill:SG-884691:sale,shopgoodwill,shopgoodwill,sale,2026-09-17,SG-884691,happythrift947,buyer,1800,0,ShopGoodwill_Orders_2026-09.xlsx,668,899,200,1
shopgoodwill:SG-884710:sale,shopgoodwill,shopgoodwill,sale,2026-09-17,SG-884710,bluethrift789,buyer,3200,0,ShopGoodwill_Orders_2026-09.xlsx,669,1099,200,1
shopgoodwill:SG-884722:sale,shopgoodwill,shopgoodwill,sale,2026-09-17,SG-884722,sunnymaple460,buyer,7800,0,ShopGoodwill_Orders_2026-09.xlsx,670,899,200,1
shopgoodwill:SG-884703:sale,shopgoodwill,shopgoodwill,sale,2026-09-17,SG-884703,sunnyfox757,buyer,3200,0,ShopGoodwill_Orders_2026-09.xlsx,671,1099,200,1
shopgoodwill:SG-884667:sale,shopgoodwill,shopgoodwill,sale,2026-09-17,SG-884667,swiftmaple687,buyer,4600,0,ShopGoodwill_Orders_2026-09.xlsx,672,899,200,1
shopgoodwill:SG-884644:sale,shopgoodwill,shopgoodwill,sale,2026-09-17,SG-884644,happyfox155,buyer,6400,0,ShopGoodwill_Orders_2026-09.xlsx,673,1099,200,1
shopgoodwill:SG-884628:sale,shopgoodwill,shopgoodwill,sale,2026-09-17,SG-884628,happyriver286,buyer,2200,0,ShopGoodwill_Orders_2026-09.xlsx,674,1299,200,1
shopgoodwill:SG-884706:sale,shopgoodwill,shopgoodwill,sale,2026-09-17,SG-884706,luckybear767,buyer,9500,0,ShopGoodwill_Orders_2026-09.xlsx,675,1499,200,1
shopgoodwill:SG-884594:sale,shopgoodwill,shopgoodwill,sale,2026-09-17,SG-884594,bluedeals43,buyer,2400,0,ShopGoodwill_Orders_2026-09.xlsx,676,1499,200,1
shopgoodwill:SG-884649:sale,shopgoodwill,shopgoodwill,sale,2026-09-17,SG-884649,goldenowl823,buyer,1700,0,ShopGoodwill_Orders_2026-09.xlsx,677,1299,200,1
shopgoodwill:SG-884712:sale,shopgoodwill,shopgoodwill,sale,2026-09-17,SG-884712,rustybear940,buyer,2000,0,ShopGoodwill_Orders_2026-09.xlsx,678,1499,200,1
shopgoodwill:SG-884602:sale,shopgoodwill,shopgoodwill,sale,2026-09-17,SG-884602,bluehound115,buyer,5200,0,ShopGoodwill_Orders_2026-09.xlsx,679,899,200,1
shopgoodwill:SG-884640:sale,shopgoodwill,shopgoodwill,sale,2026-09-17,SG-884640,bluehound944,buyer,600,0,ShopGoodwill_Orders_2026-09.xlsx,680,899,200,1
shopgoodwill:SG-884686:sale,shopgoodwill,shopgoodwill,sale,2026-09-17,SG-884686,retrodeals661,buyer,5400,0,ShopGoodwill_Orders_2026-09.xlsx,681,1499,200,1
shopgoodwill:SG-884670:sale,shopgoodwill,shopgoodwill,sale,2026-09-17,SG-884670,swiftpicker956,buyer,1900,0,ShopGoodwill_Orders_2026-09.xlsx,682,899,200,1
shopgoodwill:SG-884654:sale,shopgoodwill,shopgoodwill,sale,2026-09-17,SG-884654,bluebear828,buyer,2300,0,ShopGoodwill_Orders_2026-09.xlsx,683,899,200,1
shopgoodwill:SG-884695:sale,shopgoodwill,shopgoodwill,sale,2026-09-17,SG-884695,bluemaple228,buyer,1600,0,ShopGoodwill_Orders_2026-09.xlsx,684,1299,200,1
shopgoodwill:SG-884598:sale,shopgoodwill,shopgoodwill,sale,2026-09-17,SG-884598,sunnypicker573,buyer,1000,0,ShopGoodwill_Orders_2026-09.xlsx,685,1299,200,1
shopgoodwill:SG-884763:sale,shopgoodwill,shopgoodwill,sale,2026-09-18,SG-884763,swiftmaple442,buyer,2500,0,ShopGoodwill_Orders_2026-09.xlsx,686,1499,200,1
shopgoodwill:SG-884771:sale,shopgoodwill,shopgoodwill,sale,2026-09-18,SG-884771,sunnythrift76,buyer,3200,0,ShopGoodwill_Orders_2026-09.xlsx,687,899,200,1
shopgoodwill:SG-884788:sale,shopgoodwill,shopgoodwill,sale,2026-09-18,SG-884788,goldenowl339,buyer,5900,0,ShopGoodwill_Orders_2026-09.xlsx,688,1499,200,1
shopgoodwill:SG-884761:sale,shopgoodwill,shopgoodwill,sale,2026-09-18,SG-884761,happymaple330,buyer,2100,0,ShopGoodwill_Orders_2026-09.xlsx,689,1499,200,1
shopgoodwill:SG-884739:sale,shopgoodwill,shopgoodwill,sale,2026-09-18,SG-884739,swiftdeals952,buyer,2900,0,ShopGoodwill_Orders_2026-09.xlsx,690,1499,200,1
shopgoodwill:SG-884733:sale,shopgoodwill,shopgoodwill,sale,2026-09-18,SG-884733,quietdeals153,buyer,1600,0,ShopGoodwill_Orders_2026-09.xlsx,691,899,200,1
shopgoodwill:SG-884820:sale,shopgoodwill,shopgoodwill,sale,2026-09-18,SG-884820,northhound277,buyer,1600,0,ShopGoodwill_Orders_2026-09.xlsx,692,1499,200,1
shopgoodwill:SG-884798:sale,shopgoodwill,shopgoodwill,sale,2026-09-18,SG-884798,sunnybear608,buyer,1800,0,ShopGoodwill_Orders_2026-09.xlsx,693,1499,200,1
shopgoodwill:SG-884780:sale,shopgoodwill,shopgoodwill,sale,2026-09-18,SG-884780,bluefox587,buyer,900,0,ShopGoodwill_Orders_2026-09.xlsx,694,899,200,1
shopgoodwill:SG-884748:sale,shopgoodwill,shopgoodwill,sale,2026-09-18,SG-884748,swiftriver876,buyer,3200,0,ShopGoodwill_Orders_2026-09.xlsx,695,1099,200,1
shopgoodwill:SG-884757:sale,shopgoodwill,shopgoodwill,sale,2026-09-18,SG-884757,bluehound170,buyer,3600,0,ShopGoodwill_Orders_2026-09.xlsx,696,899,200,1
shopgoodwill:SG-884751:sale,shopgoodwill,shopgoodwill,sale,2026-09-18,SG-884751,quietthrift253,buyer,900,0,ShopGoodwill_Orders_2026-09.xlsx,697,1499,200,1
shopgoodwill:SG-884795:sale,shopgoodwill,shopgoodwill,sale,2026-09-18,SG-884795,luckyhound716,buyer,500,0,ShopGoodwill_Orders_2026-09.xlsx,698,899,200,1
shopgoodwill:SG-884821:sale,shopgoodwill,shopgoodwill,sale,2026-09-18,SG-884821,quietbear896,buyer,2400,0,ShopGoodwill_Orders_2026-09.xlsx,699,1299,200,1
shopgoodwill:SG-884754:sale,shopgoodwill,shopgoodwill,sale,2026-09-18,SG-884754,bluethrift65,buyer,7500,0,ShopGoodwill_Orders_2026-09.xlsx,700,1099,200,1
shopgoodwill:SG-884823:sale,shopgoodwill,shopgoodwill,sale,2026-09-18,SG-884823,luckydeals969,buyer,3400,0,ShopGoodwill_Orders_2026-09.xlsx,701,899,200,1
shopgoodwill:SG-884791:sale,shopgoodwill,shopgoodwill,sale,2026-09-18,SG-884791,sunnyfinds665,buyer,2300,0,ShopGoodwill_Orders_2026-09.xlsx,702,899,200,1
shopgoodwill:SG-884814:sale,shopgoodwill,shopgoodwill,sale,2026-09-18,SG-884814,sunnymaple342,buyer,6000,0,ShopGoodwill_Orders_2026-09.xlsx,703,1299,200,1
shopgoodwill:SG-884793:sale,shopgoodwill,shopgoodwill,sale,2026-09-18,SG-884793,rustyfox765,buyer,3900,0,ShopGoodwill_Orders_2026-09.xlsx,704,1299,200,1
shopgoodwill:SG-884740:sale,shopgoodwill,shopgoodwill,sale,2026-09-18,SG-884740,happypicker705,buyer,4500,0,ShopGoodwill_Orders_2026-09.xlsx,705,1499,200,1
shopgoodwill:SG-884801:sale,shopgoodwill,shopgoodwill,sale,2026-09-18,SG-884801,swifthound771,buyer,5800,0,ShopGoodwill_Orders_2026-09.xlsx,706,899,200,1
shopgoodwill:SG-884808:sale,shopgoodwill,shopgoodwill,sale,2026-09-18,SG-884808,rustymaple256,buyer,3700,0,ShopGoodwill_Orders_2026-09.xlsx,707,899,200,1
shopgoodwill:SG-884792:sale,shopgoodwill,shopgoodwill,sale,2026-09-18,SG-884792,luckybear997,buyer,3700,0,ShopGoodwill_Orders_2026-09.xlsx,708,1499,200,1
shopgoodwill:SG-884817:sale,shopgoodwill,shopgoodwill,sale,2026-09-18,SG-884817,goldenowl355,buyer,4500,0,ShopGoodwill_Orders_2026-09.xlsx,709,1099,200,1
shopgoodwill:SG-884784:sale,shopgoodwill,shopgoodwill,sale,2026-09-18,SG-884784,rustyriver107,buyer,8200,0,ShopGoodwill_Orders_2026-09.xlsx,710,1299,200,1
shopgoodwill:SG-884745:sale,shopgoodwill,shopgoodwill,sale,2026-09-18,SG-884745,quiethound442,buyer,6000,0,ShopGoodwill_Orders_2026-09.xlsx,711,1299,200,1
shopgoodwill:SG-884767:sale,shopgoodwill,shopgoodwill,sale,2026-09-18,SG-884767,sunnyfinds844,buyer,2700,0,ShopGoodwill_Orders_2026-09.xlsx,712,899,200,1
shopgoodwill:SG-884810:sale,shopgoodwill,shopgoodwill,sale,2026-09-18,SG-884810,sunnybear76,buyer,800,0,ShopGoodwill_Orders_2026-09.xlsx,713,1299,200,1
shopgoodwill:SG-884770:sale,shopgoodwill,shopgoodwill,sale,2026-09-18,SG-884770,quietowl201,buyer,3600,0,ShopGoodwill_Orders_2026-09.xlsx,714,899,200,1
shopgoodwill:SG-884743:sale,shopgoodwill,shopgoodwill,sale,2026-09-18,SG-884743,goldenriver205,buyer,5700,0,ShopGoodwill_Orders_2026-09.xlsx,715,1499,200,1
shopgoodwill:SG-884736:sale,shopgoodwill,shopgoodwill,sale,2026-09-18,SG-884736,quietbear230,buyer,3200,0,ShopGoodwill_Orders_2026-09.xlsx,716,899,200,1
shopgoodwill:SG-884794:sale,shopgoodwill,shopgoodwill,sale,2026-09-18,SG-884794,bluefinds54,buyer,4500,0,ShopGoodwill_Orders_2026-09.xlsx,717,899,200,1
shopgoodwill:SG-884772:sale,shopgoodwill,shopgoodwill,sale,2026-09-18,SG-884772,bluedeals463,buyer,1300,0,ShopGoodwill_Orders_2026-09.xlsx,718,1099,200,1
shopgoodwill:SG-884777:sale,shopgoodwill,shopgoodwill,sale,2026-09-18,SG-884777,luckymaple292,buyer,3100,0,ShopGoodwill_Orders_2026-09.xlsx,719,1299,200,1
shopgoodwill:SG-884774:sale,shopgoodwill,shopgoodwill,sale,2026-09-18,SG-884774,sunnythrift76,buyer,3300,0,ShopGoodwill_Orders_2026-09.xlsx,720,899,200,1
shopgoodwill:SG-884805:sale,shopgoodwill,shopgoodwill,sale,2026-09-18,SG-884805,bluedeals463,buyer,4800,0,ShopGoodwill_Orders_2026-09.xlsx,721,1099,200,1
shopgoodwill:SG-884790:sale,shopgoodwill,shopgoodwill,sale,2026-09-18,SG-884790,sunnyfox590,buyer,3500,0,ShopGoodwill_Orders_2026-09.xlsx,722,1499,200,1
shopgoodwill:SG-884844:sale,shopgoodwill,shopgoodwill,sale,2026-09-19,SG-884844,retrofinds594,buyer,7700,0,ShopGoodwill_Orders_2026-09.xlsx,723,1499,200,1
shopgoodwill:SG-884905:sale,shopgoodwill,shopgoodwill,sale,2026-09-19,SG-884905,northdeals393,buyer,1000,0,ShopGoodwill_Orders_2026-09.xlsx,724,1099,200,1
shopgoodwill:SG-884888:sale,shopgoodwill,shopgoodwill,sale,2026-09-19,SG-884888,sunnyhound266,buyer,1000,0,ShopGoodwill_Orders_2026-09.xlsx,725,899,200,1
shopgoodwill:SG-884860:sale,shopgoodwill,shopgoodwill,sale,2026-09-19,SG-884860,retrofinds176,buyer,2900,0,ShopGoodwill_Orders_2026-09.xlsx,726,899,200,1
shopgoodwill:SG-884876:sale,shopgoodwill,shopgoodwill,sale,2026-09-19,SG-884876,happyriver286,buyer,2100,0,ShopGoodwill_Orders_2026-09.xlsx,727,1499,200,1
shopgoodwill:SG-884868:sale,shopgoodwill,shopgoodwill,sale,2026-09-19,SG-884868,luckybear857,buyer,3200,0,ShopGoodwill_Orders_2026-09.xlsx,728,1099,200,1
shopgoodwill:SG-884927:sale,shopgoodwill,shopgoodwill,sale,2026-09-19,SG-884927,rustymaple994,buyer,2300,0,ShopGoodwill_Orders_2026-09.xlsx,729,1499,200,1
shopgoodwill:SG-884828:sale,shopgoodwill,shopgoodwill,sale,2026-09-19,SG-884828,luckybear997,buyer,1200,0,ShopGoodwill_Orders_2026-09.xlsx,730,1099,200,1
shopgoodwill:SG-884922:sale,shopgoodwill,shopgoodwill,sale,2026-09-19,SG-884922,quietriver207,buyer,3000,0,ShopGoodwill_Orders_2026-09.xlsx,731,899,200,1
shopgoodwill:SG-884826:sale,shopgoodwill,shopgoodwill,sale,2026-09-19,SG-884826,sunnypicker573,buyer,4200,0,ShopGoodwill_Orders_2026-09.xlsx,732,1499,200,1
shopgoodwill:SG-884932:sale,shopgoodwill,shopgoodwill,sale,2026-09-19,SG-884932,rustyriver353,buyer,1900,0,ShopGoodwill_Orders_2026-09.xlsx,733,1299,200,1
shopgoodwill:SG-884832:sale,shopgoodwill,shopgoodwill,sale,2026-09-19,SG-884832,luckyfox39,buyer,900,0,ShopGoodwill_Orders_2026-09.xlsx,734,1499,200,1
shopgoodwill:SG-884889:sale,shopgoodwill,shopgoodwill,sale,2026-09-19,SG-884889,sunnyfox590,buyer,5100,0,ShopGoodwill_Orders_2026-09.xlsx,735,1499,200,1
shopgoodwill:SG-884872:sale,shopgoodwill,shopgoodwill,sale,2026-09-19,SG-884872,bluehound115,buyer,1700,0,ShopGoodwill_Orders_2026-09.xlsx,736,1299,200,1
shopgoodwill:SG-884894:sale,shopgoodwill,shopgoodwill,sale,2026-09-19,SG-884894,sunnypicker573,buyer,7200,0,ShopGoodwill_Orders_2026-09.xlsx,737,899,200,1
shopgoodwill:SG-884834:sale,shopgoodwill,shopgoodwill,sale,2026-09-19,SG-884834,northpicker564,buyer,2800,0,ShopGoodwill_Orders_2026-09.xlsx,738,1299,200,1
shopgoodwill:SG-884911:sale,shopgoodwill,shopgoodwill,sale,2026-09-19,SG-884911,quietriver554,buyer,900,0,ShopGoodwill_Orders_2026-09.xlsx,739,1499,200,1
shopgoodwill:SG-884914:sale,shopgoodwill,shopgoodwill,sale,2026-09-19,SG-884914,goldenriver513,buyer,4300,0,ShopGoodwill_Orders_2026-09.xlsx,740,1499,200,1
shopgoodwill:SG-884842:sale,shopgoodwill,shopgoodwill,sale,2026-09-19,SG-884842,swiftowl491,buyer,500,0,ShopGoodwill_Orders_2026-09.xlsx,741,899,200,1
shopgoodwill:SG-884938:sale,shopgoodwill,shopgoodwill,sale,2026-09-19,SG-884938,norththrift327,buyer,4000,0,ShopGoodwill_Orders_2026-09.xlsx,742,1499,200,1
shopgoodwill:SG-884883:sale,shopgoodwill,shopgoodwill,sale,2026-09-19,SG-884883,northowl598,buyer,1600,0,ShopGoodwill_Orders_2026-09.xlsx,743,1499,200,1
shopgoodwill:SG-884930:sale,shopgoodwill,shopgoodwill,sale,2026-09-19,SG-884930,northpicker397,buyer,2700,0,ShopGoodwill_Orders_2026-09.xlsx,744,899,200,1
shopgoodwill:SG-884856:sale,shopgoodwill,shopgoodwill,sale,2026-09-19,SG-884856,sunnythrift76,buyer,600,0,ShopGoodwill_Orders_2026-09.xlsx,745,1299,200,1
shopgoodwill:SG-884866:sale,shopgoodwill,shopgoodwill,sale,2026-09-19,SG-884866,quietbear247,buyer,2100,0,ShopGoodwill_Orders_2026-09.xlsx,746,1299,200,1
shopgoodwill:SG-884854:sale,shopgoodwill,shopgoodwill,sale,2026-09-19,SG-884854,happydeals292,buyer,1900,0,ShopGoodwill_Orders_2026-09.xlsx,747,899,200,1
shopgoodwill:SG-884896:sale,shopgoodwill,shopgoodwill,sale,2026-09-19,SG-884896,blueowl160,buyer,1400,0,ShopGoodwill_Orders_2026-09.xlsx,748,1099,200,1
shopgoodwill:SG-884918:sale,shopgoodwill,shopgoodwill,sale,2026-09-19,SG-884918,retrothrift571,buyer,4900,0,ShopGoodwill_Orders_2026-09.xlsx,749,1499,200,1
shopgoodwill:SG-884909:sale,shopgoodwill,shopgoodwill,sale,2026-09-19,SG-884909,happypicker705,buyer,5400,0,ShopGoodwill_Orders_2026-09.xlsx,750,1099,200,1
shopgoodwill:SG-884910:sale,shopgoodwill,shopgoodwill,sale,2026-09-19,SG-884910,rustyowl451,buyer,1100,0,ShopGoodwill_Orders_2026-09.xlsx,751,1299,200,1
shopgoodwill:SG-884880:sale,shopgoodwill,shopgoodwill,sale,2026-09-19,SG-884880,swiftdeals534,buyer,3600,0,ShopGoodwill_Orders_2026-09.xlsx,752,1099,200,1
shopgoodwill:SG-884925:sale,shopgoodwill,shopgoodwill,sale,2026-09-19,SG-884925,swiftowl391,buyer,1300,0,ShopGoodwill_Orders_2026-09.xlsx,753,1299,200,1
shopgoodwill:SG-884903:sale,shopgoodwill,shopgoodwill,sale,2026-09-19,SG-884903,swiftmaple442,buyer,3400,0,ShopGoodwill_Orders_2026-09.xlsx,754,899,200,1
shopgoodwill:SG-884886:sale,shopgoodwill,shopgoodwill,sale,2026-09-19,SG-884886,goldenpicker387,buyer,4400,0,ShopGoodwill_Orders_2026-09.xlsx,755,1499,200,1
shopgoodwill:SG-884847:sale,shopgoodwill,shopgoodwill,sale,2026-09-19,SG-884847,swiftpicker358,buyer,6000,0,ShopGoodwill_Orders_2026-09.xlsx,756,899,200,1
shopgoodwill:SG-884837:sale,shopgoodwill,shopgoodwill,sale,2026-09-19,SG-884837,swiftowl391,buyer,2300,0,ShopGoodwill_Orders_2026-09.xlsx,757,899,200,1
shopgoodwill:SG-884891:sale,shopgoodwill,shopgoodwill,sale,2026-09-19,SG-884891,sunnyfox622,buyer,5300,0,ShopGoodwill_Orders_2026-09.xlsx,758,1499,200,1
shopgoodwill:SG-884840:sale,shopgoodwill,shopgoodwill,sale,2026-09-19,SG-884840,quietdeals834,buyer,800,0,ShopGoodwill_Orders_2026-09.xlsx,759,1099,200,1
shopgoodwill:SG-884862:sale,shopgoodwill,shopgoodwill,sale,2026-09-19,SG-884862,quietbear247,buyer,1300,0,ShopGoodwill_Orders_2026-09.xlsx,760,1499,200,1
shopgoodwill:SG-884935:sale,shopgoodwill,shopgoodwill,sale,2026-09-19,SG-884935,bluefox377,buyer,6000,0,ShopGoodwill_Orders_2026-09.xlsx,761,899,200,1
shopgoodwill:SG-884852:sale,shopgoodwill,shopgoodwill,sale,2026-09-19,SG-884852,luckyriver667,buyer,1200,0,ShopGoodwill_Orders_2026-09.xlsx,762,1299,200,1
shopgoodwill:SG-884921:sale,shopgoodwill,shopgoodwill,sale,2026-09-19,SG-884921,swiftfinds707,buyer,5200,0,ShopGoodwill_Orders_2026-09.xlsx,763,1299,200,1
shopgoodwill:SG-884882:sale,shopgoodwill,shopgoodwill,sale,2026-09-19,SG-884882,goldenbear150,buyer,700,0,ShopGoodwill_Orders_2026-09.xlsx,764,899,200,1
shopgoodwill:SG-884900:sale,shopgoodwill,shopgoodwill,sale,2026-09-19,SG-884900,rustythrift48,buyer,2500,0,ShopGoodwill_Orders_2026-09.xlsx,765,899,200,1
shopgoodwill:SG-884850:sale,shopgoodwill,shopgoodwill,sale,2026-09-19,SG-884850,swiftfinds597,buyer,11700,0,ShopGoodwill_Orders_2026-09.xlsx,766,1299,200,1
shopgoodwill:SG-884946:sale,shopgoodwill,shopgoodwill,sale,2026-09-20,SG-884946,retrofox189,buyer,700,0,ShopGoodwill_Orders_2026-09.xlsx,767,899,200,1
shopgoodwill:SG-884977:sale,shopgoodwill,shopgoodwill,sale,2026-09-20,SG-884977,quietbear247,buyer,1800,0,ShopGoodwill_Orders_2026-09.xlsx,768,899,200,1
shopgoodwill:SG-885012:sale,shopgoodwill,shopgoodwill,sale,2026-09-20,SG-885012,sunnythrift76,buyer,6600,0,ShopGoodwill_Orders_2026-09.xlsx,769,1499,200,1
shopgoodwill:SG-884971:sale,shopgoodwill,shopgoodwill,sale,2026-09-20,SG-884971,happythrift947,buyer,8300,0,ShopGoodwill_Orders_2026-09.xlsx,770,1299,200,1
shopgoodwill:SG-885002:sale,shopgoodwill,shopgoodwill,sale,2026-09-20,SG-885002,luckyfox994,buyer,600,0,ShopGoodwill_Orders_2026-09.xlsx,771,1499,200,1
shopgoodwill:SG-884943:sale,shopgoodwill,shopgoodwill,sale,2026-09-20,SG-884943,happydeals292,buyer,2400,0,ShopGoodwill_Orders_2026-09.xlsx,772,1099,200,1
shopgoodwill:SG-885013:sale,shopgoodwill,shopgoodwill,sale,2026-09-20,SG-885013,quietfox686,buyer,900,0,ShopGoodwill_Orders_2026-09.xlsx,773,1299,200,1
shopgoodwill:SG-884986:sale,shopgoodwill,shopgoodwill,sale,2026-09-20,SG-884986,sunnybear338,buyer,5500,0,ShopGoodwill_Orders_2026-09.xlsx,774,1099,200,1
shopgoodwill:SG-885007:sale,shopgoodwill,shopgoodwill,sale,2026-09-20,SG-885007,quietdeals834,buyer,3100,0,ShopGoodwill_Orders_2026-09.xlsx,775,1499,200,1
shopgoodwill:SG-884994:sale,shopgoodwill,shopgoodwill,sale,2026-09-20,SG-884994,goldenfinds169,buyer,6100,0,ShopGoodwill_Orders_2026-09.xlsx,776,1499,200,1
shopgoodwill:SG-885016:sale,shopgoodwill,shopgoodwill,sale,2026-09-20,SG-885016,goldenhound277,buyer,2300,0,ShopGoodwill_Orders_2026-09.xlsx,777,899,200,1
shopgoodwill:SG-885010:sale,shopgoodwill,shopgoodwill,sale,2026-09-20,SG-885010,bluefox301,buyer,5700,0,ShopGoodwill_Orders_2026-09.xlsx,778,1099,200,1
shopgoodwill:SG-885009:sale,shopgoodwill,shopgoodwill,sale,2026-09-20,SG-885009,swifthound696,buyer,5900,0,ShopGoodwill_Orders_2026-09.xlsx,779,1299,200,1
shopgoodwill:SG-884960:sale,shopgoodwill,shopgoodwill,sale,2026-09-20,SG-884960,swiftdeals121,buyer,900,0,ShopGoodwill_Orders_2026-09.xlsx,780,1499,200,1
shopgoodwill:SG-884989:sale,shopgoodwill,shopgoodwill,sale,2026-09-20,SG-884989,goldenriver205,buyer,3500,0,ShopGoodwill_Orders_2026-09.xlsx,781,1299,200,1
shopgoodwill:SG-885001:sale,shopgoodwill,shopgoodwill,sale,2026-09-20,SG-885001,swiftmaple809,buyer,3800,0,ShopGoodwill_Orders_2026-09.xlsx,782,1499,200,1
shopgoodwill:SG-884998:sale,shopgoodwill,shopgoodwill,sale,2026-09-20,SG-884998,goldenhound277,buyer,2300,0,ShopGoodwill_Orders_2026-09.xlsx,783,1099,200,1
shopgoodwill:SG-884995:sale,shopgoodwill,shopgoodwill,sale,2026-09-20,SG-884995,goldenfinds169,buyer,3800,0,ShopGoodwill_Orders_2026-09.xlsx,784,899,200,1
shopgoodwill:SG-884983:sale,shopgoodwill,shopgoodwill,sale,2026-09-20,SG-884983,bluefox645,buyer,1500,0,ShopGoodwill_Orders_2026-09.xlsx,785,1099,200,1
shopgoodwill:SG-884953:sale,shopgoodwill,shopgoodwill,sale,2026-09-20,SG-884953,retroriver972,buyer,1500,0,ShopGoodwill_Orders_2026-09.xlsx,786,1299,200,1
shopgoodwill:SG-885014:sale,shopgoodwill,shopgoodwill,sale,2026-09-20,SG-885014,retroowl844,buyer,2800,0,ShopGoodwill_Orders_2026-09.xlsx,787,899,200,1
shopgoodwill:SG-884947:sale,shopgoodwill,shopgoodwill,sale,2026-09-20,SG-884947,northriver733,buyer,1600,0,ShopGoodwill_Orders_2026-09.xlsx,788,1299,200,1
shopgoodwill:SG-884967:sale,shopgoodwill,shopgoodwill,sale,2026-09-20,SG-884967,retropicker448,buyer,2700,0,ShopGoodwill_Orders_2026-09.xlsx,789,1099,200,1
shopgoodwill:SG-885019:sale,shopgoodwill,shopgoodwill,sale,2026-09-20,SG-885019,luckyriver667,buyer,5800,0,ShopGoodwill_Orders_2026-09.xlsx,790,1499,200,1
shopgoodwill:SG-885015:sale,shopgoodwill,shopgoodwill,sale,2026-09-20,SG-885015,goldenhound930,buyer,6300,0,ShopGoodwill_Orders_2026-09.xlsx,791,1099,200,1
shopgoodwill:SG-884948:sale,shopgoodwill,shopgoodwill,sale,2026-09-20,SG-884948,quietthrift983,buyer,4200,0,ShopGoodwill_Orders_2026-09.xlsx,792,1499,200,1
shopgoodwill:SG-884996:sale,shopgoodwill,shopgoodwill,sale,2026-09-20,SG-884996,swifthound540,buyer,4800,0,ShopGoodwill_Orders_2026-09.xlsx,793,1499,200,1
shopgoodwill:SG-884991:sale,shopgoodwill,shopgoodwill,sale,2026-09-20,SG-884991,quietbear896,buyer,2000,0,ShopGoodwill_Orders_2026-09.xlsx,794,899,200,1
shopgoodwill:SG-884957:sale,shopgoodwill,shopgoodwill,sale,2026-09-20,SG-884957,retropicker448,buyer,1300,0,ShopGoodwill_Orders_2026-09.xlsx,795,1499,200,1
shopgoodwill:SG-884939:sale,shopgoodwill,shopgoodwill,sale,2026-09-20,SG-884939,quietfox686,buyer,3500,0,ShopGoodwill_Orders_2026-09.xlsx,796,899,200,1
shopgoodwill:SG-884980:sale,shopgoodwill,shopgoodwill,sale,2026-09-20,SG-884980,bluebear828,buyer,4300,0,ShopGoodwill_Orders_2026-09.xlsx,797,899,200,1
shopgoodwill:SG-884974:sale,shopgoodwill,shopgoodwill,sale,2026-09-20,SG-884974,swiftowl491,buyer,3900,0,ShopGoodwill_Orders_2026-09.xlsx,798,899,200,1
shopgoodwill:SG-884959:sale,shopgoodwill,shopgoodwill,sale,2026-09-20,SG-884959,quietmaple512,buyer,3900,0,ShopGoodwill_Orders_2026-09.xlsx,799,1099,200,1
shopgoodwill:SG-884962:sale,shopgoodwill,shopgoodwill,sale,2026-09-20,SG-884962,retropicker67,buyer,1900,0,ShopGoodwill_Orders_2026-09.xlsx,800,1299,200,1
shopgoodwill:SG-884964:sale,shopgoodwill,shopgoodwill,sale,2026-09-20,SG-884964,quietmaple192,buyer,5400,0,ShopGoodwill_Orders_2026-09.xlsx,801,1099,200,1
shopgoodwill:SG-885004:sale,shopgoodwill,shopgoodwill,sale,2026-09-20,SG-885004,quietriver487,buyer,3500,0,ShopGoodwill_Orders_2026-09.xlsx,802,899,200,1
shopgoodwill:SG-884952:sale,shopgoodwill,shopgoodwill,sale,2026-09-20,SG-884952,quiethound911,buyer,4900,0,ShopGoodwill_Orders_2026-09.xlsx,803,1299,200,1
shopgoodwill:SG-884973:sale,shopgoodwill,shopgoodwill,sale,2026-09-20,SG-884973,swiftpicker358,buyer,4500,0,ShopGoodwill_Orders_2026-09.xlsx,804,1099,200,1
shopgoodwill:SG-885061:sale,shopgoodwill,shopgoodwill,sale,2026-09-21,SG-885061,retrothrift752,buyer,1300,0,ShopGoodwill_Orders_2026-09.xlsx,805,899,200,1
shopgoodwill:SG-885047:sale,shopgoodwill,shopgoodwill,sale,2026-09-21,SG-885047,swiftfox947,buyer,1000,0,ShopGoodwill_Orders_2026-09.xlsx,806,1099,200,1
shopgoodwill:SG-885118:sale,shopgoodwill,shopgoodwill,sale,2026-09-21,SG-885118,retrohound328,buyer,2900,0,ShopGoodwill_Orders_2026-09.xlsx,807,1499,200,1
shopgoodwill:SG-885140:sale,shopgoodwill,shopgoodwill,sale,2026-09-21,SG-885140,rustyriver107,buyer,3600,0,ShopGoodwill_Orders_2026-09.xlsx,808,1299,200,1
shopgoodwill:SG-885066:sale,shopgoodwill,shopgoodwill,sale,2026-09-21,SG-885066,goldenfinds169,buyer,4700,0,ShopGoodwill_Orders_2026-09.xlsx,809,899,200,1
shopgoodwill:SG-885148:sale,shopgoodwill,shopgoodwill,sale,2026-09-21,SG-885148,luckybear857,buyer,2000,0,ShopGoodwill_Orders_2026-09.xlsx,810,1499,200,1
shopgoodwill:SG-885053:sale,shopgoodwill,shopgoodwill,sale,2026-09-21,SG-885053,quietfinds697,buyer,8400,0,ShopGoodwill_Orders_2026-09.xlsx,811,1099,200,1
shopgoodwill:SG-885102:sale,shopgoodwill,shopgoodwill,sale,2026-09-21,SG-885102,rustyhound434,buyer,1500,0,ShopGoodwill_Orders_2026-09.xlsx,812,899,200,1
shopgoodwill:SG-885121:sale,shopgoodwill,shopgoodwill,sale,2026-09-21,SG-885121,rustyfox121,buyer,1400,0,ShopGoodwill_Orders_2026-09.xlsx,813,899,200,1
shopgoodwill:SG-885107:sale,shopgoodwill,shopgoodwill,sale,2026-09-21,SG-885107,goldenriver348,buyer,2600,0,ShopGoodwill_Orders_2026-09.xlsx,814,1099,200,1
shopgoodwill:SG-885137:sale,shopgoodwill,shopgoodwill,sale,2026-09-21,SG-885137,retroowl470,buyer,1400,0,ShopGoodwill_Orders_2026-09.xlsx,815,1299,200,1
shopgoodwill:SG-885110:sale,shopgoodwill,shopgoodwill,sale,2026-09-21,SG-885110,luckyfinds131,buyer,1500,0,ShopGoodwill_Orders_2026-09.xlsx,816,899,200,1
shopgoodwill:SG-885125:sale,shopgoodwill,shopgoodwill,sale,2026-09-21,SG-885125,rustythrift117,buyer,5600,0,ShopGoodwill_Orders_2026-09.xlsx,817,1499,200,1
shopgoodwill:SG-885027:sale,shopgoodwill,shopgoodwill,sale,2026-09-21,SG-885027,retrofox431,buyer,2500,0,ShopGoodwill_Orders_2026-09.xlsx,818,1499,200,1
shopgoodwill:SG-885084:sale,shopgoodwill,shopgoodwill,sale,2026-09-21,SG-885084,quietriver270,buyer,900,0,ShopGoodwill_Orders_2026-09.xlsx,819,1299,200,1
shopgoodwill:SG-885062:sale,shopgoodwill,shopgoodwill,sale,2026-09-21,SG-885062,quietmaple192,buyer,3400,0,ShopGoodwill_Orders_2026-09.xlsx,820,1499,200,1
shopgoodwill:SG-885153:sale,shopgoodwill,shopgoodwill,sale,2026-09-21,SG-885153,happyowl698,buyer,3700,0,ShopGoodwill_Orders_2026-09.xlsx,821,1499,200,1
shopgoodwill:SG-885130:sale,shopgoodwill,shopgoodwill,sale,2026-09-21,SG-885130,happymaple9,buyer,1500,0,ShopGoodwill_Orders_2026-09.xlsx,822,1299,200,1
shopgoodwill:SG-885049:sale,shopgoodwill,shopgoodwill,sale,2026-09-21,SG-885049,swiftmaple442,buyer,2000,0,ShopGoodwill_Orders_2026-09.xlsx,823,1299,200,1
shopgoodwill:SG-885063:sale,shopgoodwill,shopgoodwill,sale,2026-09-21,SG-885063,northpicker397,buyer,5500,0,ShopGoodwill_Orders_2026-09.xlsx,824,1099,200,1
shopgoodwill:SG-885117:sale,shopgoodwill,shopgoodwill,sale,2026-09-21,SG-885117,quietriver358,buyer,1000,0,ShopGoodwill_Orders_2026-09.xlsx,825,1299,200,1
shopgoodwill:SG-885152:sale,shopgoodwill,shopgoodwill,sale,2026-09-21,SG-885152,happyowl698,buyer,3900,0,ShopGoodwill_Orders_2026-09.xlsx,826,1299,200,1
shopgoodwill:SG-885040:sale,shopgoodwill,shopgoodwill,sale,2026-09-21,SG-885040,goldenfinds282,buyer,11700,0,ShopGoodwill_Orders_2026-09.xlsx,827,1499,200,1
shopgoodwill:SG-885099:sale,shopgoodwill,shopgoodwill,sale,2026-09-21,SG-885099,swiftmaple442,buyer,8400,0,ShopGoodwill_Orders_2026-09.xlsx,828,1499,200,1
shopgoodwill:SG-885134:sale,shopgoodwill,shopgoodwill,sale,2026-09-21,SG-885134,sunnyfox391,buyer,1500,0,ShopGoodwill_Orders_2026-09.xlsx,829,1299,200,1
shopgoodwill:SG-885037:sale,shopgoodwill,shopgoodwill,sale,2026-09-21,SG-885037,sunnymaple931,buyer,6700,0,ShopGoodwill_Orders_2026-09.xlsx,830,1299,200,1
shopgoodwill:SG-885135:sale,shopgoodwill,shopgoodwill,sale,2026-09-21,SG-885135,goldenriver80,buyer,2100,0,ShopGoodwill_Orders_2026-09.xlsx,831,1299,200,1
shopgoodwill:SG-885050:sale,shopgoodwill,shopgoodwill,sale,2026-09-21,SG-885050,quiethound605,buyer,3300,0,ShopGoodwill_Orders_2026-09.xlsx,832,1299,200,1
shopgoodwill:SG-885098:sale,shopgoodwill,shopgoodwill,sale,2026-09-21,SG-885098,bluethrift30,buyer,1900,0,ShopGoodwill_Orders_2026-09.xlsx,833,1099,200,1
shopgoodwill:SG-885105:sale,shopgoodwill,shopgoodwill,sale,2026-09-21,SG-885105,sunnyfinds665,buyer,1200,0,ShopGoodwill_Orders_2026-09.xlsx,834,1299,200,1
shopgoodwill:SG-885057:sale,shopgoodwill,shopgoodwill,sale,2026-09-21,SG-885057,swiftfinds142,buyer,2100,0,ShopGoodwill_Orders_2026-09.xlsx,835,899,200,1
shopgoodwill:SG-885035:sale,shopgoodwill,shopgoodwill,sale,2026-09-21,SG-885035,bluedeals463,buyer,1100,0,ShopGoodwill_Orders_2026-09.xlsx,836,1299,200,1
shopgoodwill:SG-885144:sale,shopgoodwill,shopgoodwill,sale,2026-09-21,SG-885144,bluefox645,buyer,7600,0,ShopGoodwill_Orders_2026-09.xlsx,837,1499,200,1
shopgoodwill:SG-885087:sale,shopgoodwill,shopgoodwill,sale,2026-09-21,SG-885087,goldendeals658,buyer,5500,0,ShopGoodwill_Orders_2026-09.xlsx,838,899,200,1
shopgoodwill:SG-885076:sale,shopgoodwill,shopgoodwill,sale,2026-09-21,SG-885076,swifthound696,buyer,6600,0,ShopGoodwill_Orders_2026-09.xlsx,839,899,200,1
shopgoodwill:SG-885089:sale,shopgoodwill,shopgoodwill,sale,2026-09-21,SG-885089,northdeals658,buyer,4500,0,ShopGoodwill_Orders_2026-09.xlsx,840,1499,200,1
shopgoodwill:SG-885070:sale,shopgoodwill,shopgoodwill,sale,2026-09-21,SG-885070,happydeals292,buyer,3300,0,ShopGoodwill_Orders_2026-09.xlsx,841,899,200,1
shopgoodwill:SG-885064:sale,shopgoodwill,shopgoodwill,sale,2026-09-21,SG-885064,quietdeals834,buyer,2800,0,ShopGoodwill_Orders_2026-09.xlsx,842,1299,200,1
shopgoodwill:SG-885045:sale,shopgoodwill,shopgoodwill,sale,2026-09-21,SG-885045,sunnyfox590,buyer,5300,0,ShopGoodwill_Orders_2026-09.xlsx,843,1299,200,1
shopgoodwill:SG-885058:sale,shopgoodwill,shopgoodwill,sale,2026-09-21,SG-885058,sunnyfox391,buyer,900,0,ShopGoodwill_Orders_2026-09.xlsx,844,1099,200,1
shopgoodwill:SG-885108:sale,shopgoodwill,shopgoodwill,sale,2026-09-21,SG-885108,bluedeals51,buyer,1300,0,ShopGoodwill_Orders_2026-09.xlsx,845,899,200,1
shopgoodwill:SG-885030:sale,shopgoodwill,shopgoodwill,sale,2026-09-21,SG-885030,swiftmaple809,buyer,1300,0,ShopGoodwill_Orders_2026-09.xlsx,846,899,200,1
shopgoodwill:SG-885080:sale,shopgoodwill,shopgoodwill,sale,2026-09-21,SG-885080,luckyowl234,buyer,1800,0,ShopGoodwill_Orders_2026-09.xlsx,847,899,200,1
shopgoodwill:SG-885139:sale,shopgoodwill,shopgoodwill,sale,2026-09-21,SG-885139,happydeals292,buyer,5900,0,ShopGoodwill_Orders_2026-09.xlsx,848,1099,200,1
shopgoodwill:SG-885020:sale,shopgoodwill,shopgoodwill,sale,2026-09-21,SG-885020,quietriver358,buyer,4700,0,ShopGoodwill_Orders_2026-09.xlsx,849,1499,200,1
shopgoodwill:SG-885097:sale,shopgoodwill,shopgoodwill,sale,2026-09-21,SG-885097,northowl598,buyer,1900,0,ShopGoodwill_Orders_2026-09.xlsx,850,1499,200,1
shopgoodwill:SG-885093:sale,shopgoodwill,shopgoodwill,sale,2026-09-21,SG-885093,swiftmaple809,buyer,3500,0,ShopGoodwill_Orders_2026-09.xlsx,851,1499,200,1
shopgoodwill:SG-885032:sale,shopgoodwill,shopgoodwill,sale,2026-09-21,SG-885032,quietmaple68,buyer,1300,0,ShopGoodwill_Orders_2026-09.xlsx,852,1499,200,1
shopgoodwill:SG-885071:sale,shopgoodwill,shopgoodwill,sale,2026-09-21,SG-885071,quietbear247,buyer,1200,0,ShopGoodwill_Orders_2026-09.xlsx,853,1099,200,1
shopgoodwill:SG-885024:sale,shopgoodwill,shopgoodwill,sale,2026-09-21,SG-885024,goldenfox575,buyer,4600,0,ShopGoodwill_Orders_2026-09.xlsx,854,899,200,1
shopgoodwill:SG-885128:sale,shopgoodwill,shopgoodwill,sale,2026-09-21,SG-885128,retropicker448,buyer,4100,0,ShopGoodwill_Orders_2026-09.xlsx,855,1099,200,1
shopgoodwill:SG-885075:sale,shopgoodwill,shopgoodwill,sale,2026-09-21,SG-885075,bluedeals51,buyer,5800,0,ShopGoodwill_Orders_2026-09.xlsx,856,1099,200,1
shopgoodwill:SG-885086:sale,shopgoodwill,shopgoodwill,sale,2026-09-21,SG-885086,retrohound141,buyer,1100,0,ShopGoodwill_Orders_2026-09.xlsx,857,1099,200,1
shopgoodwill:SG-885113:sale,shopgoodwill,shopgoodwill,sale,2026-09-21,SG-885113,happymaple330,buyer,2400,0,ShopGoodwill_Orders_2026-09.xlsx,858,1299,200,1
shopgoodwill:SG-885044:sale,shopgoodwill,shopgoodwill,sale,2026-09-21,SG-885044,happyfox155,buyer,1000,0,ShopGoodwill_Orders_2026-09.xlsx,859,1099,200,1
shopgoodwill:SG-885214:sale,shopgoodwill,shopgoodwill,sale,2026-09-22,SG-885214,sunnythrift103,buyer,5100,0,ShopGoodwill_Orders_2026-09.xlsx,860,1499,200,1
shopgoodwill:SG-885158:sale,shopgoodwill,shopgoodwill,sale,2026-09-22,SG-885158,luckyfox994,buyer,2800,0,ShopGoodwill_Orders_2026-09.xlsx,861,1499,200,1
shopgoodwill:SG-885235:sale,shopgoodwill,shopgoodwill,sale,2026-09-22,SG-885235,rustybear371,buyer,800,0,ShopGoodwill_Orders_2026-09.xlsx,862,1499,200,1
shopgoodwill:SG-885157:sale,shopgoodwill,shopgoodwill,sale,2026-09-22,SG-885157,luckyfinds317,buyer,6200,0,ShopGoodwill_Orders_2026-09.xlsx,863,1299,200,1
shopgoodwill:SG-885230:sale,shopgoodwill,shopgoodwill,sale,2026-09-22,SG-885230,goldendeals658,buyer,3000,0,ShopGoodwill_Orders_2026-09.xlsx,864,1099,200,1
shopgoodwill:SG-885188:sale,shopgoodwill,shopgoodwill,sale,2026-09-22,SG-885188,happyowl698,buyer,1800,0,ShopGoodwill_Orders_2026-09.xlsx,865,899,200,1
shopgoodwill:SG-885181:sale,shopgoodwill,shopgoodwill,sale,2026-09-22,SG-885181,goldenhound138,buyer,1400,0,ShopGoodwill_Orders_2026-09.xlsx,866,1299,200,1
shopgoodwill:SG-885166:sale,shopgoodwill,shopgoodwill,sale,2026-09-22,SG-885166,quietdeals834,buyer,2200,0,ShopGoodwill_Orders_2026-09.xlsx,867,1299,200,1
shopgoodwill:SG-885215:sale,shopgoodwill,shopgoodwill,sale,2026-09-22,SG-885215,luckyhound716,buyer,4800,0,ShopGoodwill_Orders_2026-09.xlsx,868,899,200,1
shopgoodwill:SG-885196:sale,shopgoodwill,shopgoodwill,sale,2026-09-22,SG-885196,swiftmaple677,buyer,1800,0,ShopGoodwill_Orders_2026-09.xlsx,869,899,200,1
shopgoodwill:SG-885242:sale,shopgoodwill,shopgoodwill,sale,2026-09-22,SG-885242,rustythrift117,buyer,1600,0,ShopGoodwill_Orders_2026-09.xlsx,870,1299,200,1
shopgoodwill:SG-885246:sale,shopgoodwill,shopgoodwill,sale,2026-09-22,SG-885246,goldenhound380,buyer,2900,0,ShopGoodwill_Orders_2026-09.xlsx,871,1499,200,1
shopgoodwill:SG-885170:sale,shopgoodwill,shopgoodwill,sale,2026-09-22,SG-885170,sunnyriver981,buyer,1300,0,ShopGoodwill_Orders_2026-09.xlsx,872,1299,200,1
shopgoodwill:SG-885228:sale,shopgoodwill,shopgoodwill,sale,2026-09-22,SG-885228,swifthound540,buyer,900,0,ShopGoodwill_Orders_2026-09.xlsx,873,1499,200,1
shopgoodwill:SG-885173:sale,shopgoodwill,shopgoodwill,sale,2026-09-22,SG-885173,sunnyfox757,buyer,2800,0,ShopGoodwill_Orders_2026-09.xlsx,874,1299,200,1
shopgoodwill:SG-885179:sale,shopgoodwill,shopgoodwill,sale,2026-09-22,SG-885179,northowl598,buyer,3000,0,ShopGoodwill_Orders_2026-09.xlsx,875,1499,200,1
shopgoodwill:SG-885208:sale,shopgoodwill,shopgoodwill,sale,2026-09-22,SG-885208,northhound801,buyer,1000,0,ShopGoodwill_Orders_2026-09.xlsx,876,1299,200,1
shopgoodwill:SG-885174:sale,shopgoodwill,shopgoodwill,sale,2026-09-22,SG-885174,goldenhound930,buyer,1000,0,ShopGoodwill_Orders_2026-09.xlsx,877,1099,200,1
shopgoodwill:SG-885210:sale,shopgoodwill,shopgoodwill,sale,2026-09-22,SG-885210,luckybear767,buyer,6800,0,ShopGoodwill_Orders_2026-09.xlsx,878,899,200,1
shopgoodwill:SG-885236:sale,shopgoodwill,shopgoodwill,sale,2026-09-22,SG-885236,quietthrift253,buyer,1500,0,ShopGoodwill_Orders_2026-09.xlsx,879,1099,200,1
shopgoodwill:SG-885186:sale,shopgoodwill,shopgoodwill,sale,2026-09-22,SG-885186,blueriver129,buyer,2200,0,ShopGoodwill_Orders_2026-09.xlsx,880,1299,200,1
shopgoodwill:SG-885159:sale,shopgoodwill,shopgoodwill,sale,2026-09-22,SG-885159,bluepicker634,buyer,4600,0,ShopGoodwill_Orders_2026-09.xlsx,881,1099,200,1
shopgoodwill:SG-885220:sale,shopgoodwill,shopgoodwill,sale,2026-09-22,SG-885220,sunnyriver907,buyer,1600,0,ShopGoodwill_Orders_2026-09.xlsx,882,1499,200,1
shopgoodwill:SG-885163:sale,shopgoodwill,shopgoodwill,sale,2026-09-22,SG-885163,luckypicker848,buyer,1100,0,ShopGoodwill_Orders_2026-09.xlsx,883,1499,200,1
shopgoodwill:SG-885234:sale,shopgoodwill,shopgoodwill,sale,2026-09-22,SG-885234,swiftriver876,buyer,1300,0,ShopGoodwill_Orders_2026-09.xlsx,884,1099,200,1
shopgoodwill:SG-885219:sale,shopgoodwill,shopgoodwill,sale,2026-09-22,SG-885219,rustyriver107,buyer,4100,0,ShopGoodwill_Orders_2026-09.xlsx,885,1099,200,1
shopgoodwill:SG-885239:sale,shopgoodwill,shopgoodwill,sale,2026-09-22,SG-885239,rustypicker237,buyer,700,0,ShopGoodwill_Orders_2026-09.xlsx,886,1499,200,1
shopgoodwill:SG-885154:sale,shopgoodwill,shopgoodwill,sale,2026-09-22,SG-885154,luckydeals227,buyer,900,0,ShopGoodwill_Orders_2026-09.xlsx,887,1099,200,1
shopgoodwill:SG-885224:sale,shopgoodwill,shopgoodwill,sale,2026-09-22,SG-885224,rustyfox594,buyer,1600,0,ShopGoodwill_Orders_2026-09.xlsx,888,1099,200,1
shopgoodwill:SG-885182:sale,shopgoodwill,shopgoodwill,sale,2026-09-22,SG-885182,rustythrift50,buyer,3100,0,ShopGoodwill_Orders_2026-09.xlsx,889,1299,200,1
shopgoodwill:SG-885201:sale,shopgoodwill,shopgoodwill,sale,2026-09-22,SG-885201,swiftthrift974,buyer,2100,0,ShopGoodwill_Orders_2026-09.xlsx,890,1099,200,1
shopgoodwill:SG-885204:sale,shopgoodwill,shopgoodwill,sale,2026-09-22,SG-885204,rustybear248,buyer,4400,0,ShopGoodwill_Orders_2026-09.xlsx,891,1099,200,1
shopgoodwill:SG-885193:sale,shopgoodwill,shopgoodwill,sale,2026-09-22,SG-885193,retropicker448,buyer,4200,0,ShopGoodwill_Orders_2026-09.xlsx,892,899,200,1
shopgoodwill:SG-885247:sale,shopgoodwill,shopgoodwill,sale,2026-09-22,SG-885247,retrodeals240,buyer,1300,0,ShopGoodwill_Orders_2026-09.xlsx,893,1099,200,1
shopgoodwill:SG-885199:sale,shopgoodwill,shopgoodwill,sale,2026-09-22,SG-885199,rustyriver353,buyer,2700,0,ShopGoodwill_Orders_2026-09.xlsx,894,1099,200,1
shopgoodwill:SG-885205:sale,shopgoodwill,shopgoodwill,sale,2026-09-22,SG-885205,northowl354,buyer,1800,0,ShopGoodwill_Orders_2026-09.xlsx,895,899,200,1
shopgoodwill:SG-885165:sale,shopgoodwill,shopgoodwill,sale,2026-09-22,SG-885165,retroowl844,buyer,3900,0,ShopGoodwill_Orders_2026-09.xlsx,896,1499,200,1
shopgoodwill:SG-885222:sale,shopgoodwill,shopgoodwill,sale,2026-09-22,SG-885222,retrothrift571,buyer,4200,0,ShopGoodwill_Orders_2026-09.xlsx,897,1299,200,1
shopgoodwill:SG-885190:sale,shopgoodwill,shopgoodwill,sale,2026-09-22,SG-885190,bluethrift67,buyer,3000,0,ShopGoodwill_Orders_2026-09.xlsx,898,1299,200,1
shopgoodwill:SG-885178:sale,shopgoodwill,shopgoodwill,sale,2026-09-22,SG-885178,sunnyfinds665,buyer,900,0,ShopGoodwill_Orders_2026-09.xlsx,899,1299,200,1
shopgoodwill:SG-885229:sale,shopgoodwill,shopgoodwill,sale,2026-09-22,SG-885229,sunnyfinds636,buyer,5300,0,ShopGoodwill_Orders_2026-09.xlsx,900,899,200,1
shopgoodwill:SG-885269:sale,shopgoodwill,shopgoodwill,sale,2026-09-23,SG-885269,rustythrift50,buyer,2000,0,ShopGoodwill_Orders_2026-09.xlsx,901,1499,200,1
shopgoodwill:SG-885279:sale,shopgoodwill,shopgoodwill,sale,2026-09-23,SG-885279,sunnybear338,buyer,2300,0,ShopGoodwill_Orders_2026-09.xlsx,902,1499,200,1
shopgoodwill:SG-885300:sale,shopgoodwill,shopgoodwill,sale,2026-09-23,SG-885300,swiftdeals627,buyer,2600,0,ShopGoodwill_Orders_2026-09.xlsx,903,1499,200,1
shopgoodwill:SG-885277:sale,shopgoodwill,shopgoodwill,sale,2026-09-23,SG-885277,bluethrift30,buyer,4200,0,ShopGoodwill_Orders_2026-09.xlsx,904,1099,200,1
shopgoodwill:SG-885263:sale,shopgoodwill,shopgoodwill,sale,2026-09-23,SG-885263,northbear59,buyer,2000,0,ShopGoodwill_Orders_2026-09.xlsx,905,1099,200,1
shopgoodwill:SG-885253:sale,shopgoodwill,shopgoodwill,sale,2026-09-23,SG-885253,goldenhound106,buyer,3400,0,ShopGoodwill_Orders_2026-09.xlsx,906,1499,200,1
shopgoodwill:SG-885270:sale,shopgoodwill,shopgoodwill,sale,2026-09-23,SG-885270,luckymaple347,buyer,4900,0,ShopGoodwill_Orders_2026-09.xlsx,907,1499,200,1
shopgoodwill:SG-885257:sale,shopgoodwill,shopgoodwill,sale,2026-09-23,SG-885257,northdeals393,buyer,1500,0,ShopGoodwill_Orders_2026-09.xlsx,908,899,200,1
shopgoodwill:SG-885259:sale,shopgoodwill,shopgoodwill,sale,2026-09-23,SG-885259,northowl969,buyer,7800,0,ShopGoodwill_Orders_2026-09.xlsx,909,1499,200,1
shopgoodwill:SG-885274:sale,shopgoodwill,shopgoodwill,sale,2026-09-23,SG-885274,sunnyfox590,buyer,1000,0,ShopGoodwill_Orders_2026-09.xlsx,910,1499,200,1
shopgoodwill:SG-885290:sale,shopgoodwill,shopgoodwill,sale,2026-09-23,SG-885290,rustybear157,buyer,1900,0,ShopGoodwill_Orders_2026-09.xlsx,911,1299,200,1
shopgoodwill:SG-885285:sale,shopgoodwill,shopgoodwill,sale,2026-09-23,SG-885285,luckyriver25,buyer,3500,0,ShopGoodwill_Orders_2026-09.xlsx,912,899,200,1
shopgoodwill:SG-885296:sale,shopgoodwill,shopgoodwill,sale,2026-09-23,SG-885296,bluefinds54,buyer,900,0,ShopGoodwill_Orders_2026-09.xlsx,913,1099,200,1
shopgoodwill:SG-885282:sale,shopgoodwill,shopgoodwill,sale,2026-09-23,SG-885282,retrobear241,buyer,3200,0,ShopGoodwill_Orders_2026-09.xlsx,914,1099,200,1
shopgoodwill:SG-885267:sale,shopgoodwill,shopgoodwill,sale,2026-09-23,SG-885267,happymaple9,buyer,2500,0,ShopGoodwill_Orders_2026-09.xlsx,915,1299,200,1
shopgoodwill:SG-885251:sale,shopgoodwill,shopgoodwill,sale,2026-09-23,SG-885251,northowl969,buyer,4000,0,ShopGoodwill_Orders_2026-09.xlsx,916,1099,200,1
shopgoodwill:SG-885255:sale,shopgoodwill,shopgoodwill,sale,2026-09-23,SG-885255,swiftmaple687,buyer,1400,0,ShopGoodwill_Orders_2026-09.xlsx,917,1499,200,1
shopgoodwill:SG-885292:sale,shopgoodwill,shopgoodwill,sale,2026-09-23,SG-885292,happyowl546,buyer,3000,0,ShopGoodwill_Orders_2026-09.xlsx,918,899,200,1
shopgoodwill:SG-885289:sale,shopgoodwill,shopgoodwill,sale,2026-09-23,SG-885289,retrofox189,buyer,2400,0,ShopGoodwill_Orders_2026-09.xlsx,919,1499,200,1
shopgoodwill:SG-885318:sale,shopgoodwill,shopgoodwill,sale,2026-09-24,SG-885318,rustyfox765,buyer,2600,0,ShopGoodwill_Orders_2026-09.xlsx,920,899,200,1
shopgoodwill:SG-885359:sale,shopgoodwill,shopgoodwill,sale,2026-09-24,SG-885359,sunnyfox590,buyer,1100,0,ShopGoodwill_Orders_2026-09.xlsx,921,899,200,1
shopgoodwill:SG-885344:sale,shopgoodwill,shopgoodwill,sale,2026-09-24,SG-885344,swiftpicker682,buyer,1300,0,ShopGoodwill_Orders_2026-09.xlsx,922,1099,200,1
shopgoodwill:SG-885329:sale,shopgoodwill,shopgoodwill,sale,2026-09-24,SG-885329,bluefox587,buyer,4400,0,ShopGoodwill_Orders_2026-09.xlsx,923,1499,200,1
shopgoodwill:SG-885397:sale,shopgoodwill,shopgoodwill,sale,2026-09-24,SG-885397,bluethrift65,buyer,1800,0,ShopGoodwill_Orders_2026-09.xlsx,924,1299,200,1
shopgoodwill:SG-885372:sale,shopgoodwill,shopgoodwill,sale,2026-09-24,SG-885372,swifthound540,buyer,2300,0,ShopGoodwill_Orders_2026-09.xlsx,925,1099,200,1
shopgoodwill:SG-885335:sale,shopgoodwill,shopgoodwill,sale,2026-09-24,SG-885335,goldendeals798,buyer,600,0,ShopGoodwill_Orders_2026-09.xlsx,926,1299,200,1
shopgoodwill:SG-885369:sale,shopgoodwill,shopgoodwill,sale,2026-09-24,SG-885369,rustyriver353,buyer,3700,0,ShopGoodwill_Orders_2026-09.xlsx,927,899,200,1
shopgoodwill:SG-885339:sale,shopgoodwill,shopgoodwill,sale,2026-09-24,SG-885339,happypicker705,buyer,4600,0,ShopGoodwill_Orders_2026-09.xlsx,928,899,200,1
shopgoodwill:SG-885311:sale,shopgoodwill,shopgoodwill,sale,2026-09-24,SG-885311,swiftpicker621,buyer,1400,0,ShopGoodwill_Orders_2026-09.xlsx,929,899,200,1
shopgoodwill:SG-885356:sale,shopgoodwill,shopgoodwill,sale,2026-09-24,SG-885356,bluethrift65,buyer,10600,0,ShopGoodwill_Orders_2026-09.xlsx,930,1499,200,1
shopgoodwill:SG-885351:sale,shopgoodwill,shopgoodwill,sale,2026-09-24,SG-885351,sunnyowl410,buyer,1500,0,ShopGoodwill_Orders_2026-09.xlsx,931,899,200,1
shopgoodwill:SG-885394:sale,shopgoodwill,shopgoodwill,sale,2026-09-24,SG-885394,retrofox189,buyer,4100,0,ShopGoodwill_Orders_2026-09.xlsx,932,1099,200,1
shopgoodwill:SG-885325:sale,shopgoodwill,shopgoodwill,sale,2026-09-24,SG-885325,swiftpicker956,buyer,9700,0,ShopGoodwill_Orders_2026-09.xlsx,933,1499,200,1
shopgoodwill:SG-885383:sale,shopgoodwill,shopgoodwill,sale,2026-09-24,SG-885383,luckyfinds131,buyer,5700,0,ShopGoodwill_Orders_2026-09.xlsx,934,899,200,1
shopgoodwill:SG-885374:sale,shopgoodwill,shopgoodwill,sale,2026-09-24,SG-885374,happyowl780,buyer,1100,0,ShopGoodwill_Orders_2026-09.xlsx,935,899,200,1
shopgoodwill:SG-885333:sale,shopgoodwill,shopgoodwill,sale,2026-09-24,SG-885333,happyowl698,buyer,900,0,ShopGoodwill_Orders_2026-09.xlsx,936,1299,200,1
shopgoodwill:SG-885393:sale,shopgoodwill,shopgoodwill,sale,2026-09-24,SG-885393,rustythrift50,buyer,800,0,ShopGoodwill_Orders_2026-09.xlsx,937,1499,200,1
shopgoodwill:SG-885366:sale,shopgoodwill,shopgoodwill,sale,2026-09-24,SG-885366,sunnydeals747,buyer,2100,0,ShopGoodwill_Orders_2026-09.xlsx,938,1499,200,1
shopgoodwill:SG-885338:sale,shopgoodwill,shopgoodwill,sale,2026-09-24,SG-885338,quietdeals192,buyer,1700,0,ShopGoodwill_Orders_2026-09.xlsx,939,1099,200,1
shopgoodwill:SG-885314:sale,shopgoodwill,shopgoodwill,sale,2026-09-24,SG-885314,happyowl698,buyer,3800,0,ShopGoodwill_Orders_2026-09.xlsx,940,1099,200,1
shopgoodwill:SG-885382:sale,shopgoodwill,shopgoodwill,sale,2026-09-24,SG-885382,happydeals583,buyer,900,0,ShopGoodwill_Orders_2026-09.xlsx,941,1299,200,1
shopgoodwill:SG-885308:sale,shopgoodwill,shopgoodwill,sale,2026-09-24,SG-885308,rustyfinds592,buyer,2000,0,ShopGoodwill_Orders_2026-09.xlsx,942,1499,200,1
shopgoodwill:SG-885404:sale,shopgoodwill,shopgoodwill,sale,2026-09-24,SG-885404,bluedeals937,buyer,4400,0,ShopGoodwill_Orders_2026-09.xlsx,943,1099,200,1
shopgoodwill:SG-885332:sale,shopgoodwill,shopgoodwill,sale,2026-09-24,SG-885332,retroriver350,buyer,6500,0,ShopGoodwill_Orders_2026-09.xlsx,944,1099,200,1
shopgoodwill:SG-885391:sale,shopgoodwill,shopgoodwill,sale,2026-09-24,SG-885391,luckybear857,buyer,2000,0,ShopGoodwill_Orders_2026-09.xlsx,945,1099,200,1
shopgoodwill:SG-885327:sale,shopgoodwill,shopgoodwill,sale,2026-09-24,SG-885327,retrodeals240,buyer,700,0,ShopGoodwill_Orders_2026-09.xlsx,946,1099,200,1
shopgoodwill:SG-885406:sale,shopgoodwill,shopgoodwill,sale,2026-09-24,SG-885406,bluefox91,buyer,4200,0,ShopGoodwill_Orders_2026-09.xlsx,947,899,200,1
shopgoodwill:SG-885400:sale,shopgoodwill,shopgoodwill,sale,2026-09-24,SG-885400,swifthound540,buyer,4600,0,ShopGoodwill_Orders_2026-09.xlsx,948,1499,200,1
shopgoodwill:SG-885322:sale,shopgoodwill,shopgoodwill,sale,2026-09-24,SG-885322,sunnythrift739,buyer,2600,0,ShopGoodwill_Orders_2026-09.xlsx,949,899,200,1
shopgoodwill:SG-885352:sale,shopgoodwill,shopgoodwill,sale,2026-09-24,SG-885352,retropicker67,buyer,3400,0,ShopGoodwill_Orders_2026-09.xlsx,950,1099,200,1
shopgoodwill:SG-885389:sale,shopgoodwill,shopgoodwill,sale,2026-09-24,SG-885389,goldenhound106,buyer,1900,0,ShopGoodwill_Orders_2026-09.xlsx,951,899,200,1
shopgoodwill:SG-885405:sale,shopgoodwill,shopgoodwill,sale,2026-09-24,SG-885405,happyfox155,buyer,3200,0,ShopGoodwill_Orders_2026-09.xlsx,952,1099,200,1
shopgoodwill:SG-885409:sale,shopgoodwill,shopgoodwill,sale,2026-09-24,SG-885409,swiftthrift498,buyer,600,0,ShopGoodwill_Orders_2026-09.xlsx,953,1499,200,1
shopgoodwill:SG-885408:sale,shopgoodwill,shopgoodwill,sale,2026-09-24,SG-885408,happydeals583,buyer,1200,0,ShopGoodwill_Orders_2026-09.xlsx,954,899,200,1
shopgoodwill:SG-885385:sale,shopgoodwill,shopgoodwill,sale,2026-09-24,SG-885385,blueowl165,buyer,6600,0,ShopGoodwill_Orders_2026-09.xlsx,955,1099,200,1
shopgoodwill:SG-885348:sale,shopgoodwill,shopgoodwill,sale,2026-09-24,SG-885348,luckyriver667,buyer,3800,0,ShopGoodwill_Orders_2026-09.xlsx,956,1299,200,1
shopgoodwill:SG-885379:sale,shopgoodwill,shopgoodwill,sale,2026-09-24,SG-885379,quietriver270,buyer,3800,0,ShopGoodwill_Orders_2026-09.xlsx,957,1099,200,1
shopgoodwill:SG-885343:sale,shopgoodwill,shopgoodwill,sale,2026-09-24,SG-885343,sunnythrift739,buyer,2500,0,ShopGoodwill_Orders_2026-09.xlsx,958,899,200,1
shopgoodwill:SG-885307:sale,shopgoodwill,shopgoodwill,sale,2026-09-24,SG-885307,northowl598,buyer,7300,0,ShopGoodwill_Orders_2026-09.xlsx,959,899,200,1
shopgoodwill:SG-885304:sale,shopgoodwill,shopgoodwill,sale,2026-09-24,SG-885304,happyriver296,buyer,3500,0,ShopGoodwill_Orders_2026-09.xlsx,960,899,200,1
shopgoodwill:SG-885378:sale,shopgoodwill,shopgoodwill,sale,2026-09-24,SG-885378,bluedeals51,buyer,3200,0,ShopGoodwill_Orders_2026-09.xlsx,961,899,200,1
shopgoodwill:SG-885313:sale,shopgoodwill,shopgoodwill,sale,2026-09-24,SG-885313,retrohound141,buyer,1400,0,ShopGoodwill_Orders_2026-09.xlsx,962,1499,200,1
shopgoodwill:SG-885362:sale,shopgoodwill,shopgoodwill,sale,2026-09-24,SG-885362,sunnyfox757,buyer,1300,0,ShopGoodwill_Orders_2026-09.xlsx,963,899,200,1
shopgoodwill:SG-885485:sale,shopgoodwill,shopgoodwill,sale,2026-09-25,SG-885485,bluehound170,buyer,1000,0,ShopGoodwill_Orders_2026-09.xlsx,964,1499,200,1
shopgoodwill:SG-885448:sale,shopgoodwill,shopgoodwill,sale,2026-09-25,SG-885448,goldenfinds282,buyer,1800,0,ShopGoodwill_Orders_2026-09.xlsx,965,1499,200,1
shopgoodwill:SG-885426:sale,shopgoodwill,shopgoodwill,sale,2026-09-25,SG-885426,swiftfox947,buyer,3200,0,ShopGoodwill_Orders_2026-09.xlsx,966,899,200,1
shopgoodwill:SG-885439:sale,shopgoodwill,shopgoodwill,sale,2026-09-25,SG-885439,swiftfox188,buyer,5500,0,ShopGoodwill_Orders_2026-09.xlsx,967,1299,200,1
shopgoodwill:SG-885458:sale,shopgoodwill,shopgoodwill,sale,2026-09-25,SG-885458,quietriver554,buyer,1700,0,ShopGoodwill_Orders_2026-09.xlsx,968,1099,200,1
shopgoodwill:SG-885451:sale,shopgoodwill,shopgoodwill,sale,2026-09-25,SG-885451,luckymaple292,buyer,6300,0,ShopGoodwill_Orders_2026-09.xlsx,969,1499,200,1
shopgoodwill:SG-885459:sale,shopgoodwill,shopgoodwill,sale,2026-09-25,SG-885459,happyhound494,buyer,1300,0,ShopGoodwill_Orders_2026-09.xlsx,970,1299,200,1
shopgoodwill:SG-885421:sale,shopgoodwill,shopgoodwill,sale,2026-09-25,SG-885421,rustybear157,buyer,4800,0,ShopGoodwill_Orders_2026-09.xlsx,971,1299,200,1
shopgoodwill:SG-885476:sale,shopgoodwill,shopgoodwill,sale,2026-09-25,SG-885476,bluefox681,buyer,4800,0,ShopGoodwill_Orders_2026-09.xlsx,972,1099,200,1
shopgoodwill:SG-885443:sale,shopgoodwill,shopgoodwill,sale,2026-09-25,SG-885443,swiftpicker774,buyer,6200,0,ShopGoodwill_Orders_2026-09.xlsx,973,1299,200,1
shopgoodwill:SG-885475:sale,shopgoodwill,shopgoodwill,sale,2026-09-25,SG-885475,northbear59,buyer,1600,0,ShopGoodwill_Orders_2026-09.xlsx,974,1299,200,1
shopgoodwill:SG-885415:sale,shopgoodwill,shopgoodwill,sale,2026-09-25,SG-885415,happyfinds531,buyer,1500,0,ShopGoodwill_Orders_2026-09.xlsx,975,1099,200,1
shopgoodwill:SG-885419:sale,shopgoodwill,shopgoodwill,sale,2026-09-25,SG-885419,goldenriver348,buyer,2600,0,ShopGoodwill_Orders_2026-09.xlsx,976,1299,200,1
shopgoodwill:SG-885413:sale,shopgoodwill,shopgoodwill,sale,2026-09-25,SG-885413,goldenowl339,buyer,1800,0,ShopGoodwill_Orders_2026-09.xlsx,977,899,200,1
shopgoodwill:SG-885449:sale,shopgoodwill,shopgoodwill,sale,2026-09-25,SG-885449,retrofinds176,buyer,1700,0,ShopGoodwill_Orders_2026-09.xlsx,978,899,200,1
shopgoodwill:SG-885430:sale,shopgoodwill,shopgoodwill,sale,2026-09-25,SG-885430,quietriver487,buyer,1400,0,ShopGoodwill_Orders_2026-09.xlsx,979,1499,200,1
shopgoodwill:SG-885481:sale,shopgoodwill,shopgoodwill,sale,2026-09-25,SG-885481,bluethrift816,buyer,1300,0,ShopGoodwill_Orders_2026-09.xlsx,980,899,200,1
shopgoodwill:SG-885462:sale,shopgoodwill,shopgoodwill,sale,2026-09-25,SG-885462,sunnyfox391,buyer,14200,0,ShopGoodwill_Orders_2026-09.xlsx,981,899,200,1
shopgoodwill:SG-885483:sale,shopgoodwill,shopgoodwill,sale,2026-09-25,SG-885483,sunnymaple218,buyer,3600,0,ShopGoodwill_Orders_2026-09.xlsx,982,1099,200,1
shopgoodwill:SG-885467:sale,shopgoodwill,shopgoodwill,sale,2026-09-25,SG-885467,quietfinds999,buyer,4100,0,ShopGoodwill_Orders_2026-09.xlsx,983,1099,200,1
shopgoodwill:SG-885434:sale,shopgoodwill,shopgoodwill,sale,2026-09-25,SG-885434,bluedeals43,buyer,4800,0,ShopGoodwill_Orders_2026-09.xlsx,984,899,200,1
shopgoodwill:SG-885440:sale,shopgoodwill,shopgoodwill,sale,2026-09-25,SG-885440,bluehound290,buyer,3000,0,ShopGoodwill_Orders_2026-09.xlsx,985,1099,200,1
shopgoodwill:SG-885489:sale,shopgoodwill,shopgoodwill,sale,2026-09-25,SG-885489,sunnyfox391,buyer,7100,0,ShopGoodwill_Orders_2026-09.xlsx,986,1299,200,1
shopgoodwill:SG-885429:sale,shopgoodwill,shopgoodwill,sale,2026-09-25,SG-885429,quietpicker145,buyer,4500,0,ShopGoodwill_Orders_2026-09.xlsx,987,899,200,1
shopgoodwill:SG-885445:sale,shopgoodwill,shopgoodwill,sale,2026-09-25,SG-885445,sunnythrift739,buyer,2100,0,ShopGoodwill_Orders_2026-09.xlsx,988,1499,200,1
shopgoodwill:SG-885463:sale,shopgoodwill,shopgoodwill,sale,2026-09-25,SG-885463,swiftpicker774,buyer,3200,0,ShopGoodwill_Orders_2026-09.xlsx,989,1499,200,1
shopgoodwill:SG-885490:sale,shopgoodwill,shopgoodwill,sale,2026-09-25,SG-885490,retroowl57,buyer,4100,0,ShopGoodwill_Orders_2026-09.xlsx,990,1299,200,1
shopgoodwill:SG-885472:sale,shopgoodwill,shopgoodwill,sale,2026-09-25,SG-885472,rustyowl451,buyer,500,0,ShopGoodwill_Orders_2026-09.xlsx,991,1099,200,1
shopgoodwill:SG-885450:sale,shopgoodwill,shopgoodwill,sale,2026-09-25,SG-885450,sunnyfox622,buyer,2400,0,ShopGoodwill_Orders_2026-09.xlsx,992,899,200,1
shopgoodwill:SG-885438:sale,shopgoodwill,shopgoodwill,sale,2026-09-25,SG-885438,swifthound540,buyer,800,0,ShopGoodwill_Orders_2026-09.xlsx,993,1299,200,1
shopgoodwill:SG-885468:sale,shopgoodwill,shopgoodwill,sale,2026-09-25,SG-885468,bluefox377,buyer,1700,0,ShopGoodwill_Orders_2026-09.xlsx,994,899,200,1
shopgoodwill:SG-885416:sale,shopgoodwill,shopgoodwill,sale,2026-09-25,SG-885416,sunnymaple931,buyer,4100,0,ShopGoodwill_Orders_2026-09.xlsx,995,1099,200,1
shopgoodwill:SG-885423:sale,shopgoodwill,shopgoodwill,sale,2026-09-25,SG-885423,sunnyowl410,buyer,3700,0,ShopGoodwill_Orders_2026-09.xlsx,996,1099,200,1
shopgoodwill:SG-885478:sale,shopgoodwill,shopgoodwill,sale,2026-09-25,SG-885478,sunnyfox556,buyer,800,0,ShopGoodwill_Orders_2026-09.xlsx,997,1099,200,1
shopgoodwill:SG-885455:sale,shopgoodwill,shopgoodwill,sale,2026-09-25,SG-885455,quietpicker531,buyer,1200,0,ShopGoodwill_Orders_2026-09.xlsx,998,899,200,1
shopgoodwill:SG-885491:sale,shopgoodwill,shopgoodwill,sale,2026-09-25,SG-885491,swiftowl113,buyer,1100,0,ShopGoodwill_Orders_2026-09.xlsx,999,1099,200,1
shopgoodwill:SG-885441:sale,shopgoodwill,shopgoodwill,sale,2026-09-25,SG-885441,retrofinds176,buyer,3600,0,ShopGoodwill_Orders_2026-09.xlsx,1000,1299,200,1
shopgoodwill:SG-885456:sale,shopgoodwill,shopgoodwill,sale,2026-09-25,SG-885456,retrodeals952,buyer,3800,0,ShopGoodwill_Orders_2026-09.xlsx,1001,1499,200,1
shopgoodwill:SG-885526:sale,shopgoodwill,shopgoodwill,sale,2026-09-26,SG-885526,quietbear896,buyer,1900,0,ShopGoodwill_Orders_2026-09.xlsx,1002,1099,200,1
shopgoodwill:SG-885514:sale,shopgoodwill,shopgoodwill,sale,2026-09-26,SG-885514,rustyowl451,buyer,1100,0,ShopGoodwill_Orders_2026-09.xlsx,1003,1299,200,1
shopgoodwill:SG-885580:sale,shopgoodwill,shopgoodwill,sale,2026-09-26,SG-885580,luckyriver667,buyer,4200,0,ShopGoodwill_Orders_2026-09.xlsx,1004,899,200,1
shopgoodwill:SG-885539:sale,shopgoodwill,shopgoodwill,sale,2026-09-26,SG-885539,happydeals149,buyer,1500,0,ShopGoodwill_Orders_2026-09.xlsx,1005,1099,200,1
shopgoodwill:SG-885568:sale,shopgoodwill,shopgoodwill,sale,2026-09-26,SG-885568,sunnydeals740,buyer,1500,0,ShopGoodwill_Orders_2026-09.xlsx,1006,1499,200,1
shopgoodwill:SG-885556:sale,shopgoodwill,shopgoodwill,sale,2026-09-26,SG-885556,goldenfox108,buyer,1000,0,ShopGoodwill_Orders_2026-09.xlsx,1007,1099,200,1
shopgoodwill:SG-885547:sale,shopgoodwill,shopgoodwill,sale,2026-09-26,SG-885547,swiftpicker956,buyer,10100,0,ShopGoodwill_Orders_2026-09.xlsx,1008,1499,200,1
shopgoodwill:SG-885522:sale,shopgoodwill,shopgoodwill,sale,2026-09-26,SG-885522,sunnymaple342,buyer,3000,0,ShopGoodwill_Orders_2026-09.xlsx,1009,899,200,1
shopgoodwill:SG-885595:sale,shopgoodwill,shopgoodwill,sale,2026-09-26,SG-885595,bluehound944,buyer,2800,0,ShopGoodwill_Orders_2026-09.xlsx,1010,1299,200,1
shopgoodwill:SG-885535:sale,shopgoodwill,shopgoodwill,sale,2026-09-26,SG-885535,goldenhound559,buyer,1400,0,ShopGoodwill_Orders_2026-09.xlsx,1011,1499,200,1
shopgoodwill:SG-885495:sale,shopgoodwill,shopgoodwill,sale,2026-09-26,SG-885495,quietbear763,buyer,2700,0,ShopGoodwill_Orders_2026-09.xlsx,1012,1299,200,1
shopgoodwill:SG-885601:sale,shopgoodwill,shopgoodwill,sale,2026-09-26,SG-885601,goldenmaple919,buyer,1100,0,ShopGoodwill_Orders_2026-09.xlsx,1013,1099,200,1
shopgoodwill:SG-885565:sale,shopgoodwill,shopgoodwill,sale,2026-09-26,SG-885565,sunnyfinds549,buyer,6500,0,ShopGoodwill_Orders_2026-09.xlsx,1014,1099,200,1
shopgoodwill:SG-885550:sale,shopgoodwill,shopgoodwill,sale,2026-09-26,SG-885550,quiethound280,buyer,3500,0,ShopGoodwill_Orders_2026-09.xlsx,1015,1099,200,1
shopgoodwill:SG-885519:sale,shopgoodwill,shopgoodwill,sale,2026-09-26,SG-885519,rustybear157,buyer,800,0,ShopGoodwill_Orders_2026-09.xlsx,1016,1299,200,1
shopgoodwill:SG-885505:sale,shopgoodwill,shopgoodwill,sale,2026-09-26,SG-885505,happyowl530,buyer,7200,0,ShopGoodwill_Orders_2026-09.xlsx,1017,1499,200,1
shopgoodwill:SG-885492:sale,shopgoodwill,shopgoodwill,sale,2026-09-26,SG-885492,retroriver350,buyer,1100,0,ShopGoodwill_Orders_2026-09.xlsx,1018,899,200,1
shopgoodwill:SG-885552:sale,shopgoodwill,shopgoodwill,sale,2026-09-26,SG-885552,quietriver207,buyer,2100,0,ShopGoodwill_Orders_2026-09.xlsx,1019,1499,200,1
shopgoodwill:SG-885540:sale,shopgoodwill,shopgoodwill,sale,2026-09-26,SG-885540,retroriver972,buyer,600,0,ShopGoodwill_Orders_2026-09.xlsx,1020,899,200,1
shopgoodwill:SG-885563:sale,shopgoodwill,shopgoodwill,sale,2026-09-26,SG-885563,quiethound280,buyer,700,0,ShopGoodwill_Orders_2026-09.xlsx,1021,899,200,1
shopgoodwill:SG-885518:sale,shopgoodwill,shopgoodwill,sale,2026-09-26,SG-885518,luckybear767,buyer,1700,0,ShopGoodwill_Orders_2026-09.xlsx,1022,1299,200,1
shopgoodwill:SG-885577:sale,shopgoodwill,shopgoodwill,sale,2026-09-26,SG-885577,northowl969,buyer,7700,0,ShopGoodwill_Orders_2026-09.xlsx,1023,1299,200,1
shopgoodwill:SG-885597:sale,shopgoodwill,shopgoodwill,sale,2026-09-26,SG-885597,retroriver350,buyer,1400,0,ShopGoodwill_Orders_2026-09.xlsx,1024,899,200,1
shopgoodwill:SG-885569:sale,shopgoodwill,shopgoodwill,sale,2026-09-26,SG-885569,northdeals393,buyer,2000,0,ShopGoodwill_Orders_2026-09.xlsx,1025,1499,200,1
shopgoodwill:SG-885600:sale,shopgoodwill,shopgoodwill,sale,2026-09-26,SG-885600,luckymaple347,buyer,6900,0,ShopGoodwill_Orders_2026-09.xlsx,1026,899,200,1
shopgoodwill:SG-885548:sale,shopgoodwill,shopgoodwill,sale,2026-09-26,SG-885548,bluefox301,buyer,1600,0,ShopGoodwill_Orders_2026-09.xlsx,1027,1099,200,1
shopgoodwill:SG-885571:sale,shopgoodwill,shopgoodwill,sale,2026-09-26,SG-885571,luckybear997,buyer,1800,0,ShopGoodwill_Orders_2026-09.xlsx,1028,1299,200,1
shopgoodwill:SG-885555:sale,shopgoodwill,shopgoodwill,sale,2026-09-26,SG-885555,bluehound325,buyer,3800,0,ShopGoodwill_Orders_2026-09.xlsx,1029,1499,200,1
shopgoodwill:SG-885560:sale,shopgoodwill,shopgoodwill,sale,2026-09-26,SG-885560,goldendeals658,buyer,2800,0,ShopGoodwill_Orders_2026-09.xlsx,1030,899,200,1
shopgoodwill:SG-885544:sale,shopgoodwill,shopgoodwill,sale,2026-09-26,SG-885544,sunnyowl410,buyer,4700,0,ShopGoodwill_Orders_2026-09.xlsx,1031,899,200,1
shopgoodwill:SG-885573:sale,shopgoodwill,shopgoodwill,sale,2026-09-26,SG-885573,sunnydeals740,buyer,500,0,ShopGoodwill_Orders_2026-09.xlsx,1032,1499,200,1
shopgoodwill:SG-885530:sale,shopgoodwill,shopgoodwill,sale,2026-09-26,SG-885530,quietthrift983,buyer,2400,0,ShopGoodwill_Orders_2026-09.xlsx,1033,1299,200,1
shopgoodwill:SG-885501:sale,shopgoodwill,shopgoodwill,sale,2026-09-26,SG-885501,quietthrift983,buyer,1300,0,ShopGoodwill_Orders_2026-09.xlsx,1034,1499,200,1
shopgoodwill:SG-885508:sale,shopgoodwill,shopgoodwill,sale,2026-09-26,SG-885508,sunnybear76,buyer,3600,0,ShopGoodwill_Orders_2026-09.xlsx,1035,1499,200,1
shopgoodwill:SG-885588:sale,shopgoodwill,shopgoodwill,sale,2026-09-26,SG-885588,goldenpicker387,buyer,1400,0,ShopGoodwill_Orders_2026-09.xlsx,1036,1099,200,1
shopgoodwill:SG-885592:sale,shopgoodwill,shopgoodwill,sale,2026-09-26,SG-885592,luckyhound716,buyer,3700,0,ShopGoodwill_Orders_2026-09.xlsx,1037,899,200,1
shopgoodwill:SG-885533:sale,shopgoodwill,shopgoodwill,sale,2026-09-26,SG-885533,quietdeals153,buyer,2900,0,ShopGoodwill_Orders_2026-09.xlsx,1038,899,200,1
shopgoodwill:SG-885512:sale,shopgoodwill,shopgoodwill,sale,2026-09-26,SG-885512,luckyhound127,buyer,800,0,ShopGoodwill_Orders_2026-09.xlsx,1039,1299,200,1
shopgoodwill:SG-885498:sale,shopgoodwill,shopgoodwill,sale,2026-09-26,SG-885498,rustymaple994,buyer,1200,0,ShopGoodwill_Orders_2026-09.xlsx,1040,1299,200,1
shopgoodwill:SG-885587:sale,shopgoodwill,shopgoodwill,sale,2026-09-26,SG-885587,retrothrift613,buyer,1300,0,ShopGoodwill_Orders_2026-09.xlsx,1041,899,200,1
shopgoodwill:SG-885583:sale,shopgoodwill,shopgoodwill,sale,2026-09-26,SG-885583,quietpicker145,buyer,500,0,ShopGoodwill_Orders_2026-09.xlsx,1042,899,200,1
shopgoodwill:SG-885699:sale,shopgoodwill,shopgoodwill,sale,2026-09-27,SG-885699,rustymaple994,buyer,4100,0,ShopGoodwill_Orders_2026-09.xlsx,1043,1299,200,1
shopgoodwill:SG-885679:sale,shopgoodwill,shopgoodwill,sale,2026-09-27,SG-885679,bluefinds54,buyer,4300,0,ShopGoodwill_Orders_2026-09.xlsx,1044,1499,200,1
shopgoodwill:SG-885694:sale,shopgoodwill,shopgoodwill,sale,2026-09-27,SG-885694,rustyriver107,buyer,1100,0,ShopGoodwill_Orders_2026-09.xlsx,1045,1499,200,1
shopgoodwill:SG-885690:sale,shopgoodwill,shopgoodwill,sale,2026-09-27,SG-885690,bluemaple228,buyer,1100,0,ShopGoodwill_Orders_2026-09.xlsx,1046,899,200,1
shopgoodwill:SG-885698:sale,shopgoodwill,shopgoodwill,sale,2026-09-27,SG-885698,rustybear202,buyer,2000,0,ShopGoodwill_Orders_2026-09.xlsx,1047,1499,200,1
shopgoodwill:SG-885664:sale,shopgoodwill,shopgoodwill,sale,2026-09-27,SG-885664,goldenhound138,buyer,800,0,ShopGoodwill_Orders_2026-09.xlsx,1048,1299,200,1
shopgoodwill:SG-885652:sale,shopgoodwill,shopgoodwill,sale,2026-09-27,SG-885652,quietdeals834,buyer,6500,0,ShopGoodwill_Orders_2026-09.xlsx,1049,1499,200,1
shopgoodwill:SG-885703:sale,shopgoodwill,shopgoodwill,sale,2026-09-27,SG-885703,retrofox929,buyer,1500,0,ShopGoodwill_Orders_2026-09.xlsx,1050,1099,200,1
shopgoodwill:SG-885611:sale,shopgoodwill,shopgoodwill,sale,2026-09-27,SG-885611,luckyfinds131,buyer,2200,0,ShopGoodwill_Orders_2026-09.xlsx,1051,1099,200,1
shopgoodwill:SG-885683:sale,shopgoodwill,shopgoodwill,sale,2026-09-27,SG-885683,quietriver487,buyer,2300,0,ShopGoodwill_Orders_2026-09.xlsx,1052,1299,200,1
shopgoodwill:SG-885724:sale,shopgoodwill,shopgoodwill,sale,2026-09-27,SG-885724,happyfox570,buyer,2700,0,ShopGoodwill_Orders_2026-09.xlsx,1053,1499,200,1
shopgoodwill:SG-885605:sale,shopgoodwill,shopgoodwill,sale,2026-09-27,SG-885605,goldenhound277,buyer,4100,0,ShopGoodwill_Orders_2026-09.xlsx,1054,1099,200,1
shopgoodwill:SG-885621:sale,shopgoodwill,shopgoodwill,sale,2026-09-27,SG-885621,happymaple9,buyer,4700,0,ShopGoodwill_Orders_2026-09.xlsx,1055,899,200,1
shopgoodwill:SG-885656:sale,shopgoodwill,shopgoodwill,sale,2026-09-27,SG-885656,northhound287,buyer,1800,0,ShopGoodwill_Orders_2026-09.xlsx,1056,1499,200,1
shopgoodwill:SG-885687:sale,shopgoodwill,shopgoodwill,sale,2026-09-27,SG-885687,goldenfinds234,buyer,1800,0,ShopGoodwill_Orders_2026-09.xlsx,1057,1499,200,1
shopgoodwill:SG-885638:sale,shopgoodwill,shopgoodwill,sale,2026-09-27,SG-885638,rustyfinds694,buyer,2500,0,ShopGoodwill_Orders_2026-09.xlsx,1058,899,200,1
shopgoodwill:SG-885704:sale,shopgoodwill,shopgoodwill,sale,2026-09-27,SG-885704,goldenriver205,buyer,4900,0,ShopGoodwill_Orders_2026-09.xlsx,1059,1499,200,1
shopgoodwill:SG-885718:sale,shopgoodwill,shopgoodwill,sale,2026-09-27,SG-885718,bluehound290,buyer,8200,0,ShopGoodwill_Orders_2026-09.xlsx,1060,1499,200,1
shopgoodwill:SG-885629:sale,shopgoodwill,shopgoodwill,sale,2026-09-27,SG-885629,retrobear241,buyer,2100,0,ShopGoodwill_Orders_2026-09.xlsx,1061,1299,200,1
shopgoodwill:SG-885713:sale,shopgoodwill,shopgoodwill,sale,2026-09-27,SG-885713,quietthrift253,buyer,1600,0,ShopGoodwill_Orders_2026-09.xlsx,1062,1299,200,1
shopgoodwill:SG-885736:sale,shopgoodwill,shopgoodwill,sale,2026-09-27,SG-885736,retroowl470,buyer,3300,0,ShopGoodwill_Orders_2026-09.xlsx,1063,1499,200,1
shopgoodwill:SG-885642:sale,shopgoodwill,shopgoodwill,sale,2026-09-27,SG-885642,retromaple234,buyer,3200,0,ShopGoodwill_Orders_2026-09.xlsx,1064,899,200,1
shopgoodwill:SG-885665:sale,shopgoodwill,shopgoodwill,sale,2026-09-27,SG-885665,swiftpicker358,buyer,500,0,ShopGoodwill_Orders_2026-09.xlsx,1065,899,200,1
shopgoodwill:SG-885671:sale,shopgoodwill,shopgoodwill,sale,2026-09-27,SG-885671,bluethrift67,buyer,600,0,ShopGoodwill_Orders_2026-09.xlsx,1066,899,200,1
shopgoodwill:SG-885653:sale,shopgoodwill,shopgoodwill,sale,2026-09-27,SG-885653,swiftmaple442,buyer,2300,0,ShopGoodwill_Orders_2026-09.xlsx,1067,1499,200,1
shopgoodwill:SG-885753:sale,shopgoodwill,shopgoodwill,sale,2026-09-27,SG-885753,goldenriver205,buyer,7100,0,ShopGoodwill_Orders_2026-09.xlsx,1068,1499,200,1
shopgoodwill:SG-885649:sale,shopgoodwill,shopgoodwill,sale,2026-09-27,SG-885649,blueowl393,buyer,2400,0,ShopGoodwill_Orders_2026-09.xlsx,1069,1499,200,1
shopgoodwill:SG-885707:sale,shopgoodwill,shopgoodwill,sale,2026-09-27,SG-885707,sunnymaple342,buyer,1900,0,ShopGoodwill_Orders_2026-09.xlsx,1070,1499,200,1
shopgoodwill:SG-885637:sale,shopgoodwill,shopgoodwill,sale,2026-09-27,SG-885637,retrothrift571,buyer,1200,0,ShopGoodwill_Orders_2026-09.xlsx,1071,1499,200,1
shopgoodwill:SG-885668:sale,shopgoodwill,shopgoodwill,sale,2026-09-27,SG-885668,happyowl530,buyer,3200,0,ShopGoodwill_Orders_2026-09.xlsx,1072,1099,200,1
shopgoodwill:SG-885662:sale,shopgoodwill,shopgoodwill,sale,2026-09-27,SG-885662,happymaple239,buyer,4100,0,ShopGoodwill_Orders_2026-09.xlsx,1073,1499,200,1
shopgoodwill:SG-885749:sale,shopgoodwill,shopgoodwill,sale,2026-09-27,SG-885749,luckyriver25,buyer,1800,0,ShopGoodwill_Orders_2026-09.xlsx,1074,1299,200,1
shopgoodwill:SG-885674:sale,shopgoodwill,shopgoodwill,sale,2026-09-27,SG-885674,retrofox945,buyer,1500,0,ShopGoodwill_Orders_2026-09.xlsx,1075,1499,200,1
shopgoodwill:SG-885685:sale,shopgoodwill,shopgoodwill,sale,2026-09-27,SG-885685,bluethrift65,buyer,2600,0,ShopGoodwill_Orders_2026-09.xlsx,1076,899,200,1
shopgoodwill:SG-885755:sale,shopgoodwill,shopgoodwill,sale,2026-09-27,SG-885755,retromaple52,buyer,3600,0,ShopGoodwill_Orders_2026-09.xlsx,1077,1099,200,1
shopgoodwill:SG-885646:sale,shopgoodwill,shopgoodwill,sale,2026-09-27,SG-885646,rustythrift50,buyer,1600,0,ShopGoodwill_Orders_2026-09.xlsx,1078,1299,200,1
shopgoodwill:SG-885658:sale,shopgoodwill,shopgoodwill,sale,2026-09-27,SG-885658,sunnyhound266,buyer,6600,0,ShopGoodwill_Orders_2026-09.xlsx,1079,1299,200,1
shopgoodwill:SG-885721:sale,shopgoodwill,shopgoodwill,sale,2026-09-27,SG-885721,luckypicker932,buyer,4900,0,ShopGoodwill_Orders_2026-09.xlsx,1080,1299,200,1
shopgoodwill:SG-885748:sale,shopgoodwill,shopgoodwill,sale,2026-09-27,SG-885748,retroowl674,buyer,1700,0,ShopGoodwill_Orders_2026-09.xlsx,1081,1499,200,1
shopgoodwill:SG-885720:sale,shopgoodwill,shopgoodwill,sale,2026-09-27,SG-885720,retrodeals661,buyer,1700,0,ShopGoodwill_Orders_2026-09.xlsx,1082,1499,200,1
shopgoodwill:SG-885756:sale,shopgoodwill,shopgoodwill,sale,2026-09-27,SG-885756,swifthound754,buyer,2100,0,ShopGoodwill_Orders_2026-09.xlsx,1083,1299,200,1
shopgoodwill:SG-885619:sale,shopgoodwill,shopgoodwill,sale,2026-09-27,SG-885619,swiftmaple442,buyer,26900,0,ShopGoodwill_Orders_2026-09.xlsx,1084,1499,200,1
shopgoodwill:SG-885739:sale,shopgoodwill,shopgoodwill,sale,2026-09-27,SG-885739,goldenhound930,buyer,2400,0,ShopGoodwill_Orders_2026-09.xlsx,1085,1499,200,1
shopgoodwill:SG-885607:sale,shopgoodwill,shopgoodwill,sale,2026-09-27,SG-885607,swiftpicker358,buyer,2300,0,ShopGoodwill_Orders_2026-09.xlsx,1086,1099,200,1
shopgoodwill:SG-885628:sale,shopgoodwill,shopgoodwill,sale,2026-09-27,SG-885628,quiethound292,buyer,7100,0,ShopGoodwill_Orders_2026-09.xlsx,1087,1099,200,1
shopgoodwill:SG-885709:sale,shopgoodwill,shopgoodwill,sale,2026-09-27,SG-885709,happymaple330,buyer,6500,0,ShopGoodwill_Orders_2026-09.xlsx,1088,899,200,1
shopgoodwill:SG-885615:sale,shopgoodwill,shopgoodwill,sale,2026-09-27,SG-885615,goldenhound277,buyer,1400,0,ShopGoodwill_Orders_2026-09.xlsx,1089,1299,200,1
shopgoodwill:SG-885633:sale,shopgoodwill,shopgoodwill,sale,2026-09-27,SG-885633,happyfinds531,buyer,2700,0,ShopGoodwill_Orders_2026-09.xlsx,1090,1499,200,1
shopgoodwill:SG-885744:sale,shopgoodwill,shopgoodwill,sale,2026-09-27,SG-885744,rustymaple994,buyer,2800,0,ShopGoodwill_Orders_2026-09.xlsx,1091,899,200,1
shopgoodwill:SG-885716:sale,shopgoodwill,shopgoodwill,sale,2026-09-27,SG-885716,retrohound141,buyer,900,0,ShopGoodwill_Orders_2026-09.xlsx,1092,899,200,1
shopgoodwill:SG-885624:sale,shopgoodwill,shopgoodwill,sale,2026-09-27,SG-885624,bluethrift65,buyer,3500,0,ShopGoodwill_Orders_2026-09.xlsx,1093,899,200,1
shopgoodwill:SG-885661:sale,shopgoodwill,shopgoodwill,sale,2026-09-27,SG-885661,goldenowl823,buyer,1300,0,ShopGoodwill_Orders_2026-09.xlsx,1094,1299,200,1
shopgoodwill:SG-885675:sale,shopgoodwill,shopgoodwill,sale,2026-09-27,SG-885675,retroriver972,buyer,3200,0,ShopGoodwill_Orders_2026-09.xlsx,1095,1499,200,1
shopgoodwill:SG-885620:sale,shopgoodwill,shopgoodwill,sale,2026-09-27,SG-885620,rustymaple256,buyer,2600,0,ShopGoodwill_Orders_2026-09.xlsx,1096,1099,200,1
shopgoodwill:SG-885759:sale,shopgoodwill,shopgoodwill,sale,2026-09-27,SG-885759,bluedeals937,buyer,8200,0,ShopGoodwill_Orders_2026-09.xlsx,1097,1299,200,1
shopgoodwill:SG-885742:sale,shopgoodwill,shopgoodwill,sale,2026-09-27,SG-885742,swiftfinds597,buyer,2000,0,ShopGoodwill_Orders_2026-09.xlsx,1098,1499,200,1
shopgoodwill:SG-885732:sale,shopgoodwill,shopgoodwill,sale,2026-09-27,SG-885732,sunnyfox757,buyer,1600,0,ShopGoodwill_Orders_2026-09.xlsx,1099,1499,200,1
shopgoodwill:SG-885728:sale,shopgoodwill,shopgoodwill,sale,2026-09-27,SG-885728,quietmaple465,buyer,2800,0,ShopGoodwill_Orders_2026-09.xlsx,1100,1099,200,1
shopgoodwill:SG-885682:sale,shopgoodwill,shopgoodwill,sale,2026-09-27,SG-885682,luckyfinds99,buyer,2300,0,ShopGoodwill_Orders_2026-09.xlsx,1101,1099,200,1
shopgoodwill:SG-885612:sale,shopgoodwill,shopgoodwill,sale,2026-09-27,SG-885612,sunnyriver981,buyer,3500,0,ShopGoodwill_Orders_2026-09.xlsx,1102,1099,200,1
shopgoodwill:SG-885814:sale,shopgoodwill,shopgoodwill,sale,2026-09-28,SG-885814,swiftfox885,buyer,8000,0,ShopGoodwill_Orders_2026-09.xlsx,1103,1499,200,1
shopgoodwill:SG-885822:sale,shopgoodwill,shopgoodwill,sale,2026-09-28,SG-885822,northdeals393,buyer,1100,0,ShopGoodwill_Orders_2026-09.xlsx,1104,899,200,1
shopgoodwill:SG-885810:sale,shopgoodwill,shopgoodwill,sale,2026-09-28,SG-885810,bluethrift30,buyer,3400,0,ShopGoodwill_Orders_2026-09.xlsx,1105,1099,200,1
shopgoodwill:SG-885779:sale,shopgoodwill,shopgoodwill,sale,2026-09-28,SG-885779,sunnymaple460,buyer,4500,0,ShopGoodwill_Orders_2026-09.xlsx,1106,1099,200,1
shopgoodwill:SG-885830:sale,shopgoodwill,shopgoodwill,sale,2026-09-28,SG-885830,swiftriver876,buyer,1500,0,ShopGoodwill_Orders_2026-09.xlsx,1107,1499,200,1
shopgoodwill:SG-885832:sale,shopgoodwill,shopgoodwill,sale,2026-09-28,SG-885832,goldendeals658,buyer,3900,0,ShopGoodwill_Orders_2026-09.xlsx,1108,1099,200,1
shopgoodwill:SG-885772:sale,shopgoodwill,shopgoodwill,sale,2026-09-28,SG-885772,happyhound494,buyer,2500,0,ShopGoodwill_Orders_2026-09.xlsx,1109,899,200,1
shopgoodwill:SG-885786:sale,shopgoodwill,shopgoodwill,sale,2026-09-28,SG-885786,rustypicker237,buyer,3000,0,ShopGoodwill_Orders_2026-09.xlsx,1110,1499,200,1
shopgoodwill:SG-885804:sale,shopgoodwill,shopgoodwill,sale,2026-09-28,SG-885804,goldenfox575,buyer,5900,0,ShopGoodwill_Orders_2026-09.xlsx,1111,1499,200,1
shopgoodwill:SG-885792:sale,shopgoodwill,shopgoodwill,sale,2026-09-28,SG-885792,luckydeals969,buyer,3800,0,ShopGoodwill_Orders_2026-09.xlsx,1112,899,200,1
shopgoodwill:SG-885790:sale,shopgoodwill,shopgoodwill,sale,2026-09-28,SG-885790,bluehound115,buyer,1300,0,ShopGoodwill_Orders_2026-09.xlsx,1113,1099,200,1
shopgoodwill:SG-885775:sale,shopgoodwill,shopgoodwill,sale,2026-09-28,SG-885775,swiftdeals534,buyer,2500,0,ShopGoodwill_Orders_2026-09.xlsx,1114,1299,200,1
shopgoodwill:SG-885806:sale,shopgoodwill,shopgoodwill,sale,2026-09-28,SG-885806,luckydeals227,buyer,1000,0,ShopGoodwill_Orders_2026-09.xlsx,1115,899,200,1
shopgoodwill:SG-885801:sale,shopgoodwill,shopgoodwill,sale,2026-09-28,SG-885801,quietriver270,buyer,2600,0,ShopGoodwill_Orders_2026-09.xlsx,1116,899,200,1
shopgoodwill:SG-885798:sale,shopgoodwill,shopgoodwill,sale,2026-09-28,SG-885798,goldenhound559,buyer,1200,0,ShopGoodwill_Orders_2026-09.xlsx,1117,1299,200,1
shopgoodwill:SG-885766:sale,shopgoodwill,shopgoodwill,sale,2026-09-28,SG-885766,rustyfox121,buyer,4100,0,ShopGoodwill_Orders_2026-09.xlsx,1118,1499,200,1
shopgoodwill:SG-885784:sale,shopgoodwill,shopgoodwill,sale,2026-09-28,SG-885784,swifthound696,buyer,2700,0,ShopGoodwill_Orders_2026-09.xlsx,1119,899,200,1
shopgoodwill:SG-885818:sale,shopgoodwill,shopgoodwill,sale,2026-09-28,SG-885818,rustyfinds592,buyer,1900,0,ShopGoodwill_Orders_2026-09.xlsx,1120,1299,200,1
shopgoodwill:SG-885797:sale,shopgoodwill,shopgoodwill,sale,2026-09-28,SG-885797,swiftmaple677,buyer,1100,0,ShopGoodwill_Orders_2026-09.xlsx,1121,899,200,1
shopgoodwill:SG-885783:sale,shopgoodwill,shopgoodwill,sale,2026-09-28,SG-885783,goldenriver348,buyer,2200,0,ShopGoodwill_Orders_2026-09.xlsx,1122,1499,200,1
shopgoodwill:SG-885762:sale,shopgoodwill,shopgoodwill,sale,2026-09-28,SG-885762,happymaple330,buyer,3400,0,ShopGoodwill_Orders_2026-09.xlsx,1123,1499,200,1
shopgoodwill:SG-885767:sale,shopgoodwill,shopgoodwill,sale,2026-09-28,SG-885767,swiftmaple687,buyer,3500,0,ShopGoodwill_Orders_2026-09.xlsx,1124,1499,200,1
shopgoodwill:SG-885793:sale,shopgoodwill,shopgoodwill,sale,2026-09-28,SG-885793,bluedeals937,buyer,2000,0,ShopGoodwill_Orders_2026-09.xlsx,1125,899,200,1
shopgoodwill:SG-885826:sale,shopgoodwill,shopgoodwill,sale,2026-09-28,SG-885826,goldenriver80,buyer,3400,0,ShopGoodwill_Orders_2026-09.xlsx,1126,1099,200,1
shopgoodwill:SG-885771:sale,shopgoodwill,shopgoodwill,sale,2026-09-28,SG-885771,retromaple234,buyer,3900,0,ShopGoodwill_Orders_2026-09.xlsx,1127,899,200,1
shopgoodwill:SG-885908:sale,shopgoodwill,shopgoodwill,sale,2026-09-29,SG-885908,rustyfinds592,buyer,6000,0,ShopGoodwill_Orders_2026-09.xlsx,1128,899,200,1
shopgoodwill:SG-885855:sale,shopgoodwill,shopgoodwill,sale,2026-09-29,SG-885855,sunnymaple931,buyer,800,0,ShopGoodwill_Orders_2026-09.xlsx,1129,1299,200,1
shopgoodwill:SG-885869:sale,shopgoodwill,shopgoodwill,sale,2026-09-29,SG-885869,retroowl674,buyer,1400,0,ShopGoodwill_Orders_2026-09.xlsx,1130,1099,200,1
shopgoodwill:SG-885933:sale,shopgoodwill,shopgoodwill,sale,2026-09-29,SG-885933,happyfinds531,buyer,2000,0,ShopGoodwill_Orders_2026-09.xlsx,1131,1099,200,1
shopgoodwill:SG-885905:sale,shopgoodwill,shopgoodwill,sale,2026-09-29,SG-885905,sunnyfox757,buyer,2800,0,ShopGoodwill_Orders_2026-09.xlsx,1132,1499,200,1
shopgoodwill:SG-885877:sale,shopgoodwill,shopgoodwill,sale,2026-09-29,SG-885877,swiftmaple687,buyer,5500,0,ShopGoodwill_Orders_2026-09.xlsx,1133,1099,200,1
shopgoodwill:SG-885901:sale,shopgoodwill,shopgoodwill,sale,2026-09-29,SG-885901,happyhound211,buyer,3400,0,ShopGoodwill_Orders_2026-09.xlsx,1134,1299,200,1
shopgoodwill:SG-885835:sale,shopgoodwill,shopgoodwill,sale,2026-09-29,SG-885835,northpicker925,buyer,3100,0,ShopGoodwill_Orders_2026-09.xlsx,1135,1499,200,1
shopgoodwill:SG-885881:sale,shopgoodwill,shopgoodwill,sale,2026-09-29,SG-885881,quietdeals834,buyer,1300,0,ShopGoodwill_Orders_2026-09.xlsx,1136,1299,200,1
shopgoodwill:SG-885875:sale,shopgoodwill,shopgoodwill,sale,2026-09-29,SG-885875,happymaple9,buyer,2800,0,ShopGoodwill_Orders_2026-09.xlsx,1137,899,200,1
shopgoodwill:SG-885937:sale,shopgoodwill,shopgoodwill,sale,2026-09-29,SG-885937,sunnyhound619,buyer,4500,0,ShopGoodwill_Orders_2026-09.xlsx,1138,1499,200,1
shopgoodwill:SG-885880:sale,shopgoodwill,shopgoodwill,sale,2026-09-29,SG-885880,goldenfinds90,buyer,600,0,ShopGoodwill_Orders_2026-09.xlsx,1139,1499,200,1
shopgoodwill:SG-885884:sale,shopgoodwill,shopgoodwill,sale,2026-09-29,SG-885884,goldenowl339,buyer,19200,0,ShopGoodwill_Orders_2026-09.xlsx,1140,1099,200,1
shopgoodwill:SG-885918:sale,shopgoodwill,shopgoodwill,sale,2026-09-29,SG-885918,quietriver358,buyer,1400,0,ShopGoodwill_Orders_2026-09.xlsx,1141,1299,200,1
shopgoodwill:SG-885844:sale,shopgoodwill,shopgoodwill,sale,2026-09-29,SG-885844,rustybear960,buyer,1500,0,ShopGoodwill_Orders_2026-09.xlsx,1142,899,200,1
shopgoodwill:SG-885876:sale,shopgoodwill,shopgoodwill,sale,2026-09-29,SG-885876,goldenfinds282,buyer,2200,0,ShopGoodwill_Orders_2026-09.xlsx,1143,899,200,1
shopgoodwill:SG-885912:sale,shopgoodwill,shopgoodwill,sale,2026-09-29,SG-885912,swiftfox259,buyer,1800,0,ShopGoodwill_Orders_2026-09.xlsx,1144,1499,200,1
shopgoodwill:SG-885886:sale,shopgoodwill,shopgoodwill,sale,2026-09-29,SG-885886,sunnydeals740,buyer,7000,0,ShopGoodwill_Orders_2026-09.xlsx,1145,1299,200,1
shopgoodwill:SG-885864:sale,shopgoodwill,shopgoodwill,sale,2026-09-29,SG-885864,rustymaple702,buyer,6100,0,ShopGoodwill_Orders_2026-09.xlsx,1146,1499,200,1
shopgoodwill:SG-885894:sale,shopgoodwill,shopgoodwill,sale,2026-09-29,SG-885894,retrohound141,buyer,1100,0,ShopGoodwill_Orders_2026-09.xlsx,1147,1099,200,1
shopgoodwill:SG-885931:sale,shopgoodwill,shopgoodwill,sale,2026-09-29,SG-885931,retrohound328,buyer,1800,0,ShopGoodwill_Orders_2026-09.xlsx,1148,899,200,1
shopgoodwill:SG-885885:sale,shopgoodwill,shopgoodwill,sale,2026-09-29,SG-885885,swifthound754,buyer,2300,0,ShopGoodwill_Orders_2026-09.xlsx,1149,1299,200,1
shopgoodwill:SG-885903:sale,shopgoodwill,shopgoodwill,sale,2026-09-29,SG-885903,happydeals149,buyer,600,0,ShopGoodwill_Orders_2026-09.xlsx,1150,1299,200,1
shopgoodwill:SG-885851:sale,shopgoodwill,shopgoodwill,sale,2026-09-29,SG-885851,northowl598,buyer,1500,0,ShopGoodwill_Orders_2026-09.xlsx,1151,899,200,1
shopgoodwill:SG-885838:sale,shopgoodwill,shopgoodwill,sale,2026-09-29,SG-885838,happymaple239,buyer,4400,0,ShopGoodwill_Orders_2026-09.xlsx,1152,899,200,1
shopgoodwill:SG-885935:sale,shopgoodwill,shopgoodwill,sale,2026-09-29,SG-885935,northowl598,buyer,1600,0,ShopGoodwill_Orders_2026-09.xlsx,1153,899,200,1
shopgoodwill:SG-885893:sale,shopgoodwill,shopgoodwill,sale,2026-09-29,SG-885893,quietfinds999,buyer,4200,0,ShopGoodwill_Orders_2026-09.xlsx,1154,1499,200,1
shopgoodwill:SG-885900:sale,shopgoodwill,shopgoodwill,sale,2026-09-29,SG-885900,happyriver286,buyer,16600,0,ShopGoodwill_Orders_2026-09.xlsx,1155,1299,200,1
shopgoodwill:SG-885860:sale,shopgoodwill,shopgoodwill,sale,2026-09-29,SG-885860,swiftdeals121,buyer,3600,0,ShopGoodwill_Orders_2026-09.xlsx,1156,1099,200,1
shopgoodwill:SG-885927:sale,shopgoodwill,shopgoodwill,sale,2026-09-29,SG-885927,quiethound605,buyer,1300,0,ShopGoodwill_Orders_2026-09.xlsx,1157,1499,200,1
shopgoodwill:SG-885922:sale,shopgoodwill,shopgoodwill,sale,2026-09-29,SG-885922,swifthound718,buyer,3300,0,ShopGoodwill_Orders_2026-09.xlsx,1158,899,200,1
shopgoodwill:SG-885925:sale,shopgoodwill,shopgoodwill,sale,2026-09-29,SG-885925,bluefox377,buyer,2100,0,ShopGoodwill_Orders_2026-09.xlsx,1159,899,200,1
shopgoodwill:SG-885898:sale,shopgoodwill,shopgoodwill,sale,2026-09-29,SG-885898,swiftfox259,buyer,1800,0,ShopGoodwill_Orders_2026-09.xlsx,1160,1499,200,1
shopgoodwill:SG-885842:sale,shopgoodwill,shopgoodwill,sale,2026-09-29,SG-885842,luckybear997,buyer,3100,0,ShopGoodwill_Orders_2026-09.xlsx,1161,1099,200,1
shopgoodwill:SG-885857:sale,shopgoodwill,shopgoodwill,sale,2026-09-29,SG-885857,bluehound290,buyer,4000,0,ShopGoodwill_Orders_2026-09.xlsx,1162,899,200,1
shopgoodwill:SG-885847:sale,shopgoodwill,shopgoodwill,sale,2026-09-29,SG-885847,blueowl160,buyer,2900,0,ShopGoodwill_Orders_2026-09.xlsx,1163,899,200,1
shopgoodwill:SG-885865:sale,shopgoodwill,shopgoodwill,sale,2026-09-29,SG-885865,quietfinds999,buyer,5500,0,ShopGoodwill_Orders_2026-09.xlsx,1164,1099,200,1
shopgoodwill:SG-885914:sale,shopgoodwill,shopgoodwill,sale,2026-09-29,SG-885914,sunnyfox561,buyer,9500,0,ShopGoodwill_Orders_2026-09.xlsx,1165,899,200,1
shopgoodwill:SG-885889:sale,shopgoodwill,shopgoodwill,sale,2026-09-29,SG-885889,swiftmaple809,buyer,5800,0,ShopGoodwill_Orders_2026-09.xlsx,1166,1499,200,1
shopgoodwill:SG-885916:sale,shopgoodwill,shopgoodwill,sale,2026-09-29,SG-885916,goldenthrift506,buyer,16800,0,ShopGoodwill_Orders_2026-09.xlsx,1167,1499,200,1
shopgoodwill:SG-885895:sale,shopgoodwill,shopgoodwill,sale,2026-09-29,SG-885895,sunnyfox556,buyer,2700,0,ShopGoodwill_Orders_2026-09.xlsx,1168,1499,200,1
shopgoodwill:SG-885873:sale,shopgoodwill,shopgoodwill,sale,2026-09-29,SG-885873,goldenfox53,buyer,3600,0,ShopGoodwill_Orders_2026-09.xlsx,1169,1499,200,1
shopgoodwill:SG-885962:sale,shopgoodwill,shopgoodwill,sale,2026-09-30,SG-885962,blueowl393,buyer,2200,0,ShopGoodwill_Orders_2026-09.xlsx,1170,1099,200,1
shopgoodwill:SG-886025:sale,shopgoodwill,shopgoodwill,sale,2026-09-30,SG-886025,retropicker448,buyer,2300,0,ShopGoodwill_Orders_2026-09.xlsx,1171,1499,200,1
shopgoodwill:SG-885979:sale,shopgoodwill,shopgoodwill,sale,2026-09-30,SG-885979,happyriver286,buyer,3900,0,ShopGoodwill_Orders_2026-09.xlsx,1172,1499,200,1
shopgoodwill:SG-886034:sale,shopgoodwill,shopgoodwill,sale,2026-09-30,SG-886034,luckyhound716,buyer,4000,0,ShopGoodwill_Orders_2026-09.xlsx,1173,899,200,1
shopgoodwill:SG-886001:sale,shopgoodwill,shopgoodwill,sale,2026-09-30,SG-886001,goldenowl823,buyer,600,0,ShopGoodwill_Orders_2026-09.xlsx,1174,1299,200,1
shopgoodwill:SG-885951:sale,shopgoodwill,shopgoodwill,sale,2026-09-30,SG-885951,luckydeals227,buyer,6700,0,ShopGoodwill_Orders_2026-09.xlsx,1175,1099,200,1
shopgoodwill:SG-885975:sale,shopgoodwill,shopgoodwill,sale,2026-09-30,SG-885975,quietbear763,buyer,2800,0,ShopGoodwill_Orders_2026-09.xlsx,1176,1499,200,1
shopgoodwill:SG-885964:sale,shopgoodwill,shopgoodwill,sale,2026-09-30,SG-885964,swiftowl113,buyer,4700,0,ShopGoodwill_Orders_2026-09.xlsx,1177,1099,200,1
shopgoodwill:SG-886005:sale,shopgoodwill,shopgoodwill,sale,2026-09-30,SG-886005,rustyowl451,buyer,7500,0,ShopGoodwill_Orders_2026-09.xlsx,1178,1099,200,1
shopgoodwill:SG-885993:sale,shopgoodwill,shopgoodwill,sale,2026-09-30,SG-885993,swiftmaple809,buyer,10500,0,ShopGoodwill_Orders_2026-09.xlsx,1179,1499,200,1
shopgoodwill:SG-886030:sale,shopgoodwill,shopgoodwill,sale,2026-09-30,SG-886030,swiftriver876,buyer,5800,0,ShopGoodwill_Orders_2026-09.xlsx,1180,1499,200,1
shopgoodwill:SG-885941:sale,shopgoodwill,shopgoodwill,sale,2026-09-30,SG-885941,luckyhound127,buyer,1100,0,ShopGoodwill_Orders_2026-09.xlsx,1181,1099,200,1
shopgoodwill:SG-886016:sale,shopgoodwill,shopgoodwill,sale,2026-09-30,SG-886016,sunnymaple931,buyer,1700,0,ShopGoodwill_Orders_2026-09.xlsx,1182,1499,200,1
shopgoodwill:SG-885980:sale,shopgoodwill,shopgoodwill,sale,2026-09-30,SG-885980,sunnybear258,buyer,2200,0,ShopGoodwill_Orders_2026-09.xlsx,1183,1499,200,1
shopgoodwill:SG-885948:sale,shopgoodwill,shopgoodwill,sale,2026-09-30,SG-885948,happyfox155,buyer,1700,0,ShopGoodwill_Orders_2026-09.xlsx,1184,1499,200,1
shopgoodwill:SG-885978:sale,shopgoodwill,shopgoodwill,sale,2026-09-30,SG-885978,swiftowl113,buyer,3400,0,ShopGoodwill_Orders_2026-09.xlsx,1185,1299,200,1
shopgoodwill:SG-886023:sale,shopgoodwill,shopgoodwill,sale,2026-09-30,SG-886023,sunnyfox757,buyer,1600,0,ShopGoodwill_Orders_2026-09.xlsx,1186,1299,200,1
shopgoodwill:SG-885970:sale,shopgoodwill,shopgoodwill,sale,2026-09-30,SG-885970,goldenmaple919,buyer,2700,0,ShopGoodwill_Orders_2026-09.xlsx,1187,1499,200,1
shopgoodwill:SG-886029:sale,shopgoodwill,shopgoodwill,sale,2026-09-30,SG-886029,retroowl57,buyer,1500,0,ShopGoodwill_Orders_2026-09.xlsx,1188,1299,200,1
shopgoodwill:SG-885974:sale,shopgoodwill,shopgoodwill,sale,2026-09-30,SG-885974,luckyfinds131,buyer,1500,0,ShopGoodwill_Orders_2026-09.xlsx,1189,1099,200,1
shopgoodwill:SG-885959:sale,shopgoodwill,shopgoodwill,sale,2026-09-30,SG-885959,luckypicker932,buyer,11100,0,ShopGoodwill_Orders_2026-09.xlsx,1190,1299,200,1
shopgoodwill:SG-886024:sale,shopgoodwill,shopgoodwill,sale,2026-09-30,SG-886024,sunnydeals747,buyer,1400,0,ShopGoodwill_Orders_2026-09.xlsx,1191,1499,200,1
shopgoodwill:SG-885976:sale,shopgoodwill,shopgoodwill,sale,2026-09-30,SG-885976,swiftmaple653,buyer,6600,0,ShopGoodwill_Orders_2026-09.xlsx,1192,1099,200,1
shopgoodwill:SG-885997:sale,shopgoodwill,shopgoodwill,sale,2026-09-30,SG-885997,blueowl160,buyer,3400,0,ShopGoodwill_Orders_2026-09.xlsx,1193,1499,200,1
shopgoodwill:SG-885989:sale,shopgoodwill,shopgoodwill,sale,2026-09-30,SG-885989,retrodeals952,buyer,1400,0,ShopGoodwill_Orders_2026-09.xlsx,1194,1099,200,1
shopgoodwill:SG-885985:sale,shopgoodwill,shopgoodwill,sale,2026-09-30,SG-885985,swifthound432,buyer,2300,0,ShopGoodwill_Orders_2026-09.xlsx,1195,1299,200,1
shopgoodwill:SG-885967:sale,shopgoodwill,shopgoodwill,sale,2026-09-30,SG-885967,goldenriver348,buyer,1100,0,ShopGoodwill_Orders_2026-09.xlsx,1196,899,200,1
shopgoodwill:SG-885943:sale,shopgoodwill,shopgoodwill,sale,2026-09-30,SG-885943,northowl598,buyer,1000,0,ShopGoodwill_Orders_2026-09.xlsx,1197,1099,200,1
shopgoodwill:SG-886012:sale,shopgoodwill,shopgoodwill,sale,2026-09-30,SG-886012,retrofinds732,buyer,2300,0,ShopGoodwill_Orders_2026-09.xlsx,1198,899,200,1
shopgoodwill:SG-885984:sale,shopgoodwill,shopgoodwill,sale,2026-09-30,SG-885984,northowl598,buyer,4900,0,ShopGoodwill_Orders_2026-09.xlsx,1199,1299,200,1
shopgoodwill:SG-885947:sale,shopgoodwill,shopgoodwill,sale,2026-09-30,SG-885947,swifthound432,buyer,1800,0,ShopGoodwill_Orders_2026-09.xlsx,1200,1499,200,1
shopgoodwill:SG-885995:sale,shopgoodwill,shopgoodwill,sale,2026-09-30,SG-885995,northpicker68,buyer,1200,0,ShopGoodwill_Orders_2026-09.xlsx,1201,1099,200,1
shopgoodwill:SG-886019:sale,shopgoodwill,shopgoodwill,sale,2026-09-30,SG-886019,blueowl393,buyer,2900,0,ShopGoodwill_Orders_2026-09.xlsx,1202,1499,200,1
shopgoodwill:SG-886009:sale,shopgoodwill,shopgoodwill,sale,2026-09-30,SG-886009,goldenhound277,buyer,1600,0,ShopGoodwill_Orders_2026-09.xlsx,1203,1099,200,1
shopgoodwill:SG-885950:sale,shopgoodwill,shopgoodwill,sale,2026-09-30,SG-885950,happymaple380,buyer,3200,0,ShopGoodwill_Orders_2026-09.xlsx,1204,1299,200,1
shopgoodwill:SG-885973:sale,shopgoodwill,shopgoodwill,sale,2026-09-30,SG-885973,goldendeals798,buyer,1600,0,ShopGoodwill_Orders_2026-09.xlsx,1205,1099,200,1
shopgoodwill:SG-885990:sale,shopgoodwill,shopgoodwill,sale,2026-09-30,SG-885990,happyhound211,buyer,7900,0,ShopGoodwill_Orders_2026-09.xlsx,1206,1099,200,1
shopgoodwill:SG-885942:sale,shopgoodwill,shopgoodwill,sale,2026-09-30,SG-885942,goldenhound277,buyer,1900,0,ShopGoodwill_Orders_2026-09.xlsx,1207,1299,200,1
shopgoodwill:SG-885954:sale,shopgoodwill,shopgoodwill,sale,2026-09-30,SG-885954,northowl354,buyer,3900,0,ShopGoodwill_Orders_2026-09.xlsx,1208,1499,200,1
shopgoodwill:SG-886004:sale,shopgoodwill,shopgoodwill,sale,2026-09-30,SG-886004,northpicker68,buyer,700,0,ShopGoodwill_Orders_2026-09.xlsx,1209,1099,200,1
shopgoodwill:SG-886008:sale,shopgoodwill,shopgoodwill,sale,2026-09-30,SG-886008,swiftfinds142,buyer,4800,0,ShopGoodwill_Orders_2026-09.xlsx,1210,899,200,1
shopgoodwill:SG-885958:sale,shopgoodwill,shopgoodwill,sale,2026-09-30,SG-885958,northhound277,buyer,6100,0,ShopGoodwill_Orders_2026-09.xlsx,1211,1499,200,1
