txn_id,source,marketplace,type,business_date,order_id,customer_id,customer_basis,gross_cents,fee_cents,source_file,source_row,shipping_cents,handling_cents,units
cashmonkey:114-4202729-1310744:sale,cashmonkey,amazon,sale,2026-08-01,114-4202729-1310744,,order,1748,262,amazon_orders_2026-08-01.xlsx,1,0,0,1
cashmonkey:114-2170578-6556221:sale,cashmonkey,amazon,sale,2026-08-01,114-2170578-6556221,,order,8278,1242,amazon_orders_2026-08-01.xlsx,2,0,0,2
cashmonkey:113-5859535-1686097:sale,cashmonkey,amazon,sale,2026-08-01,113-5859535-1686097,,order,3266,490,amazon_orders_2026-08-01.xlsx,4,0,0,1
cashmonkey:113-8260601-4184396:sale,cashmonkey,amazon,sale,2026-08-01,113-8260601-4184396,,order,7772,1166,amazon_orders_2026-08-01.xlsx,5,0,0,2
cashmonkey:112-6724483-3749767:sale,cashmonkey,amazon,sale,2026-08-01,112-6724483-3749767,,order,1076,161,amazon_orders_2026-08-01.xlsx,7,0,0,1
cashmonkey:111-6935274-1253495:sale,cashmonkey,amazon,sale,2026-08-01,111-6935274-1253495,,order,8934,1340,amazon_orders_2026-08-01.xlsx,8,0,0,2
cashmonkey:113-6004805-4206144:sale,cashmonkey,amazon,sale,2026-08-01,113-6004805-4206144,,order,2608,391,amazon_orders_2026-08-01.xlsx,10,0,0,1
cashmonkey:112-2621380-9334874:sale,cashmonkey,amazon,sale,2026-08-01,112-2621380-9334874,,order,7120,1068,amazon_orders_2026-08-01.xlsx,11,0,0,2
cashmonkey:112-7678314-8749345:sale,cashmonkey,amazon,sale,2026-08-01,112-7678314-8749345,,order,2328,349,amazon_orders_2026-08-01.xlsx,13,0,0,1
cashmonkey:112-3434594-7716794:sale,cashmonkey,amazon,sale,2026-08-01,112-3434594-7716794,,order,13146,1971,amazon_orders_2026-08-01.xlsx,14,0,0,3
cashmonkey:111-1661687-7809650:sale,cashmonkey,amazon,sale,2026-08-01,111-1661687-7809650,,order,1985,298,amazon_orders_2026-08-01.xlsx,17,0,0,1
cashmonkey:111-2367962-7520865:sale,cashmonkey,amazon,sale,2026-08-01,111-2367962-7520865,,order,2306,346,amazon_orders_2026-08-01.xlsx,18,0,0,2
cashmonkey:112-6910494-9640146:sale,cashmonkey,amazon,sale,2026-08-01,112-6910494-9640146,,order,4942,742,amazon_orders_2026-08-01.xlsx,20,0,0,2
cashmonkey:114-8777946-6557551:sale,cashmonkey,amazon,sale,2026-08-01,114-8777946-6557551,,order,2930,440,amazon_orders_2026-08-01.xlsx,22,0,0,2
cashmonkey:112-7336946-8748954:sale,cashmonkey,amazon,sale,2026-08-02,112-7336946-8748954,,order,1129,169,amazon_orders_2026-08-02.xlsx,1,0,0,1
cashmonkey:111-1499452-1050155:sale,cashmonkey,amazon,sale,2026-08-02,111-1499452-1050155,,order,7216,1082,amazon_orders_2026-08-02.xlsx,2,0,0,2
cashmonkey:114-4792599-6129268:sale,cashmonkey,amazon,sale,2026-08-02,114-4792599-6129268,,order,2052,308,amazon_orders_2026-08-02.xlsx,4,0,0,1
cashmonkey:111-5596736-6487335:sale,cashmonkey,amazon,sale,2026-08-02,111-5596736-6487335,,order,2706,406,amazon_orders_2026-08-02.xlsx,5,0,0,2
cashmonkey:112-8717859-4048069:sale,cashmonkey,amazon,sale,2026-08-02,112-8717859-4048069,,order,4208,632,amazon_orders_2026-08-02.xlsx,7,0,0,2
cashmonkey:112-3754173-4157413:sale,cashmonkey,amazon,sale,2026-08-02,112-3754173-4157413,,order,3556,533,amazon_orders_2026-08-02.xlsx,9,0,0,1
cashmonkey:111-7469453-3472297:sale,cashmonkey,amazon,sale,2026-08-02,111-7469453-3472297,,order,7782,1168,amazon_orders_2026-08-02.xlsx,10,0,0,2
cashmonkey:112-4746313-8424077:sale,cashmonkey,amazon,sale,2026-08-02,112-4746313-8424077,,order,3958,594,amazon_orders_2026-08-02.xlsx,12,0,0,2
cashmonkey:114-4030898-4055078:sale,cashmonkey,amazon,sale,2026-08-02,114-4030898-4055078,,order,1674,251,amazon_orders_2026-08-02.xlsx,14,0,0,1
cashmonkey:112-9238592-3189404:sale,cashmonkey,amazon,sale,2026-08-02,112-9238592-3189404,,order,3240,486,amazon_orders_2026-08-02.xlsx,15,0,0,1
cashmonkey:111-7704515-5397448:sale,cashmonkey,amazon,sale,2026-08-02,111-7704515-5397448,,order,2003,300,amazon_orders_2026-08-02.xlsx,16,0,0,1
cashmonkey:112-3380643-8728894:sale,cashmonkey,amazon,sale,2026-08-02,112-3380643-8728894,,order,718,108,amazon_orders_2026-08-02.xlsx,17,0,0,1
cashmonkey:113-8070860-7602559:sale,cashmonkey,amazon,sale,2026-08-02,113-8070860-7602559,,order,1352,203,amazon_orders_2026-08-02.xlsx,18,0,0,1
cashmonkey:112-4359778-2683847:sale,cashmonkey,amazon,sale,2026-08-02,112-4359778-2683847,,order,1297,195,amazon_orders_2026-08-02.xlsx,19,0,0,1
cashmonkey:113-4775706-5528050:sale,cashmonkey,amazon,sale,2026-08-03,113-4775706-5528050,,order,4329,649,amazon_orders_2026-08-03.xlsx,1,0,0,1
cashmonkey:112-4615964-2387703:sale,cashmonkey,amazon,sale,2026-08-03,112-4615964-2387703,,order,2261,339,amazon_orders_2026-08-03.xlsx,2,0,0,1
cashmonkey:111-1204741-8759622:sale,cashmonkey,amazon,sale,2026-08-03,111-1204741-8759622,,order,3706,556,amazon_orders_2026-08-03.xlsx,3,0,0,1
cashmonkey:113-3377281-5011410:sale,cashmonkey,amazon,sale,2026-08-03,113-3377281-5011410,,order,2648,398,amazon_orders_2026-08-03.xlsx,4,0,0,2
cashmonkey:112-3046401-9049356:sale,cashmonkey,amazon,sale,2026-08-03,112-3046401-9049356,,order,2819,423,amazon_orders_2026-08-03.xlsx,6,0,0,1
cashmonkey:114-4991681-5365320:sale,cashmonkey,amazon,sale,2026-08-03,114-4991681-5365320,,order,1881,282,amazon_orders_2026-08-03.xlsx,7,0,0,1
cashmonkey:114-1971943-6290149:sale,cashmonkey,amazon,sale,2026-08-03,114-1971943-6290149,,order,4183,627,amazon_orders_2026-08-03.xlsx,8,0,0,1
cashmonkey:112-3326389-7636493:sale,cashmonkey,amazon,sale,2026-08-03,112-3326389-7636493,,order,1301,195,amazon_orders_2026-08-03.xlsx,9,0,0,1
cashmonkey:114-6045196-8808989:sale,cashmonkey,amazon,sale,2026-08-03,114-6045196-8808989,,order,3012,453,amazon_orders_2026-08-03.xlsx,10,0,0,3
cashmonkey:111-7451069-5242013:sale,cashmonkey,amazon,sale,2026-08-03,111-7451069-5242013,,order,2296,344,amazon_orders_2026-08-03.xlsx,13,0,0,1
cashmonkey:113-5088488-4672208:sale,cashmonkey,amazon,sale,2026-08-03,113-5088488-4672208,,order,6486,972,amazon_orders_2026-08-03.xlsx,14,0,0,3
cashmonkey:112-5326650-5740871:sale,cashmonkey,amazon,sale,2026-08-03,112-5326650-5740871,,order,3507,526,amazon_orders_2026-08-03.xlsx,17,0,0,1
cashmonkey:113-5603605-7281098:sale,cashmonkey,amazon,sale,2026-08-03,113-5603605-7281098,,order,2066,310,amazon_orders_2026-08-03.xlsx,18,0,0,2
cashmonkey:111-2682019-8203685:sale,cashmonkey,amazon,sale,2026-08-03,111-2682019-8203685,,order,2490,374,amazon_orders_2026-08-03.xlsx,20,0,0,1
cashmonkey:114-7079207-1860469:sale,cashmonkey,amazon,sale,2026-08-04,114-7079207-1860469,,order,1809,271,amazon_orders_2026-08-04.xlsx,1,0,0,1
cashmonkey:111-5350707-5588468:sale,cashmonkey,amazon,sale,2026-08-04,111-5350707-5588468,,order,4310,646,amazon_orders_2026-08-04.xlsx,2,0,0,2
cashmonkey:111-2700076-4864288:sale,cashmonkey,amazon,sale,2026-08-04,111-2700076-4864288,,order,3719,558,amazon_orders_2026-08-04.xlsx,4,0,0,1
cashmonkey:114-4720755-5370799:sale,cashmonkey,amazon,sale,2026-08-04,114-4720755-5370799,,order,4310,646,amazon_orders_2026-08-04.xlsx,5,0,0,2
cashmonkey:111-4602261-5859110:sale,cashmonkey,amazon,sale,2026-08-04,111-4602261-5859110,,order,990,148,amazon_orders_2026-08-04.xlsx,7,0,0,1
cashmonkey:113-5915435-5893250:sale,cashmonkey,amazon,sale,2026-08-04,113-5915435-5893250,,order,7274,1092,amazon_orders_2026-08-04.xlsx,8,0,0,2
cashmonkey:113-3959795-2252197:sale,cashmonkey,amazon,sale,2026-08-04,113-3959795-2252197,,order,3755,563,amazon_orders_2026-08-04.xlsx,10,0,0,1
cashmonkey:113-8340628-2473192:sale,cashmonkey,amazon,sale,2026-08-04,113-8340628-2473192,,order,7317,1098,amazon_orders_2026-08-04.xlsx,11,0,0,3
cashmonkey:114-7260561-8276541:sale,cashmonkey,amazon,sale,2026-08-04,114-7260561-8276541,,order,1305,196,amazon_orders_2026-08-04.xlsx,14,0,0,1
cashmonkey:114-1372480-4340201:sale,cashmonkey,amazon,sale,2026-08-04,114-1372480-4340201,,order,2234,336,amazon_orders_2026-08-04.xlsx,15,0,0,2
cashmonkey:111-7494968-5970456:sale,cashmonkey,amazon,sale,2026-08-04,111-7494968-5970456,,order,5142,771,amazon_orders_2026-08-04.xlsx,17,0,0,3
cashmonkey:111-9890659-1635633:sale,cashmonkey,amazon,sale,2026-08-04,111-9890659-1635633,,order,1022,153,amazon_orders_2026-08-04.xlsx,20,0,0,1
cashmonkey:113-8790224-9913032:sale,cashmonkey,amazon,sale,2026-08-04,113-8790224-9913032,,order,4850,728,amazon_orders_2026-08-04.xlsx,21,0,0,2
cashmonkey:114-2962322-6374142:sale,cashmonkey,amazon,sale,2026-08-04,114-2962322-6374142,,order,1556,233,amazon_orders_2026-08-04.xlsx,23,0,0,1
cashmonkey:111-8909725-8236669:sale,cashmonkey,amazon,sale,2026-08-05,111-8909725-8236669,,order,2704,406,amazon_orders_2026-08-05.xlsx,1,0,0,1
cashmonkey:113-2744227-3939762:sale,cashmonkey,amazon,sale,2026-08-05,113-2744227-3939762,,order,1885,283,amazon_orders_2026-08-05.xlsx,2,0,0,1
cashmonkey:113-4415120-9147564:sale,cashmonkey,amazon,sale,2026-08-05,113-4415120-9147564,,order,3793,569,amazon_orders_2026-08-05.xlsx,3,0,0,1
cashmonkey:111-1767501-6359801:sale,cashmonkey,amazon,sale,2026-08-05,111-1767501-6359801,,order,2489,373,amazon_orders_2026-08-05.xlsx,4,0,0,1
cashmonkey:113-9560282-1912472:sale,cashmonkey,amazon,sale,2026-08-05,113-9560282-1912472,,order,1406,211,amazon_orders_2026-08-05.xlsx,5,0,0,1
cashmonkey:114-2613007-1962889:sale,cashmonkey,amazon,sale,2026-08-05,114-2613007-1962889,,order,2497,375,amazon_orders_2026-08-05.xlsx,6,0,0,1
cashmonkey:111-4498212-3791717:sale,cashmonkey,amazon,sale,2026-08-05,111-4498212-3791717,,order,1120,168,amazon_orders_2026-08-05.xlsx,7,0,0,1
cashmonkey:114-7377232-9383681:sale,cashmonkey,amazon,sale,2026-08-05,114-7377232-9383681,,order,4884,732,amazon_orders_2026-08-05.xlsx,8,0,0,3
cashmonkey:114-2050728-3497440:sale,cashmonkey,amazon,sale,2026-08-05,114-2050728-3497440,,order,3155,473,amazon_orders_2026-08-05.xlsx,11,0,0,1
cashmonkey:114-5583344-8231362:sale,cashmonkey,amazon,sale,2026-08-05,114-5583344-8231362,,order,1100,165,amazon_orders_2026-08-05.xlsx,12,0,0,1
cashmonkey:114-2818676-4822163:sale,cashmonkey,amazon,sale,2026-08-05,114-2818676-4822163,,order,3174,477,amazon_orders_2026-08-05.xlsx,13,0,0,3
cashmonkey:114-1806236-1929124:sale,cashmonkey,amazon,sale,2026-08-05,114-1806236-1929124,,order,2892,434,amazon_orders_2026-08-05.xlsx,16,0,0,1
cashmonkey:112-8649034-2569739:sale,cashmonkey,amazon,sale,2026-08-05,112-8649034-2569739,,order,3722,558,amazon_orders_2026-08-05.xlsx,17,0,0,1
cashmonkey:112-8163051-9385031:sale,cashmonkey,amazon,sale,2026-08-05,112-8163051-9385031,,order,1279,192,amazon_orders_2026-08-05.xlsx,18,0,0,1
cashmonkey:114-3660323-9878057:sale,cashmonkey,amazon,sale,2026-08-06,114-3660323-9878057,,order,1265,190,amazon_orders_2026-08-06.xlsx,1,0,0,1
cashmonkey:112-8219507-4232665:sale,cashmonkey,amazon,sale,2026-08-06,112-8219507-4232665,,order,5400,810,amazon_orders_2026-08-06.xlsx,2,0,0,3
cashmonkey:114-2455010-8250354:sale,cashmonkey,amazon,sale,2026-08-06,114-2455010-8250354,,order,6432,964,amazon_orders_2026-08-06.xlsx,5,0,0,2
cashmonkey:114-9879055-7964038:sale,cashmonkey,amazon,sale,2026-08-06,114-9879055-7964038,,order,2174,326,amazon_orders_2026-08-06.xlsx,7,0,0,1
cashmonkey:114-2644616-7376319:sale,cashmonkey,amazon,sale,2026-08-06,114-2644616-7376319,,order,3552,532,amazon_orders_2026-08-06.xlsx,8,0,0,2
cashmonkey:113-3907110-3047306:sale,cashmonkey,amazon,sale,2026-08-06,113-3907110-3047306,,order,2553,383,amazon_orders_2026-08-06.xlsx,10,0,0,1
cashmonkey:111-2012074-8936549:sale,cashmonkey,amazon,sale,2026-08-06,111-2012074-8936549,,order,3739,561,amazon_orders_2026-08-06.xlsx,11,0,0,1
cashmonkey:111-8996270-1998487:sale,cashmonkey,amazon,sale,2026-08-06,111-8996270-1998487,,order,3267,489,amazon_orders_2026-08-06.xlsx,12,0,0,3
cashmonkey:113-9767312-1115861:sale,cashmonkey,amazon,sale,2026-08-06,113-9767312-1115861,,order,6528,978,amazon_orders_2026-08-06.xlsx,15,0,0,3
cashmonkey:114-4384575-6662594:sale,cashmonkey,amazon,sale,2026-08-06,114-4384575-6662594,,order,3648,548,amazon_orders_2026-08-06.xlsx,18,0,0,2
cashmonkey:112-5054911-1996996:sale,cashmonkey,amazon,sale,2026-08-06,112-5054911-1996996,,order,3021,453,amazon_orders_2026-08-06.xlsx,20,0,0,3
cashmonkey:111-7686153-6865391:sale,cashmonkey,amazon,sale,2026-08-06,111-7686153-6865391,,order,2872,431,amazon_orders_2026-08-06.xlsx,23,0,0,1
cashmonkey:114-9057564-4981212:sale,cashmonkey,amazon,sale,2026-08-06,114-9057564-4981212,,order,3316,497,amazon_orders_2026-08-06.xlsx,24,0,0,1
cashmonkey:114-9313006-4822657:sale,cashmonkey,amazon,sale,2026-08-06,114-9313006-4822657,,order,2836,425,amazon_orders_2026-08-06.xlsx,25,0,0,1
cashmonkey:111-4313371-7614231:sale,cashmonkey,amazon,sale,2026-08-07,111-4313371-7614231,,order,4418,663,amazon_orders_2026-08-07.xlsx,1,0,0,1
cashmonkey:113-1340182-8218878:sale,cashmonkey,amazon,sale,2026-08-07,113-1340182-8218878,,order,5550,834,amazon_orders_2026-08-07.xlsx,2,0,0,3
cashmonkey:112-2051270-8618694:sale,cashmonkey,amazon,sale,2026-08-07,112-2051270-8618694,,order,6422,964,amazon_orders_2026-08-07.xlsx,5,0,0,2
cashmonkey:112-3790615-5301507:sale,cashmonkey,amazon,sale,2026-08-07,112-3790615-5301507,,order,913,137,amazon_orders_2026-08-07.xlsx,7,0,0,1
cashmonkey:111-8002352-9083217:sale,cashmonkey,amazon,sale,2026-08-07,111-8002352-9083217,,order,8178,1226,amazon_orders_2026-08-07.xlsx,8,0,0,2
cashmonkey:113-2676704-8314174:sale,cashmonkey,amazon,sale,2026-08-07,113-2676704-8314174,,order,978,147,amazon_orders_2026-08-07.xlsx,10,0,0,1
cashmonkey:113-3625763-5030773:sale,cashmonkey,amazon,sale,2026-08-07,113-3625763-5030773,,order,3613,542,amazon_orders_2026-08-07.xlsx,11,0,0,1
cashmonkey:112-8282821-1734253:sale,cashmonkey,amazon,sale,2026-08-07,112-8282821-1734253,,order,4863,729,amazon_orders_2026-08-07.xlsx,12,0,0,3
cashmonkey:113-4327323-8383017:sale,cashmonkey,amazon,sale,2026-08-07,113-4327323-8383017,,order,2555,383,amazon_orders_2026-08-07.xlsx,15,0,0,1
cashmonkey:112-5993945-2336138:sale,cashmonkey,amazon,sale,2026-08-07,112-5993945-2336138,,order,3510,528,amazon_orders_2026-08-07.xlsx,16,0,0,3
cashmonkey:112-5462624-1453640:sale,cashmonkey,amazon,sale,2026-08-07,112-5462624-1453640,,order,3916,587,amazon_orders_2026-08-07.xlsx,19,0,0,1
cashmonkey:111-7331050-5050641:sale,cashmonkey,amazon,sale,2026-08-07,111-7331050-5050641,,order,2156,324,amazon_orders_2026-08-07.xlsx,20,0,0,2
cashmonkey:114-4345771-9478213:sale,cashmonkey,amazon,sale,2026-08-07,114-4345771-9478213,,order,2041,306,amazon_orders_2026-08-07.xlsx,22,0,0,1
cashmonkey:114-4639041-4279099:sale,cashmonkey,amazon,sale,2026-08-07,114-4639041-4279099,,order,4100,615,amazon_orders_2026-08-07.xlsx,23,0,0,1
cashmonkey:113-1338892-8101120:sale,cashmonkey,amazon,sale,2026-08-08,113-1338892-8101120,,order,1583,237,amazon_orders_2026-08-08.xlsx,1,0,0,1
cashmonkey:114-3570550-9804692:sale,cashmonkey,amazon,sale,2026-08-08,114-3570550-9804692,,order,2712,407,amazon_orders_2026-08-08.xlsx,2,0,0,1
cashmonkey:114-9807870-6625849:sale,cashmonkey,amazon,sale,2026-08-08,114-9807870-6625849,,order,10452,1569,amazon_orders_2026-08-08.xlsx,3,0,0,3
cashmonkey:114-7049043-6098619:sale,cashmonkey,amazon,sale,2026-08-08,114-7049043-6098619,,order,3362,504,amazon_orders_2026-08-08.xlsx,6,0,0,1
cashmonkey:111-6057693-2332057:sale,cashmonkey,amazon,sale,2026-08-08,111-6057693-2332057,,order,8277,1242,amazon_orders_2026-08-08.xlsx,7,0,0,3
cashmonkey:114-3035474-7195687:sale,cashmonkey,amazon,sale,2026-08-08,114-3035474-7195687,,order,7632,1146,amazon_orders_2026-08-08.xlsx,10,0,0,3
cashmonkey:111-6421128-4843664:sale,cashmonkey,amazon,sale,2026-08-08,111-6421128-4843664,,order,1564,235,amazon_orders_2026-08-08.xlsx,13,0,0,1
cashmonkey:113-6533143-3459650:sale,cashmonkey,amazon,sale,2026-08-08,113-6533143-3459650,,order,11103,1665,amazon_orders_2026-08-08.xlsx,14,0,0,3
cashmonkey:111-8364942-3649681:sale,cashmonkey,amazon,sale,2026-08-08,111-8364942-3649681,,order,6033,906,amazon_orders_2026-08-08.xlsx,17,0,0,3
cashmonkey:114-4123241-1485598:sale,cashmonkey,amazon,sale,2026-08-08,114-4123241-1485598,,order,3708,556,amazon_orders_2026-08-08.xlsx,20,0,0,1
cashmonkey:113-9646861-5506786:sale,cashmonkey,amazon,sale,2026-08-08,113-9646861-5506786,,order,8176,1226,amazon_orders_2026-08-08.xlsx,21,0,0,2
cashmonkey:113-1994872-4036176:sale,cashmonkey,amazon,sale,2026-08-08,113-1994872-4036176,,order,2854,428,amazon_orders_2026-08-08.xlsx,23,0,0,2
cashmonkey:111-7325498-5292469:sale,cashmonkey,amazon,sale,2026-08-08,111-7325498-5292469,,order,896,134,amazon_orders_2026-08-08.xlsx,25,0,0,1
cashmonkey:111-3920780-5264968:sale,cashmonkey,amazon,sale,2026-08-08,111-3920780-5264968,,order,4074,611,amazon_orders_2026-08-08.xlsx,26,0,0,1
cashmonkey:111-7715488-9014316:sale,cashmonkey,amazon,sale,2026-08-09,111-7715488-9014316,,order,4264,640,amazon_orders_2026-08-09.xlsx,1,0,0,2
cashmonkey:111-9500272-8628092:sale,cashmonkey,amazon,sale,2026-08-09,111-9500272-8628092,,order,3491,524,amazon_orders_2026-08-09.xlsx,3,0,0,1
cashmonkey:111-4135343-3835219:sale,cashmonkey,amazon,sale,2026-08-09,111-4135343-3835219,,order,6784,1018,amazon_orders_2026-08-09.xlsx,4,0,0,2
cashmonkey:114-6682302-1097229:sale,cashmonkey,amazon,sale,2026-08-09,114-6682302-1097229,,order,4612,692,amazon_orders_2026-08-09.xlsx,6,0,0,2
cashmonkey:111-8522783-9133982:sale,cashmonkey,amazon,sale,2026-08-09,111-8522783-9133982,,order,7600,1140,amazon_orders_2026-08-09.xlsx,8,0,0,2
cashmonkey:112-7079453-3696510:sale,cashmonkey,amazon,sale,2026-08-09,112-7079453-3696510,,order,2708,406,amazon_orders_2026-08-09.xlsx,10,0,0,1
cashmonkey:114-6045090-6539081:sale,cashmonkey,amazon,sale,2026-08-09,114-6045090-6539081,,order,4381,657,amazon_orders_2026-08-09.xlsx,11,0,0,1
cashmonkey:113-2129546-8846137:sale,cashmonkey,amazon,sale,2026-08-09,113-2129546-8846137,,order,2356,353,amazon_orders_2026-08-09.xlsx,12,0,0,1
cashmonkey:114-8412887-6193956:sale,cashmonkey,amazon,sale,2026-08-09,114-8412887-6193956,,order,6916,1038,amazon_orders_2026-08-09.xlsx,13,0,0,2
cashmonkey:113-3556863-3063608:sale,cashmonkey,amazon,sale,2026-08-09,113-3556863-3063608,,order,1668,250,amazon_orders_2026-08-09.xlsx,15,0,0,1
cashmonkey:114-4264308-8405508:sale,cashmonkey,amazon,sale,2026-08-09,114-4264308-8405508,,order,6900,1036,amazon_orders_2026-08-09.xlsx,16,0,0,2
cashmonkey:112-9254922-4504810:sale,cashmonkey,amazon,sale,2026-08-09,112-9254922-4504810,,order,2047,307,amazon_orders_2026-08-09.xlsx,18,0,0,1
cashmonkey:112-2065008-8050460:sale,cashmonkey,amazon,sale,2026-08-09,112-2065008-8050460,,order,8214,1232,amazon_orders_2026-08-09.xlsx,19,0,0,2
cashmonkey:113-9614446-5729281:sale,cashmonkey,amazon,sale,2026-08-09,113-9614446-5729281,,order,3229,484,amazon_orders_2026-08-09.xlsx,21,0,0,1
cashmonkey:112-6748375-3602957:sale,cashmonkey,amazon,sale,2026-08-10,112-6748375-3602957,,order,2502,375,amazon_orders_2026-08-10.xlsx,1,0,0,3
cashmonkey:113-2233283-7055592:sale,cashmonkey,amazon,sale,2026-08-10,113-2233283-7055592,,order,5168,776,amazon_orders_2026-08-10.xlsx,4,0,0,2
cashmonkey:111-4828336-7176297:sale,cashmonkey,amazon,sale,2026-08-10,111-4828336-7176297,,order,3651,548,amazon_orders_2026-08-10.xlsx,6,0,0,1
cashmonkey:114-9897999-6614144:sale,cashmonkey,amazon,sale,2026-08-10,114-9897999-6614144,,order,963,144,amazon_orders_2026-08-10.xlsx,7,0,0,1
cashmonkey:111-2935149-1343799:sale,cashmonkey,amazon,sale,2026-08-10,111-2935149-1343799,,order,8709,1305,amazon_orders_2026-08-10.xlsx,8,0,0,3
cashmonkey:113-1698780-8921736:sale,cashmonkey,amazon,sale,2026-08-10,113-1698780-8921736,,order,2184,328,amazon_orders_2026-08-10.xlsx,11,0,0,1
cashmonkey:114-3534699-3935143:sale,cashmonkey,amazon,sale,2026-08-10,114-3534699-3935143,,order,5234,786,amazon_orders_2026-08-10.xlsx,12,0,0,2
cashmonkey:113-7127412-4356439:sale,cashmonkey,amazon,sale,2026-08-10,113-7127412-4356439,,order,8044,1206,amazon_orders_2026-08-10.xlsx,14,0,0,2
cashmonkey:111-7866136-4346388:sale,cashmonkey,amazon,sale,2026-08-10,111-7866136-4346388,,order,1734,260,amazon_orders_2026-08-10.xlsx,16,0,0,1
cashmonkey:113-7709888-3945744:sale,cashmonkey,amazon,sale,2026-08-10,113-7709888-3945744,,order,3099,465,amazon_orders_2026-08-10.xlsx,17,0,0,1
cashmonkey:112-5132372-1505109:sale,cashmonkey,amazon,sale,2026-08-10,112-5132372-1505109,,order,8538,1281,amazon_orders_2026-08-10.xlsx,18,0,0,3
cashmonkey:111-5641407-1437333:sale,cashmonkey,amazon,sale,2026-08-10,111-5641407-1437333,,order,3507,526,amazon_orders_2026-08-10.xlsx,21,0,0,1
cashmonkey:114-5334140-3201453:sale,cashmonkey,amazon,sale,2026-08-10,114-5334140-3201453,,order,3701,555,amazon_orders_2026-08-10.xlsx,22,0,0,1
cashmonkey:112-7532753-1881370:sale,cashmonkey,amazon,sale,2026-08-10,112-7532753-1881370,,order,8482,1272,amazon_orders_2026-08-10.xlsx,23,0,0,2
cashmonkey:112-6808948-6091501:sale,cashmonkey,amazon,sale,2026-08-11,112-6808948-6091501,,order,9804,1470,amazon_orders_2026-08-11.xlsx,1,0,0,3
cashmonkey:113-1747346-4909146:sale,cashmonkey,amazon,sale,2026-08-11,113-1747346-4909146,,order,7350,1102,amazon_orders_2026-08-11.xlsx,4,0,0,2
cashmonkey:111-6020565-3437664:sale,cashmonkey,amazon,sale,2026-08-11,111-6020565-3437664,,order,6510,978,amazon_orders_2026-08-11.xlsx,6,0,0,3
cashmonkey:114-9777050-7726078:sale,cashmonkey,amazon,sale,2026-08-11,114-9777050-7726078,,order,4175,626,amazon_orders_2026-08-11.xlsx,9,0,0,1
cashmonkey:113-7691940-2405701:sale,cashmonkey,amazon,sale,2026-08-11,113-7691940-2405701,,order,3762,564,amazon_orders_2026-08-11.xlsx,10,0,0,1
cashmonkey:111-4040255-3044881:sale,cashmonkey,amazon,sale,2026-08-11,111-4040255-3044881,,order,3020,453,amazon_orders_2026-08-11.xlsx,11,0,0,1
cashmonkey:112-9795254-9487054:sale,cashmonkey,amazon,sale,2026-08-11,112-9795254-9487054,,order,4011,603,amazon_orders_2026-08-11.xlsx,12,0,0,3
cashmonkey:114-9132361-5146284:sale,cashmonkey,amazon,sale,2026-08-11,114-9132361-5146284,,order,7020,1053,amazon_orders_2026-08-11.xlsx,15,0,0,3
cashmonkey:113-1182899-1471253:sale,cashmonkey,amazon,sale,2026-08-11,113-1182899-1471253,,order,3560,534,amazon_orders_2026-08-11.xlsx,18,0,0,2
cashmonkey:113-3603700-1156809:sale,cashmonkey,amazon,sale,2026-08-11,113-3603700-1156809,,order,3153,473,amazon_orders_2026-08-11.xlsx,20,0,0,1
cashmonkey:111-9241615-5235052:sale,cashmonkey,amazon,sale,2026-08-11,111-9241615-5235052,,order,3501,525,amazon_orders_2026-08-11.xlsx,21,0,0,3
cashmonkey:114-7748384-5260095:sale,cashmonkey,amazon,sale,2026-08-11,114-7748384-5260095,,order,10374,1557,amazon_orders_2026-08-11.xlsx,24,0,0,3
cashmonkey:114-8205609-1661438:sale,cashmonkey,amazon,sale,2026-08-11,114-8205609-1661438,,order,4379,657,amazon_orders_2026-08-11.xlsx,27,0,0,1
cashmonkey:113-5745946-6839502:sale,cashmonkey,amazon,sale,2026-08-11,113-5745946-6839502,,order,2000,300,amazon_orders_2026-08-11.xlsx,28,0,0,2
cashmonkey:112-7014804-7642298:sale,cashmonkey,amazon,sale,2026-08-12,112-7014804-7642298,,order,1848,278,amazon_orders_2026-08-12.xlsx,1,0,0,2
cashmonkey:113-5834392-8442334:sale,cashmonkey,amazon,sale,2026-08-12,113-5834392-8442334,,order,1872,280,amazon_orders_2026-08-12.xlsx,3,0,0,2
cashmonkey:114-7617104-5039484:sale,cashmonkey,amazon,sale,2026-08-12,114-7617104-5039484,,order,3123,468,amazon_orders_2026-08-12.xlsx,5,0,0,1
cashmonkey:113-8162577-5804225:sale,cashmonkey,amazon,sale,2026-08-12,113-8162577-5804225,,order,4001,600,amazon_orders_2026-08-12.xlsx,6,0,0,1
cashmonkey:114-6884109-2795937:sale,cashmonkey,amazon,sale,2026-08-12,114-6884109-2795937,,order,3305,496,amazon_orders_2026-08-12.xlsx,7,0,0,1
cashmonkey:112-5914245-3734314:sale,cashmonkey,amazon,sale,2026-08-12,112-5914245-3734314,,order,1420,213,amazon_orders_2026-08-12.xlsx,8,0,0,1
cashmonkey:112-2645606-5869353:sale,cashmonkey,amazon,sale,2026-08-12,112-2645606-5869353,,order,3992,598,amazon_orders_2026-08-12.xlsx,9,0,0,2
cashmonkey:113-5914491-6417367:sale,cashmonkey,amazon,sale,2026-08-12,113-5914491-6417367,,order,12075,1812,amazon_orders_2026-08-12.xlsx,11,0,0,3
cashmonkey:112-4836877-6052641:sale,cashmonkey,amazon,sale,2026-08-12,112-4836877-6052641,,order,2224,334,amazon_orders_2026-08-12.xlsx,14,0,0,1
cashmonkey:112-2634601-2940692:sale,cashmonkey,amazon,sale,2026-08-12,112-2634601-2940692,,order,7522,1128,amazon_orders_2026-08-12.xlsx,15,0,0,2
cashmonkey:114-3941165-1330025:sale,cashmonkey,amazon,sale,2026-08-12,114-3941165-1330025,,order,2664,400,amazon_orders_2026-08-12.xlsx,17,0,0,1
cashmonkey:113-5698584-2282472:sale,cashmonkey,amazon,sale,2026-08-12,113-5698584-2282472,,order,1547,232,amazon_orders_2026-08-12.xlsx,18,0,0,1
cashmonkey:111-9086932-7991550:sale,cashmonkey,amazon,sale,2026-08-12,111-9086932-7991550,,order,4098,615,amazon_orders_2026-08-12.xlsx,19,0,0,1
cashmonkey:111-9267087-5618809:sale,cashmonkey,amazon,sale,2026-08-12,111-9267087-5618809,,order,2973,446,amazon_orders_2026-08-12.xlsx,20,0,0,1
cashmonkey:112-2265717-4106197:sale,cashmonkey,amazon,sale,2026-08-13,112-2265717-4106197,,order,3348,502,amazon_orders_2026-08-13.xlsx,1,0,0,1
cashmonkey:113-8073997-1179305:sale,cashmonkey,amazon,sale,2026-08-13,113-8073997-1179305,,order,4220,632,amazon_orders_2026-08-13.xlsx,2,0,0,2
cashmonkey:112-2592555-8760063:sale,cashmonkey,amazon,sale,2026-08-13,112-2592555-8760063,,order,2710,406,amazon_orders_2026-08-13.xlsx,4,0,0,2
cashmonkey:114-9742444-5463752:sale,cashmonkey,amazon,sale,2026-08-13,114-9742444-5463752,,order,2339,351,amazon_orders_2026-08-13.xlsx,6,0,0,1
cashmonkey:112-3269015-1187871:sale,cashmonkey,amazon,sale,2026-08-13,112-3269015-1187871,,order,10305,1545,amazon_orders_2026-08-13.xlsx,7,0,0,3
cashmonkey:111-4793089-1429776:sale,cashmonkey,amazon,sale,2026-08-13,111-4793089-1429776,,order,8818,1322,amazon_orders_2026-08-13.xlsx,10,0,0,2
cashmonkey:114-3110765-8916777:sale,cashmonkey,amazon,sale,2026-08-13,114-3110765-8916777,,order,4770,716,amazon_orders_2026-08-13.xlsx,12,0,0,2
cashmonkey:114-4113606-2240932:sale,cashmonkey,amazon,sale,2026-08-13,114-4113606-2240932,,order,4265,640,amazon_orders_2026-08-13.xlsx,14,0,0,1
cashmonkey:111-2215678-1969686:sale,cashmonkey,amazon,sale,2026-08-13,111-2215678-1969686,,order,2535,381,amazon_orders_2026-08-13.xlsx,15,0,0,3
cashmonkey:114-1474158-7267468:sale,cashmonkey,amazon,sale,2026-08-13,114-1474158-7267468,,order,876,131,amazon_orders_2026-08-13.xlsx,18,0,0,1
cashmonkey:111-5215966-4340647:sale,cashmonkey,amazon,sale,2026-08-13,111-5215966-4340647,,order,4464,670,amazon_orders_2026-08-13.xlsx,19,0,0,1
cashmonkey:111-4449555-7990604:sale,cashmonkey,amazon,sale,2026-08-13,111-4449555-7990604,,order,2530,380,amazon_orders_2026-08-13.xlsx,20,0,0,1
cashmonkey:112-1196537-8355173:sale,cashmonkey,amazon,sale,2026-08-13,112-1196537-8355173,,order,3718,558,amazon_orders_2026-08-13.xlsx,21,0,0,2
cashmonkey:113-5890406-1474105:sale,cashmonkey,amazon,sale,2026-08-13,113-5890406-1474105,,order,2436,365,amazon_orders_2026-08-13.xlsx,23,0,0,1
cashmonkey:114-5964780-4405364:sale,cashmonkey,amazon,sale,2026-08-14,114-5964780-4405364,,order,2632,395,amazon_orders_2026-08-14.xlsx,1,0,0,1
cashmonkey:113-1429195-7618441:sale,cashmonkey,amazon,sale,2026-08-14,113-1429195-7618441,,order,1662,249,amazon_orders_2026-08-14.xlsx,2,0,0,1
cashmonkey:114-5935601-8721877:sale,cashmonkey,amazon,sale,2026-08-14,114-5935601-8721877,,order,2629,394,amazon_orders_2026-08-14.xlsx,3,0,0,1
cashmonkey:112-5659428-7718478:sale,cashmonkey,amazon,sale,2026-08-14,112-5659428-7718478,,order,1284,193,amazon_orders_2026-08-14.xlsx,4,0,0,1
cashmonkey:114-5834619-4501763:sale,cashmonkey,amazon,sale,2026-08-14,114-5834619-4501763,,order,4371,657,amazon_orders_2026-08-14.xlsx,5,0,0,3
cashmonkey:113-5011261-9654802:sale,cashmonkey,amazon,sale,2026-08-14,113-5011261-9654802,,order,1506,226,amazon_orders_2026-08-14.xlsx,8,0,0,1
cashmonkey:111-9354136-3658825:sale,cashmonkey,amazon,sale,2026-08-14,111-9354136-3658825,,order,12255,1839,amazon_orders_2026-08-14.xlsx,9,0,0,3
cashmonkey:113-5352364-4201850:sale,cashmonkey,amazon,sale,2026-08-14,113-5352364-4201850,,order,2325,349,amazon_orders_2026-08-14.xlsx,12,0,0,1
cashmonkey:113-9284141-9552101:sale,cashmonkey,amazon,sale,2026-08-14,113-9284141-9552101,,order,2873,431,amazon_orders_2026-08-14.xlsx,13,0,0,1
cashmonkey:111-1654627-6644183:sale,cashmonkey,amazon,sale,2026-08-14,111-1654627-6644183,,order,3546,532,amazon_orders_2026-08-14.xlsx,14,0,0,1
cashmonkey:114-4178654-1694423:sale,cashmonkey,amazon,sale,2026-08-14,114-4178654-1694423,,order,2285,343,amazon_orders_2026-08-14.xlsx,15,0,0,1
cashmonkey:113-2098357-2969020:sale,cashmonkey,amazon,sale,2026-08-14,113-2098357-2969020,,order,1636,246,amazon_orders_2026-08-14.xlsx,16,0,0,2
cashmonkey:112-5917944-5348430:sale,cashmonkey,amazon,sale,2026-08-14,112-5917944-5348430,,order,3527,529,amazon_orders_2026-08-14.xlsx,18,0,0,1
cashmonkey:112-2254299-2693382:sale,cashmonkey,amazon,sale,2026-08-14,112-2254299-2693382,,order,1912,287,amazon_orders_2026-08-14.xlsx,19,0,0,1
cashmonkey:113-1627786-4765609:sale,cashmonkey,amazon,sale,2026-08-15,113-1627786-4765609,,order,1552,233,amazon_orders_2026-08-15.xlsx,1,0,0,1
cashmonkey:112-3394375-3347709:sale,cashmonkey,amazon,sale,2026-08-15,112-3394375-3347709,,order,1117,168,amazon_orders_2026-08-15.xlsx,2,0,0,1
cashmonkey:114-4183949-3893588:sale,cashmonkey,amazon,sale,2026-08-15,114-4183949-3893588,,order,11106,1665,amazon_orders_2026-08-15.xlsx,3,0,0,3
cashmonkey:112-3718244-8345102:sale,cashmonkey,amazon,sale,2026-08-15,112-3718244-8345102,,order,3895,584,amazon_orders_2026-08-15.xlsx,6,0,0,1
cashmonkey:114-9591353-9230738:sale,cashmonkey,amazon,sale,2026-08-15,114-9591353-9230738,,order,5241,786,amazon_orders_2026-08-15.xlsx,7,0,0,3
cashmonkey:112-5267685-5615931:sale,cashmonkey,amazon,sale,2026-08-15,112-5267685-5615931,,order,11736,1761,amazon_orders_2026-08-15.xlsx,10,0,0,3
cashmonkey:113-8963364-8701125:sale,cashmonkey,amazon,sale,2026-08-15,113-8963364-8701125,,order,6810,1022,amazon_orders_2026-08-15.xlsx,13,0,0,2
cashmonkey:112-7404769-3672614:sale,cashmonkey,amazon,sale,2026-08-15,112-7404769-3672614,,order,3678,552,amazon_orders_2026-08-15.xlsx,15,0,0,2
cashmonkey:112-8251479-3024268:sale,cashmonkey,amazon,sale,2026-08-15,112-8251479-3024268,,order,3419,513,amazon_orders_2026-08-15.xlsx,17,0,0,1
cashmonkey:112-6799957-9506314:sale,cashmonkey,amazon,sale,2026-08-15,112-6799957-9506314,,order,3891,585,amazon_orders_2026-08-15.xlsx,18,0,0,3
cashmonkey:112-5159580-3700502:sale,cashmonkey,amazon,sale,2026-08-15,112-5159580-3700502,,order,3350,502,amazon_orders_2026-08-15.xlsx,21,0,0,1
cashmonkey:113-4140441-4862971:sale,cashmonkey,amazon,sale,2026-08-15,113-4140441-4862971,,order,3786,567,amazon_orders_2026-08-15.xlsx,22,0,0,3
cashmonkey:111-2454880-8538884:sale,cashmonkey,amazon,sale,2026-08-15,111-2454880-8538884,,order,5274,792,amazon_orders_2026-08-15.xlsx,25,0,0,2
cashmonkey:114-8576130-7223703:sale,cashmonkey,amazon,sale,2026-08-15,114-8576130-7223703,,order,7578,1137,amazon_orders_2026-08-15.xlsx,27,0,0,3
cashmonkey:111-1103319-1727686:sale,cashmonkey,amazon,sale,2026-08-16,111-1103319-1727686,,order,4978,746,amazon_orders_2026-08-16.xlsx,1,0,0,2
cashmonkey:114-7712830-2294863:sale,cashmonkey,amazon,sale,2026-08-16,114-7712830-2294863,,order,5583,837,amazon_orders_2026-08-16.xlsx,3,0,0,3
cashmonkey:114-9372234-9142522:sale,cashmonkey,amazon,sale,2026-08-16,114-9372234-9142522,,order,1991,299,amazon_orders_2026-08-16.xlsx,6,0,0,1
cashmonkey:111-7744358-6168951:sale,cashmonkey,amazon,sale,2026-08-16,111-7744358-6168951,,order,2571,386,amazon_orders_2026-08-16.xlsx,7,0,0,1
cashmonkey:114-3195604-5531303:sale,cashmonkey,amazon,sale,2026-08-16,114-3195604-5531303,,order,2979,447,amazon_orders_2026-08-16.xlsx,8,0,0,3
cashmonkey:114-9765112-6466938:sale,cashmonkey,amazon,sale,2026-08-16,114-9765112-6466938,,order,1497,225,amazon_orders_2026-08-16.xlsx,11,0,0,1
cashmonkey:112-2143818-3398222:sale,cashmonkey,amazon,sale,2026-08-16,112-2143818-3398222,,order,3772,566,amazon_orders_2026-08-16.xlsx,12,0,0,1
cashmonkey:114-2970059-3795260:sale,cashmonkey,amazon,sale,2026-08-16,114-2970059-3795260,,order,956,143,amazon_orders_2026-08-16.xlsx,13,0,0,1
cashmonkey:114-1466455-7645874:sale,cashmonkey,amazon,sale,2026-08-16,114-1466455-7645874,,order,2939,441,amazon_orders_2026-08-16.xlsx,14,0,0,1
cashmonkey:114-4540767-1604468:sale,cashmonkey,amazon,sale,2026-08-16,114-4540767-1604468,,order,5758,864,amazon_orders_2026-08-16.xlsx,15,0,0,2
cashmonkey:112-4815832-4886830:sale,cashmonkey,amazon,sale,2026-08-16,112-4815832-4886830,,order,10674,1602,amazon_orders_2026-08-16.xlsx,17,0,0,3
cashmonkey:114-1389314-9650312:sale,cashmonkey,amazon,sale,2026-08-16,114-1389314-9650312,,order,4356,654,amazon_orders_2026-08-16.xlsx,20,0,0,2
cashmonkey:111-5481587-1214429:sale,cashmonkey,amazon,sale,2026-08-16,111-5481587-1214429,,order,1640,246,amazon_orders_2026-08-16.xlsx,22,0,0,1
cashmonkey:114-4414773-7181316:sale,cashmonkey,amazon,sale,2026-08-16,114-4414773-7181316,,order,10269,1539,amazon_orders_2026-08-16.xlsx,23,0,0,3
cashmonkey:113-7094836-4791325:sale,cashmonkey,amazon,sale,2026-08-17,113-7094836-4791325,,order,7764,1164,amazon_orders_2026-08-17.xlsx,1,0,0,2
cashmonkey:111-5229211-1411063:sale,cashmonkey,amazon,sale,2026-08-17,111-5229211-1411063,,order,2183,327,amazon_orders_2026-08-17.xlsx,3,0,0,1
cashmonkey:111-7657004-3753767:sale,cashmonkey,amazon,sale,2026-08-17,111-7657004-3753767,,order,863,129,amazon_orders_2026-08-17.xlsx,4,0,0,1
cashmonkey:111-7043283-3463195:sale,cashmonkey,amazon,sale,2026-08-17,111-7043283-3463195,,order,3549,532,amazon_orders_2026-08-17.xlsx,5,0,0,1
cashmonkey:113-6591675-1266199:sale,cashmonkey,amazon,sale,2026-08-17,113-6591675-1266199,,order,1898,284,amazon_orders_2026-08-17.xlsx,6,0,0,2
cashmonkey:112-2311677-3527348:sale,cashmonkey,amazon,sale,2026-08-17,112-2311677-3527348,,order,7756,1164,amazon_orders_2026-08-17.xlsx,8,0,0,2
cashmonkey:114-9353665-5660365:sale,cashmonkey,amazon,sale,2026-08-17,114-9353665-5660365,,order,12672,1902,amazon_orders_2026-08-17.xlsx,10,0,0,3
cashmonkey:114-1465706-5269998:sale,cashmonkey,amazon,sale,2026-08-17,114-1465706-5269998,,order,2388,358,amazon_orders_2026-08-17.xlsx,13,0,0,1
cashmonkey:113-5337689-8959066:sale,cashmonkey,amazon,sale,2026-08-17,113-5337689-8959066,,order,2695,404,amazon_orders_2026-08-17.xlsx,14,0,0,1
cashmonkey:111-2382743-6256687:sale,cashmonkey,amazon,sale,2026-08-17,111-2382743-6256687,,order,3293,494,amazon_orders_2026-08-17.xlsx,15,0,0,1
cashmonkey:113-8620780-3234881:sale,cashmonkey,amazon,sale,2026-08-17,113-8620780-3234881,,order,5948,892,amazon_orders_2026-08-17.xlsx,16,0,0,2
cashmonkey:113-9538920-2133868:sale,cashmonkey,amazon,sale,2026-08-17,113-9538920-2133868,,order,2645,397,amazon_orders_2026-08-17.xlsx,18,0,0,1
cashmonkey:112-8315704-6798947:sale,cashmonkey,amazon,sale,2026-08-17,112-8315704-6798947,,order,1749,262,amazon_orders_2026-08-17.xlsx,19,0,0,1
cashmonkey:112-1494316-5293880:sale,cashmonkey,amazon,sale,2026-08-17,112-1494316-5293880,,order,3960,594,amazon_orders_2026-08-17.xlsx,20,0,0,1
cashmonkey:112-3521987-3404806:sale,cashmonkey,amazon,sale,2026-08-18,112-3521987-3404806,,order,1517,228,amazon_orders_2026-08-18.xlsx,1,0,0,1
cashmonkey:114-9629407-8608664:sale,cashmonkey,amazon,sale,2026-08-18,114-9629407-8608664,,order,8684,1302,amazon_orders_2026-08-18.xlsx,2,0,0,2
cashmonkey:114-4083752-7535947:sale,cashmonkey,amazon,sale,2026-08-18,114-4083752-7535947,,order,7574,1136,amazon_orders_2026-08-18.xlsx,4,0,0,2
cashmonkey:111-2005893-6089122:sale,cashmonkey,amazon,sale,2026-08-18,111-2005893-6089122,,order,3585,537,amazon_orders_2026-08-18.xlsx,6,0,0,3
cashmonkey:111-9643467-7231493:sale,cashmonkey,amazon,sale,2026-08-18,111-9643467-7231493,,order,889,133,amazon_orders_2026-08-18.xlsx,9,0,0,1
cashmonkey:112-3910465-8047482:sale,cashmonkey,amazon,sale,2026-08-18,112-3910465-8047482,,order,1574,236,amazon_orders_2026-08-18.xlsx,10,0,0,2
cashmonkey:111-4428186-9108764:sale,cashmonkey,amazon,sale,2026-08-18,111-4428186-9108764,,order,6222,934,amazon_orders_2026-08-18.xlsx,12,0,0,2
cashmonkey:113-8396807-3665136:sale,cashmonkey,amazon,sale,2026-08-18,113-8396807-3665136,,order,1796,270,amazon_orders_2026-08-18.xlsx,14,0,0,2
cashmonkey:113-7108303-7739870:sale,cashmonkey,amazon,sale,2026-08-18,113-7108303-7739870,,order,8390,1258,amazon_orders_2026-08-18.xlsx,16,0,0,2
cashmonkey:114-9035200-3579439:sale,cashmonkey,amazon,sale,2026-08-18,114-9035200-3579439,,order,5430,814,amazon_orders_2026-08-18.xlsx,18,0,0,2
cashmonkey:112-3552045-4779968:sale,cashmonkey,amazon,sale,2026-08-18,112-3552045-4779968,,order,2839,426,amazon_orders_2026-08-18.xlsx,20,0,0,1
cashmonkey:112-1368175-1179608:sale,cashmonkey,amazon,sale,2026-08-18,112-1368175-1179608,,order,8556,1284,amazon_orders_2026-08-18.xlsx,21,0,0,3
cashmonkey:113-2192803-7689950:sale,cashmonkey,amazon,sale,2026-08-18,113-2192803-7689950,,order,4934,740,amazon_orders_2026-08-18.xlsx,24,0,0,2
cashmonkey:112-3883033-4500654:sale,cashmonkey,amazon,sale,2026-08-18,112-3883033-4500654,,order,4272,641,amazon_orders_2026-08-18.xlsx,26,0,0,1
cashmonkey:113-9022974-6170592:sale,cashmonkey,amazon,sale,2026-08-19,113-9022974-6170592,,order,6554,984,amazon_orders_2026-08-19.xlsx,1,0,0,2
cashmonkey:113-7762770-2490851:sale,cashmonkey,amazon,sale,2026-08-19,113-7762770-2490851,,order,9000,1350,amazon_orders_2026-08-19.xlsx,3,0,0,3
cashmonkey:113-2895765-7882455:sale,cashmonkey,amazon,sale,2026-08-19,113-2895765-7882455,,order,11787,1767,amazon_orders_2026-08-19.xlsx,6,0,0,3
cashmonkey:113-6875135-9777785:sale,cashmonkey,amazon,sale,2026-08-19,113-6875135-9777785,,order,2099,315,amazon_orders_2026-08-19.xlsx,9,0,0,1
cashmonkey:113-5252820-7462526:sale,cashmonkey,amazon,sale,2026-08-19,113-5252820-7462526,,order,6237,936,amazon_orders_2026-08-19.xlsx,10,0,0,3
cashmonkey:114-5377703-8329594:sale,cashmonkey,amazon,sale,2026-08-19,114-5377703-8329594,,order,3680,552,amazon_orders_2026-08-19.xlsx,13,0,0,2
cashmonkey:111-6255637-6845505:sale,cashmonkey,amazon,sale,2026-08-19,111-6255637-6845505,,order,8904,1336,amazon_orders_2026-08-19.xlsx,15,0,0,2
cashmonkey:114-9337285-1865990:sale,cashmonkey,amazon,sale,2026-08-19,114-9337285-1865990,,order,4086,613,amazon_orders_2026-08-19.xlsx,17,0,0,1
cashmonkey:114-1575046-8292028:sale,cashmonkey,amazon,sale,2026-08-19,114-1575046-8292028,,order,2991,450,amazon_orders_2026-08-19.xlsx,18,0,0,3
cashmonkey:112-8505554-9624446:sale,cashmonkey,amazon,sale,2026-08-19,112-8505554-9624446,,order,1429,214,amazon_orders_2026-08-19.xlsx,21,0,0,1
cashmonkey:112-6575396-7627522:sale,cashmonkey,amazon,sale,2026-08-19,112-6575396-7627522,,order,4866,730,amazon_orders_2026-08-19.xlsx,22,0,0,2
cashmonkey:111-3845203-5891248:sale,cashmonkey,amazon,sale,2026-08-19,111-3845203-5891248,,order,2863,429,amazon_orders_2026-08-19.xlsx,24,0,0,1
cashmonkey:113-9377311-8798300:sale,cashmonkey,amazon,sale,2026-08-19,113-9377311-8798300,,order,1614,242,amazon_orders_2026-08-19.xlsx,25,0,0,1
cashmonkey:113-5303330-1993951:sale,cashmonkey,amazon,sale,2026-08-19,113-5303330-1993951,,order,910,136,amazon_orders_2026-08-19.xlsx,26,0,0,1
cashmonkey:111-3262780-1956274:sale,cashmonkey,amazon,sale,2026-08-20,111-3262780-1956274,,order,6656,998,amazon_orders_2026-08-20.xlsx,1,0,0,2
cashmonkey:111-4304856-5474130:sale,cashmonkey,amazon,sale,2026-08-20,111-4304856-5474130,,order,708,106,amazon_orders_2026-08-20.xlsx,3,0,0,1
cashmonkey:113-2087537-7972699:sale,cashmonkey,amazon,sale,2026-08-20,113-2087537-7972699,,order,12153,1824,amazon_orders_2026-08-20.xlsx,4,0,0,3
cashmonkey:112-1167009-4991202:sale,cashmonkey,amazon,sale,2026-08-20,112-1167009-4991202,,order,784,118,amazon_orders_2026-08-20.xlsx,7,0,0,1
cashmonkey:114-1943083-3872190:sale,cashmonkey,amazon,sale,2026-08-20,114-1943083-3872190,,order,4242,636,amazon_orders_2026-08-20.xlsx,8,0,0,1
cashmonkey:113-8833773-9520971:sale,cashmonkey,amazon,sale,2026-08-20,113-8833773-9520971,,order,3490,524,amazon_orders_2026-08-20.xlsx,9,0,0,1
cashmonkey:111-9278370-3937250:sale,cashmonkey,amazon,sale,2026-08-20,111-9278370-3937250,,order,1880,282,amazon_orders_2026-08-20.xlsx,10,0,0,1
cashmonkey:112-2034717-1172531:sale,cashmonkey,amazon,sale,2026-08-20,112-2034717-1172531,,order,5928,890,amazon_orders_2026-08-20.xlsx,11,0,0,2
cashmonkey:111-7035969-1037491:sale,cashmonkey,amazon,sale,2026-08-20,111-7035969-1037491,,order,4123,618,amazon_orders_2026-08-20.xlsx,13,0,0,1
cashmonkey:112-1930886-5504362:sale,cashmonkey,amazon,sale,2026-08-20,112-1930886-5504362,,order,3342,502,amazon_orders_2026-08-20.xlsx,14,0,0,2
cashmonkey:111-4868636-5189074:sale,cashmonkey,amazon,sale,2026-08-20,111-4868636-5189074,,order,3596,539,amazon_orders_2026-08-20.xlsx,16,0,0,1
cashmonkey:114-3155159-5066349:sale,cashmonkey,amazon,sale,2026-08-20,114-3155159-5066349,,order,2342,352,amazon_orders_2026-08-20.xlsx,17,0,0,2
cashmonkey:114-5919707-5701200:sale,cashmonkey,amazon,sale,2026-08-20,114-5919707-5701200,,order,3430,514,amazon_orders_2026-08-20.xlsx,19,0,0,1
cashmonkey:113-3503673-9096603:sale,cashmonkey,amazon,sale,2026-08-20,113-3503673-9096603,,order,3963,594,amazon_orders_2026-08-20.xlsx,20,0,0,1
cashmonkey:112-8660243-9919974:sale,cashmonkey,amazon,sale,2026-08-21,112-8660243-9919974,,order,2646,397,amazon_orders_2026-08-21.xlsx,1,0,0,1
cashmonkey:111-6392792-1260977:sale,cashmonkey,amazon,sale,2026-08-21,111-6392792-1260977,,order,4944,741,amazon_orders_2026-08-21.xlsx,2,0,0,3
cashmonkey:112-8797547-6165917:sale,cashmonkey,amazon,sale,2026-08-21,112-8797547-6165917,,order,10860,1629,amazon_orders_2026-08-21.xlsx,5,0,0,3
cashmonkey:113-1082699-6133854:sale,cashmonkey,amazon,sale,2026-08-21,113-1082699-6133854,,order,1246,187,amazon_orders_2026-08-21.xlsx,8,0,0,1
cashmonkey:114-2996496-8341933:sale,cashmonkey,amazon,sale,2026-08-21,114-2996496-8341933,,order,2761,414,amazon_orders_2026-08-21.xlsx,9,0,0,1
cashmonkey:112-4511071-9235510:sale,cashmonkey,amazon,sale,2026-08-21,112-4511071-9235510,,order,2091,314,amazon_orders_2026-08-21.xlsx,10,0,0,1
cashmonkey:114-3628581-3041808:sale,cashmonkey,amazon,sale,2026-08-21,114-3628581-3041808,,order,1019,153,amazon_orders_2026-08-21.xlsx,11,0,0,1
cashmonkey:112-8275922-6892060:sale,cashmonkey,amazon,sale,2026-08-21,112-8275922-6892060,,order,727,109,amazon_orders_2026-08-21.xlsx,12,0,0,1
cashmonkey:114-2704913-4342450:sale,cashmonkey,amazon,sale,2026-08-21,114-2704913-4342450,,order,9072,1362,amazon_orders_2026-08-21.xlsx,13,0,0,3
cashmonkey:112-4772057-8771202:sale,cashmonkey,amazon,sale,2026-08-21,112-4772057-8771202,,order,3812,572,amazon_orders_2026-08-21.xlsx,16,0,0,1
cashmonkey:111-9017519-1895136:sale,cashmonkey,amazon,sale,2026-08-21,111-9017519-1895136,,order,2903,435,amazon_orders_2026-08-21.xlsx,17,0,0,1
cashmonkey:112-1849036-8204449:sale,cashmonkey,amazon,sale,2026-08-21,112-1849036-8204449,,order,3302,495,amazon_orders_2026-08-21.xlsx,18,0,0,1
cashmonkey:113-1969008-6018132:sale,cashmonkey,amazon,sale,2026-08-21,113-1969008-6018132,,order,1420,213,amazon_orders_2026-08-21.xlsx,19,0,0,1
cashmonkey:111-6441878-2008825:sale,cashmonkey,amazon,sale,2026-08-21,111-6441878-2008825,,order,2793,419,amazon_orders_2026-08-21.xlsx,20,0,0,1
cashmonkey:114-2606669-4373308:sale,cashmonkey,amazon,sale,2026-08-22,114-2606669-4373308,,order,3682,552,amazon_orders_2026-08-22.xlsx,1,0,0,2
cashmonkey:111-8056202-7294185:sale,cashmonkey,amazon,sale,2026-08-22,111-8056202-7294185,,order,3750,562,amazon_orders_2026-08-22.xlsx,3,0,0,2
cashmonkey:113-5412881-7202481:sale,cashmonkey,amazon,sale,2026-08-22,113-5412881-7202481,,order,3204,480,amazon_orders_2026-08-22.xlsx,5,0,0,3
cashmonkey:113-4776769-4190870:sale,cashmonkey,amazon,sale,2026-08-22,113-4776769-4190870,,order,5166,774,amazon_orders_2026-08-22.xlsx,8,0,0,2
cashmonkey:114-7243604-5315551:sale,cashmonkey,amazon,sale,2026-08-22,114-7243604-5315551,,order,3166,475,amazon_orders_2026-08-22.xlsx,10,0,0,1
cashmonkey:114-6548263-9766901:sale,cashmonkey,amazon,sale,2026-08-22,114-6548263-9766901,,order,2062,309,amazon_orders_2026-08-22.xlsx,11,0,0,1
cashmonkey:111-8820124-7940103:sale,cashmonkey,amazon,sale,2026-08-22,111-8820124-7940103,,order,3424,514,amazon_orders_2026-08-22.xlsx,12,0,0,1
cashmonkey:113-5882303-3400063:sale,cashmonkey,amazon,sale,2026-08-22,113-5882303-3400063,,order,3274,491,amazon_orders_2026-08-22.xlsx,13,0,0,1
cashmonkey:114-6033855-5273760:sale,cashmonkey,amazon,sale,2026-08-22,114-6033855-5273760,,order,3550,532,amazon_orders_2026-08-22.xlsx,14,0,0,1
cashmonkey:114-9441910-9491400:sale,cashmonkey,amazon,sale,2026-08-22,114-9441910-9491400,,order,4347,652,amazon_orders_2026-08-22.xlsx,15,0,0,1
cashmonkey:111-1413325-9653446:sale,cashmonkey,amazon,sale,2026-08-22,111-1413325-9653446,,order,1439,216,amazon_orders_2026-08-22.xlsx,16,0,0,1
cashmonkey:114-1834397-2821882:sale,cashmonkey,amazon,sale,2026-08-22,114-1834397-2821882,,order,4682,702,amazon_orders_2026-08-22.xlsx,17,0,0,2
cashmonkey:113-4012354-7272435:sale,cashmonkey,amazon,sale,2026-08-22,113-4012354-7272435,,order,8010,1202,amazon_orders_2026-08-22.xlsx,19,0,0,2
cashmonkey:111-9422040-8028140:sale,cashmonkey,amazon,sale,2026-08-22,111-9422040-8028140,,order,2470,370,amazon_orders_2026-08-22.xlsx,21,0,0,1
cashmonkey:113-1790319-5463846:sale,cashmonkey,amazon,sale,2026-08-23,113-1790319-5463846,,order,2880,432,amazon_orders_2026-08-23.xlsx,1,0,0,3
cashmonkey:111-5636896-2716931:sale,cashmonkey,amazon,sale,2026-08-23,111-5636896-2716931,,order,3769,565,amazon_orders_2026-08-23.xlsx,4,0,0,1
cashmonkey:114-4980515-8026037:sale,cashmonkey,amazon,sale,2026-08-23,114-4980515-8026037,,order,2242,336,amazon_orders_2026-08-23.xlsx,5,0,0,1
cashmonkey:114-1202755-5949701:sale,cashmonkey,amazon,sale,2026-08-23,114-1202755-5949701,,order,758,114,amazon_orders_2026-08-23.xlsx,6,0,0,1
cashmonkey:111-7061280-8030364:sale,cashmonkey,amazon,sale,2026-08-23,111-7061280-8030364,,order,1438,216,amazon_orders_2026-08-23.xlsx,7,0,0,1
cashmonkey:112-6302637-2256055:sale,cashmonkey,amazon,sale,2026-08-23,112-6302637-2256055,,order,2196,330,amazon_orders_2026-08-23.xlsx,8,0,0,2
cashmonkey:112-7235239-5979895:sale,cashmonkey,amazon,sale,2026-08-23,112-7235239-5979895,,order,3270,490,amazon_orders_2026-08-23.xlsx,10,0,0,1
cashmonkey:111-5651498-4248123:sale,cashmonkey,amazon,sale,2026-08-23,111-5651498-4248123,,order,1772,266,amazon_orders_2026-08-23.xlsx,11,0,0,2
cashmonkey:113-7381377-2207675:sale,cashmonkey,amazon,sale,2026-08-23,113-7381377-2207675,,order,2555,383,amazon_orders_2026-08-23.xlsx,13,0,0,1
cashmonkey:113-5768714-7748067:sale,cashmonkey,amazon,sale,2026-08-23,113-5768714-7748067,,order,2618,393,amazon_orders_2026-08-23.xlsx,14,0,0,1
cashmonkey:111-6551361-4158971:sale,cashmonkey,amazon,sale,2026-08-23,111-6551361-4158971,,order,2736,410,amazon_orders_2026-08-23.xlsx,15,0,0,1
cashmonkey:111-3356997-5672241:sale,cashmonkey,amazon,sale,2026-08-23,111-3356997-5672241,,order,3079,462,amazon_orders_2026-08-23.xlsx,16,0,0,1
cashmonkey:111-2582339-8638333:sale,cashmonkey,amazon,sale,2026-08-23,111-2582339-8638333,,order,1232,185,amazon_orders_2026-08-23.xlsx,17,0,0,1
cashmonkey:114-5711029-4595879:sale,cashmonkey,amazon,sale,2026-08-23,114-5711029-4595879,,order,3480,522,amazon_orders_2026-08-23.xlsx,18,0,0,2
cashmonkey:112-4481285-1907870:sale,cashmonkey,amazon,sale,2026-08-24,112-4481285-1907870,,order,3787,568,amazon_orders_2026-08-24.xlsx,1,0,0,1
cashmonkey:111-5027340-7587665:sale,cashmonkey,amazon,sale,2026-08-24,111-5027340-7587665,,order,8382,1258,amazon_orders_2026-08-24.xlsx,2,0,0,2
cashmonkey:113-2693275-2596731:sale,cashmonkey,amazon,sale,2026-08-24,113-2693275-2596731,,order,1510,226,amazon_orders_2026-08-24.xlsx,4,0,0,1
cashmonkey:114-8184966-5541498:sale,cashmonkey,amazon,sale,2026-08-24,114-8184966-5541498,,order,6886,1032,amazon_orders_2026-08-24.xlsx,5,0,0,2
cashmonkey:114-2038577-9243338:sale,cashmonkey,amazon,sale,2026-08-24,114-2038577-9243338,,order,4249,637,amazon_orders_2026-08-24.xlsx,7,0,0,1
cashmonkey:114-3956786-6072492:sale,cashmonkey,amazon,sale,2026-08-24,114-3956786-6072492,,order,4106,616,amazon_orders_2026-08-24.xlsx,8,0,0,1
cashmonkey:112-7735701-4073996:sale,cashmonkey,amazon,sale,2026-08-24,112-7735701-4073996,,order,3251,488,amazon_orders_2026-08-24.xlsx,9,0,0,1
cashmonkey:111-2707365-6063393:sale,cashmonkey,amazon,sale,2026-08-24,111-2707365-6063393,,order,1261,189,amazon_orders_2026-08-24.xlsx,10,0,0,1
cashmonkey:113-2574332-7798396:sale,cashmonkey,amazon,sale,2026-08-24,113-2574332-7798396,,order,10029,1503,amazon_orders_2026-08-24.xlsx,11,0,0,3
cashmonkey:111-2579103-6169901:sale,cashmonkey,amazon,sale,2026-08-24,111-2579103-6169901,,order,12120,1818,amazon_orders_2026-08-24.xlsx,14,0,0,3
cashmonkey:114-2529913-3296197:sale,cashmonkey,amazon,sale,2026-08-24,114-2529913-3296197,,order,911,137,amazon_orders_2026-08-24.xlsx,17,0,0,1
cashmonkey:113-8248644-3354323:sale,cashmonkey,amazon,sale,2026-08-24,113-8248644-3354323,,order,4710,706,amazon_orders_2026-08-24.xlsx,18,0,0,2
cashmonkey:111-6878248-6867349:sale,cashmonkey,amazon,sale,2026-08-24,111-6878248-6867349,,order,1434,215,amazon_orders_2026-08-24.xlsx,20,0,0,1
cashmonkey:111-8641075-3777858:sale,cashmonkey,amazon,sale,2026-08-24,111-8641075-3777858,,order,3085,463,amazon_orders_2026-08-24.xlsx,21,0,0,1
cashmonkey:113-9413149-3418047:sale,cashmonkey,amazon,sale,2026-08-25,113-9413149-3418047,,order,837,126,amazon_orders_2026-08-25.xlsx,1,0,0,1
cashmonkey:111-3082505-9001677:sale,cashmonkey,amazon,sale,2026-08-25,111-3082505-9001677,,order,2300,345,amazon_orders_2026-08-25.xlsx,2,0,0,1
cashmonkey:112-5730257-7934628:sale,cashmonkey,amazon,sale,2026-08-25,112-5730257-7934628,,order,1576,236,amazon_orders_2026-08-25.xlsx,3,0,0,1
cashmonkey:113-7281776-7617058:sale,cashmonkey,amazon,sale,2026-08-25,113-7281776-7617058,,order,3019,453,amazon_orders_2026-08-25.xlsx,4,0,0,1
cashmonkey:114-4298021-1605492:sale,cashmonkey,amazon,sale,2026-08-25,114-4298021-1605492,,order,2916,437,amazon_orders_2026-08-25.xlsx,5,0,0,1
cashmonkey:113-1006504-5493328:sale,cashmonkey,amazon,sale,2026-08-25,113-1006504-5493328,,order,3524,529,amazon_orders_2026-08-25.xlsx,6,0,0,1
cashmonkey:111-7261400-7909695:sale,cashmonkey,amazon,sale,2026-08-25,111-7261400-7909695,,order,9333,1401,amazon_orders_2026-08-25.xlsx,7,0,0,3
cashmonkey:114-8994267-6718523:sale,cashmonkey,amazon,sale,2026-08-25,114-8994267-6718523,,order,2178,326,amazon_orders_2026-08-25.xlsx,10,0,0,2
cashmonkey:111-6825480-6737087:sale,cashmonkey,amazon,sale,2026-08-25,111-6825480-6737087,,order,2126,319,amazon_orders_2026-08-25.xlsx,12,0,0,1
cashmonkey:114-5268318-7298180:sale,cashmonkey,amazon,sale,2026-08-25,114-5268318-7298180,,order,1419,213,amazon_orders_2026-08-25.xlsx,13,0,0,1
cashmonkey:112-6506796-2144266:sale,cashmonkey,amazon,sale,2026-08-25,112-6506796-2144266,,order,6126,918,amazon_orders_2026-08-25.xlsx,14,0,0,3
cashmonkey:113-5673570-3940916:sale,cashmonkey,amazon,sale,2026-08-25,113-5673570-3940916,,order,3426,514,amazon_orders_2026-08-25.xlsx,17,0,0,1
cashmonkey:111-5270923-7814289:sale,cashmonkey,amazon,sale,2026-08-25,111-5270923-7814289,,order,1538,230,amazon_orders_2026-08-25.xlsx,18,0,0,2
cashmonkey:112-4334292-1245874:sale,cashmonkey,amazon,sale,2026-08-25,112-4334292-1245874,,order,7800,1170,amazon_orders_2026-08-25.xlsx,20,0,0,3
cashmonkey:113-4219361-6857492:sale,cashmonkey,amazon,sale,2026-08-26,113-4219361-6857492,,order,5472,820,amazon_orders_2026-08-26.xlsx,1,0,0,2
cashmonkey:112-6878671-4088658:sale,cashmonkey,amazon,sale,2026-08-26,112-6878671-4088658,,order,4826,724,amazon_orders_2026-08-26.xlsx,3,0,0,2
cashmonkey:111-2047783-2808755:sale,cashmonkey,amazon,sale,2026-08-26,111-2047783-2808755,,order,12825,1923,amazon_orders_2026-08-26.xlsx,5,0,0,3
cashmonkey:111-6118946-7564266:sale,cashmonkey,amazon,sale,2026-08-26,111-6118946-7564266,,order,2708,406,amazon_orders_2026-08-26.xlsx,8,0,0,1
cashmonkey:114-3085616-9673066:sale,cashmonkey,amazon,sale,2026-08-26,114-3085616-9673066,,order,4386,657,amazon_orders_2026-08-26.xlsx,9,0,0,3
cashmonkey:112-4657896-4179788:sale,cashmonkey,amazon,sale,2026-08-26,112-4657896-4179788,,order,4617,693,amazon_orders_2026-08-26.xlsx,12,0,0,3
cashmonkey:113-4631337-1718695:sale,cashmonkey,amazon,sale,2026-08-26,113-4631337-1718695,,order,4239,636,amazon_orders_2026-08-26.xlsx,15,0,0,3
cashmonkey:114-1722110-2057713:sale,cashmonkey,amazon,sale,2026-08-26,114-1722110-2057713,,order,7431,1116,amazon_orders_2026-08-26.xlsx,18,0,0,3
cashmonkey:111-9922151-6789847:sale,cashmonkey,amazon,sale,2026-08-26,111-9922151-6789847,,order,13161,1974,amazon_orders_2026-08-26.xlsx,21,0,0,3
cashmonkey:114-6487520-4420263:sale,cashmonkey,amazon,sale,2026-08-26,114-6487520-4420263,,order,2256,338,amazon_orders_2026-08-26.xlsx,24,0,0,2
cashmonkey:113-3568800-2865838:sale,cashmonkey,amazon,sale,2026-08-26,113-3568800-2865838,,order,4042,606,amazon_orders_2026-08-26.xlsx,26,0,0,1
cashmonkey:114-1141460-2916365:sale,cashmonkey,amazon,sale,2026-08-26,114-1141460-2916365,,order,2184,327,amazon_orders_2026-08-26.xlsx,27,0,0,3
cashmonkey:112-3747366-9539475:sale,cashmonkey,amazon,sale,2026-08-26,112-3747366-9539475,,order,4071,612,amazon_orders_2026-08-26.xlsx,30,0,0,3
cashmonkey:111-9047516-8834038:sale,cashmonkey,amazon,sale,2026-08-26,111-9047516-8834038,,order,3902,585,amazon_orders_2026-08-26.xlsx,33,0,0,1
cashmonkey:113-6166563-1614479:sale,cashmonkey,amazon,sale,2026-08-27,113-6166563-1614479,,order,840,126,amazon_orders_2026-08-27.xlsx,1,0,0,1
cashmonkey:114-9482643-3433252:sale,cashmonkey,amazon,sale,2026-08-27,114-9482643-3433252,,order,3495,524,amazon_orders_2026-08-27.xlsx,2,0,0,1
cashmonkey:111-6382105-7495429:sale,cashmonkey,amazon,sale,2026-08-27,111-6382105-7495429,,order,1132,170,amazon_orders_2026-08-27.xlsx,3,0,0,1
cashmonkey:114-6343305-9410894:sale,cashmonkey,amazon,sale,2026-08-27,114-6343305-9410894,,order,3819,573,amazon_orders_2026-08-27.xlsx,4,0,0,3
cashmonkey:114-9306963-7118802:sale,cashmonkey,amazon,sale,2026-08-27,114-9306963-7118802,,order,8700,1304,amazon_orders_2026-08-27.xlsx,7,0,0,2
cashmonkey:114-6603834-9112452:sale,cashmonkey,amazon,sale,2026-08-27,114-6603834-9112452,,order,2869,430,amazon_orders_2026-08-27.xlsx,9,0,0,1
cashmonkey:113-1451539-7781385:sale,cashmonkey,amazon,sale,2026-08-27,113-1451539-7781385,,order,4382,658,amazon_orders_2026-08-27.xlsx,10,0,0,2
cashmonkey:114-6545846-9983064:sale,cashmonkey,amazon,sale,2026-08-27,114-6545846-9983064,,order,775,116,amazon_orders_2026-08-27.xlsx,12,0,0,1
cashmonkey:114-3861559-6076799:sale,cashmonkey,amazon,sale,2026-08-27,114-3861559-6076799,,order,3599,540,amazon_orders_2026-08-27.xlsx,13,0,0,1
cashmonkey:111-4693366-6836962:sale,cashmonkey,amazon,sale,2026-08-27,111-4693366-6836962,,order,9717,1458,amazon_orders_2026-08-27.xlsx,14,0,0,3
cashmonkey:111-5891370-4240146:sale,cashmonkey,amazon,sale,2026-08-27,111-5891370-4240146,,order,1965,295,amazon_orders_2026-08-27.xlsx,17,0,0,1
cashmonkey:113-1742173-7555339:sale,cashmonkey,amazon,sale,2026-08-27,113-1742173-7555339,,order,3270,490,amazon_orders_2026-08-27.xlsx,18,0,0,1
cashmonkey:114-1594528-4031366:sale,cashmonkey,amazon,sale,2026-08-27,114-1594528-4031366,,order,3293,494,amazon_orders_2026-08-27.xlsx,19,0,0,1
cashmonkey:114-1605215-3752952:sale,cashmonkey,amazon,sale,2026-08-27,114-1605215-3752952,,order,8482,1272,amazon_orders_2026-08-27.xlsx,20,0,0,2
cashmonkey:113-1820164-1835144:sale,cashmonkey,amazon,sale,2026-08-28,113-1820164-1835144,,order,8290,1244,amazon_orders_2026-08-28.xlsx,1,0,0,2
cashmonkey:111-5792163-3148458:sale,cashmonkey,amazon,sale,2026-08-28,111-5792163-3148458,,order,756,113,amazon_orders_2026-08-28.xlsx,3,0,0,1
cashmonkey:111-9874460-7005838:sale,cashmonkey,amazon,sale,2026-08-28,111-9874460-7005838,,order,2031,305,amazon_orders_2026-08-28.xlsx,4,0,0,1
cashmonkey:111-3180132-6147985:sale,cashmonkey,amazon,sale,2026-08-28,111-3180132-6147985,,order,4212,632,amazon_orders_2026-08-28.xlsx,5,0,0,1
cashmonkey:112-4953272-1741620:sale,cashmonkey,amazon,sale,2026-08-28,112-4953272-1741620,,order,2439,366,amazon_orders_2026-08-28.xlsx,6,0,0,1
cashmonkey:111-6274674-1391878:sale,cashmonkey,amazon,sale,2026-08-28,111-6274674-1391878,,order,2430,366,amazon_orders_2026-08-28.xlsx,7,0,0,3
cashmonkey:111-5482685-5965737:sale,cashmonkey,amazon,sale,2026-08-28,111-5482685-5965737,,order,3270,490,amazon_orders_2026-08-28.xlsx,10,0,0,1
cashmonkey:111-4692897-3132023:sale,cashmonkey,amazon,sale,2026-08-28,111-4692897-3132023,,order,9882,1482,amazon_orders_2026-08-28.xlsx,11,0,0,3
cashmonkey:113-4475123-9399719:sale,cashmonkey,amazon,sale,2026-08-28,113-4475123-9399719,,order,3424,514,amazon_orders_2026-08-28.xlsx,14,0,0,1
cashmonkey:111-9508054-5704642:sale,cashmonkey,amazon,sale,2026-08-28,111-9508054-5704642,,order,7394,1110,amazon_orders_2026-08-28.xlsx,15,0,0,2
cashmonkey:114-9565057-3307741:sale,cashmonkey,amazon,sale,2026-08-28,114-9565057-3307741,,order,2708,406,amazon_orders_2026-08-28.xlsx,17,0,0,1
cashmonkey:111-7820676-6321275:sale,cashmonkey,amazon,sale,2026-08-28,111-7820676-6321275,,order,1614,242,amazon_orders_2026-08-28.xlsx,18,0,0,2
cashmonkey:114-5116784-2303316:sale,cashmonkey,amazon,sale,2026-08-28,114-5116784-2303316,,order,6994,1050,amazon_orders_2026-08-28.xlsx,20,0,0,2
cashmonkey:113-1610571-5581188:sale,cashmonkey,amazon,sale,2026-08-28,113-1610571-5581188,,order,754,113,amazon_orders_2026-08-28.xlsx,22,0,0,1
cashmonkey:111-8922203-4472242:sale,cashmonkey,amazon,sale,2026-08-29,111-8922203-4472242,,order,4072,610,amazon_orders_2026-08-29.xlsx,1,0,0,2
cashmonkey:112-2338369-7191628:sale,cashmonkey,amazon,sale,2026-08-29,112-2338369-7191628,,order,2644,397,amazon_orders_2026-08-29.xlsx,3,0,0,1
cashmonkey:112-2252118-4748419:sale,cashmonkey,amazon,sale,2026-08-29,112-2252118-4748419,,order,6780,1017,amazon_orders_2026-08-29.xlsx,4,0,0,3
cashmonkey:112-3613112-8101868:sale,cashmonkey,amazon,sale,2026-08-29,112-3613112-8101868,,order,2775,416,amazon_orders_2026-08-29.xlsx,7,0,0,1
cashmonkey:113-6041142-6153672:sale,cashmonkey,amazon,sale,2026-08-29,113-6041142-6153672,,order,7584,1137,amazon_orders_2026-08-29.xlsx,8,0,0,3
cashmonkey:112-9161887-7236309:sale,cashmonkey,amazon,sale,2026-08-29,112-9161887-7236309,,order,4103,615,amazon_orders_2026-08-29.xlsx,11,0,0,1
cashmonkey:113-5666266-1889345:sale,cashmonkey,amazon,sale,2026-08-29,113-5666266-1889345,,order,4499,675,amazon_orders_2026-08-29.xlsx,12,0,0,1
cashmonkey:114-1929916-6685804:sale,cashmonkey,amazon,sale,2026-08-29,114-1929916-6685804,,order,970,146,amazon_orders_2026-08-29.xlsx,13,0,0,1
cashmonkey:114-4616200-3686757:sale,cashmonkey,amazon,sale,2026-08-29,114-4616200-3686757,,order,1784,268,amazon_orders_2026-08-29.xlsx,14,0,0,1
cashmonkey:113-9000429-5999334:sale,cashmonkey,amazon,sale,2026-08-29,113-9000429-5999334,,order,4253,638,amazon_orders_2026-08-29.xlsx,15,0,0,1
cashmonkey:113-4428753-5524924:sale,cashmonkey,amazon,sale,2026-08-29,113-4428753-5524924,,order,3448,517,amazon_orders_2026-08-29.xlsx,16,0,0,1
cashmonkey:111-2072074-8639297:sale,cashmonkey,amazon,sale,2026-08-29,111-2072074-8639297,,order,957,144,amazon_orders_2026-08-29.xlsx,17,0,0,1
cashmonkey:113-8000805-6339128:sale,cashmonkey,amazon,sale,2026-08-29,113-8000805-6339128,,order,851,128,amazon_orders_2026-08-29.xlsx,18,0,0,1
cashmonkey:113-4390827-5242659:sale,cashmonkey,amazon,sale,2026-08-29,113-4390827-5242659,,order,2427,364,amazon_orders_2026-08-29.xlsx,19,0,0,1
cashmonkey:111-6643006-7297486:sale,cashmonkey,amazon,sale,2026-08-30,111-6643006-7297486,,order,2333,350,amazon_orders_2026-08-30.xlsx,1,0,0,1
cashmonkey:111-5742006-4489753:sale,cashmonkey,amazon,sale,2026-08-30,111-5742006-4489753,,order,5258,788,amazon_orders_2026-08-30.xlsx,2,0,0,2
cashmonkey:113-9883532-1882190:sale,cashmonkey,amazon,sale,2026-08-30,113-9883532-1882190,,order,962,144,amazon_orders_2026-08-30.xlsx,4,0,0,1
cashmonkey:113-7476742-1778425:sale,cashmonkey,amazon,sale,2026-08-30,113-7476742-1778425,,order,2416,362,amazon_orders_2026-08-30.xlsx,5,0,0,1
cashmonkey:112-7530414-1120592:sale,cashmonkey,amazon,sale,2026-08-30,112-7530414-1120592,,order,6042,906,amazon_orders_2026-08-30.xlsx,6,0,0,2
cashmonkey:111-8331205-8409545:sale,cashmonkey,amazon,sale,2026-08-30,111-8331205-8409545,,order,7616,1142,amazon_orders_2026-08-30.xlsx,8,0,0,2
cashmonkey:112-8580113-7705372:sale,cashmonkey,amazon,sale,2026-08-30,112-8580113-7705372,,order,3412,512,amazon_orders_2026-08-30.xlsx,10,0,0,2
cashmonkey:112-5396501-7228613:sale,cashmonkey,amazon,sale,2026-08-30,112-5396501-7228613,,order,8126,1218,amazon_orders_2026-08-30.xlsx,12,0,0,2
cashmonkey:113-8116513-1845486:sale,cashmonkey,amazon,sale,2026-08-30,113-8116513-1845486,,order,4151,623,amazon_orders_2026-08-30.xlsx,14,0,0,1
cashmonkey:112-6927053-7323501:sale,cashmonkey,amazon,sale,2026-08-30,112-6927053-7323501,,order,3214,482,amazon_orders_2026-08-30.xlsx,15,0,0,1
cashmonkey:112-8015818-8576257:sale,cashmonkey,amazon,sale,2026-08-30,112-8015818-8576257,,order,8932,1340,amazon_orders_2026-08-30.xlsx,16,0,0,2
cashmonkey:114-2733371-5848290:sale,cashmonkey,amazon,sale,2026-08-30,114-2733371-5848290,,order,5958,894,amazon_orders_2026-08-30.xlsx,18,0,0,3
cashmonkey:113-6964661-9990248:sale,cashmonkey,amazon,sale,2026-08-30,113-6964661-9990248,,order,4800,720,amazon_orders_2026-08-30.xlsx,21,0,0,2
cashmonkey:113-3524288-6175828:sale,cashmonkey,amazon,sale,2026-08-30,113-3524288-6175828,,order,3457,519,amazon_orders_2026-08-30.xlsx,23,0,0,1
cashmonkey:112-5352868-2287834:sale,cashmonkey,amazon,sale,2026-08-31,112-5352868-2287834,,order,7908,1186,amazon_orders_2026-08-31.xlsx,1,0,0,2
cashmonkey:113-7380382-6543384:sale,cashmonkey,amazon,sale,2026-08-31,113-7380382-6543384,,order,2092,314,amazon_orders_2026-08-31.xlsx,3,0,0,1
cashmonkey:112-1059045-3756906:sale,cashmonkey,amazon,sale,2026-08-31,112-1059045-3756906,,order,10551,1584,amazon_orders_2026-08-31.xlsx,4,0,0,3
cashmonkey:114-7312510-1265675:sale,cashmonkey,amazon,sale,2026-08-31,114-7312510-1265675,,order,5260,788,amazon_orders_2026-08-31.xlsx,7,0,0,2
cashmonkey:111-9734135-3491779:sale,cashmonkey,amazon,sale,2026-08-31,111-9734135-3491779,,order,5505,825,amazon_orders_2026-08-31.xlsx,9,0,0,3
cashmonkey:114-3208805-4855904:sale,cashmonkey,amazon,sale,2026-08-31,114-3208805-4855904,,order,2509,376,amazon_orders_2026-08-31.xlsx,12,0,0,1
cashmonkey:114-7913523-3089801:sale,cashmonkey,amazon,sale,2026-08-31,114-7913523-3089801,,order,10011,1503,amazon_orders_2026-08-31.xlsx,13,0,0,3
cashmonkey:112-6579574-2675460:sale,cashmonkey,amazon,sale,2026-08-31,112-6579574-2675460,,order,2558,384,amazon_orders_2026-08-31.xlsx,16,0,0,2
cashmonkey:113-8570314-9616436:sale,cashmonkey,amazon,sale,2026-08-31,113-8570314-9616436,,order,2140,321,amazon_orders_2026-08-31.xlsx,18,0,0,1
cashmonkey:114-4615165-9756355:sale,cashmonkey,amazon,sale,2026-08-31,114-4615165-9756355,,order,933,140,amazon_orders_2026-08-31.xlsx,19,0,0,1
cashmonkey:113-9786523-5647797:sale,cashmonkey,amazon,sale,2026-08-31,113-9786523-5647797,,order,2175,326,amazon_orders_2026-08-31.xlsx,20,0,0,1
cashmonkey:113-1653458-3251434:sale,cashmonkey,amazon,sale,2026-08-31,113-1653458-3251434,,order,982,147,amazon_orders_2026-08-31.xlsx,21,0,0,1
cashmonkey:112-3859250-4117920:sale,cashmonkey,amazon,sale,2026-08-31,112-3859250-4117920,,order,2530,380,amazon_orders_2026-08-31.xlsx,22,0,0,1
cashmonkey:111-5960199-9238021:sale,cashmonkey,amazon,sale,2026-08-31,111-5960199-9238021,,order,3561,534,amazon_orders_2026-08-31.xlsx,23,0,0,3
cashmonkey:26-25932-57702:sale,cashmonkey,ebay,sale,2026-08-01,26-25932-57702,,order,2872,440,ebay_orders_2026-08-01.xlsx,1,0,0,2
cashmonkey:28-90597-37033:sale,cashmonkey,ebay,sale,2026-08-01,28-90597-37033,,order,9267,1317,ebay_orders_2026-08-01.xlsx,3,0,0,3
cashmonkey:21-52417-94207:sale,cashmonkey,ebay,sale,2026-08-01,21-52417-94207,,order,895,149,ebay_orders_2026-08-01.xlsx,6,0,0,1
cashmonkey:13-50648-46547:sale,cashmonkey,ebay,sale,2026-08-01,13-50648-46547,,order,2908,446,ebay_orders_2026-08-01.xlsx,7,0,0,2
cashmonkey:29-14905-38241:sale,cashmonkey,ebay,sale,2026-08-01,29-14905-38241,,order,6922,978,ebay_orders_2026-08-01.xlsx,9,0,0,2
cashmonkey:24-54039-52316:sale,cashmonkey,ebay,sale,2026-08-01,24-54039-52316,,order,3289,466,ebay_orders_2026-08-01.xlsx,11,0,0,1
cashmonkey:26-99008-99508:sale,cashmonkey,ebay,sale,2026-08-01,26-99008-99508,,order,2830,405,ebay_orders_2026-08-01.xlsx,12,0,0,1
cashmonkey:29-48071-63325:sale,cashmonkey,ebay,sale,2026-08-01,29-48071-63325,,order,3543,499,ebay_orders_2026-08-01.xlsx,13,0,0,1
cashmonkey:24-53576-11228:sale,cashmonkey,ebay,sale,2026-08-01,24-53576-11228,,order,7461,1080,ebay_orders_2026-08-01.xlsx,14,0,0,3
cashmonkey:11-76367-65578:sale,cashmonkey,ebay,sale,2026-08-01,11-76367-65578,,order,2976,483,ebay_orders_2026-08-01.xlsx,17,0,0,3
cashmonkey:23-90649-23365:sale,cashmonkey,ebay,sale,2026-08-01,23-90649-23365,,order,5085,765,ebay_orders_2026-08-01.xlsx,20,0,0,3
cashmonkey:28-66126-13763:sale,cashmonkey,ebay,sale,2026-08-01,28-66126-13763,,order,3454,488,ebay_orders_2026-08-01.xlsx,23,0,0,1
cashmonkey:22-32500-46757:sale,cashmonkey,ebay,sale,2026-08-01,22-32500-46757,,order,12465,1743,ebay_orders_2026-08-01.xlsx,24,0,0,3
cashmonkey:24-63949-48468:sale,cashmonkey,ebay,sale,2026-08-01,24-63949-48468,,order,2289,333,ebay_orders_2026-08-01.xlsx,27,0,0,1
cashmonkey:11-18163-40685:sale,cashmonkey,ebay,sale,2026-08-01,11-18163-40685,,order,3229,458,ebay_orders_2026-08-01.xlsx,28,0,0,1
cashmonkey:20-27742-34332:sale,cashmonkey,ebay,sale,2026-08-01,20-27742-34332,,order,2831,405,ebay_orders_2026-08-01.xlsx,29,0,0,1
cashmonkey:20-82974-52183:sale,cashmonkey,ebay,sale,2026-08-02,20-82974-52183,,order,7514,1056,ebay_orders_2026-08-02.xlsx,1,0,0,2
cashmonkey:12-42306-82757:sale,cashmonkey,ebay,sale,2026-08-02,12-42306-82757,,order,1920,284,ebay_orders_2026-08-02.xlsx,3,0,0,1
cashmonkey:26-90309-21090:sale,cashmonkey,ebay,sale,2026-08-02,26-90309-21090,,order,3219,457,ebay_orders_2026-08-02.xlsx,4,0,0,1
cashmonkey:18-65260-22608:sale,cashmonkey,ebay,sale,2026-08-02,18-65260-22608,,order,2883,412,ebay_orders_2026-08-02.xlsx,5,0,0,1
cashmonkey:17-34438-62677:sale,cashmonkey,ebay,sale,2026-08-02,17-34438-62677,,order,5490,757,ebay_orders_2026-08-02.xlsx,6,0,0,1
cashmonkey:19-26169-65136:sale,cashmonkey,ebay,sale,2026-08-02,19-26169-65136,,order,2613,376,ebay_orders_2026-08-02.xlsx,7,0,0,1
cashmonkey:14-58914-53358:sale,cashmonkey,ebay,sale,2026-08-02,14-58914-53358,,order,3188,452,ebay_orders_2026-08-02.xlsx,8,0,0,1
cashmonkey:23-75138-83200:sale,cashmonkey,ebay,sale,2026-08-02,23-75138-83200,,order,5016,695,ebay_orders_2026-08-02.xlsx,9,0,0,1
cashmonkey:13-31868-37261:sale,cashmonkey,ebay,sale,2026-08-02,13-31868-37261,,order,1219,192,ebay_orders_2026-08-02.xlsx,10,0,0,1
cashmonkey:15-22130-18612:sale,cashmonkey,ebay,sale,2026-08-02,15-22130-18612,,order,3281,465,ebay_orders_2026-08-02.xlsx,11,0,0,1
cashmonkey:18-16554-33875:sale,cashmonkey,ebay,sale,2026-08-02,18-16554-33875,,order,4275,596,ebay_orders_2026-08-02.xlsx,12,0,0,1
cashmonkey:28-43752-45142:sale,cashmonkey,ebay,sale,2026-08-02,28-43752-45142,,order,5685,783,ebay_orders_2026-08-02.xlsx,13,0,0,1
cashmonkey:17-50305-81005:sale,cashmonkey,ebay,sale,2026-08-02,17-50305-81005,,order,2814,462,ebay_orders_2026-08-02.xlsx,14,0,0,3
cashmonkey:23-58615-33184:sale,cashmonkey,ebay,sale,2026-08-02,23-58615-33184,,order,3314,500,ebay_orders_2026-08-02.xlsx,17,0,0,2
cashmonkey:18-65402-35452:sale,cashmonkey,ebay,sale,2026-08-02,18-65402-35452,,order,7862,1102,ebay_orders_2026-08-02.xlsx,19,0,0,2
cashmonkey:29-34975-38543:sale,cashmonkey,ebay,sale,2026-08-02,29-34975-38543,,order,16542,2283,ebay_orders_2026-08-02.xlsx,21,0,0,3
cashmonkey:21-96106-96623:sale,cashmonkey,ebay,sale,2026-08-03,21-96106-96623,,order,5716,818,ebay_orders_2026-08-03.xlsx,1,0,0,2
cashmonkey:14-12211-18674:sale,cashmonkey,ebay,sale,2026-08-03,14-12211-18674,,order,2336,370,ebay_orders_2026-08-03.xlsx,3,0,0,2
cashmonkey:18-42920-79191:sale,cashmonkey,ebay,sale,2026-08-03,18-42920-79191,,order,3922,550,ebay_orders_2026-08-03.xlsx,5,0,0,1
cashmonkey:29-64170-33936:sale,cashmonkey,ebay,sale,2026-08-03,29-64170-33936,,order,9242,1284,ebay_orders_2026-08-03.xlsx,6,0,0,2
cashmonkey:25-30723-25768:sale,cashmonkey,ebay,sale,2026-08-03,25-30723-25768,,order,4804,696,ebay_orders_2026-08-03.xlsx,8,0,0,2
cashmonkey:18-55049-65931:sale,cashmonkey,ebay,sale,2026-08-03,18-55049-65931,,order,2682,416,ebay_orders_2026-08-03.xlsx,10,0,0,2
cashmonkey:23-18374-47108:sale,cashmonkey,ebay,sale,2026-08-03,23-18374-47108,,order,10644,1470,ebay_orders_2026-08-03.xlsx,12,0,0,2
cashmonkey:14-36501-57530:sale,cashmonkey,ebay,sale,2026-08-03,14-36501-57530,,order,15117,2094,ebay_orders_2026-08-03.xlsx,14,0,0,3
cashmonkey:20-30339-13838:sale,cashmonkey,ebay,sale,2026-08-03,20-30339-13838,,order,4231,591,ebay_orders_2026-08-03.xlsx,17,0,0,1
cashmonkey:18-62006-30418:sale,cashmonkey,ebay,sale,2026-08-03,18-62006-30418,,order,5025,696,ebay_orders_2026-08-03.xlsx,18,0,0,1
cashmonkey:29-98195-11421:sale,cashmonkey,ebay,sale,2026-08-03,29-98195-11421,,order,7911,1137,ebay_orders_2026-08-03.xlsx,19,0,0,3
cashmonkey:20-57613-68213:sale,cashmonkey,ebay,sale,2026-08-03,20-57613-68213,,order,5619,775,ebay_orders_2026-08-03.xlsx,22,0,0,1
cashmonkey:14-40757-43908:sale,cashmonkey,ebay,sale,2026-08-03,14-40757-43908,,order,3114,504,ebay_orders_2026-08-03.xlsx,23,0,0,3
cashmonkey:21-64610-12591:sale,cashmonkey,ebay,sale,2026-08-03,21-64610-12591,,order,3844,539,ebay_orders_2026-08-03.xlsx,26,0,0,1
cashmonkey:24-19910-48560:sale,cashmonkey,ebay,sale,2026-08-03,24-19910-48560,,order,11400,1602,ebay_orders_2026-08-03.xlsx,27,0,0,3
cashmonkey:19-83666-88862:sale,cashmonkey,ebay,sale,2026-08-03,19-83666-88862,,order,10550,1458,ebay_orders_2026-08-03.xlsx,30,0,0,2
cashmonkey:26-68199-95912:sale,cashmonkey,ebay,sale,2026-08-04,26-68199-95912,,order,13200,1839,ebay_orders_2026-08-04.xlsx,1,0,0,3
cashmonkey:14-83683-59075:sale,cashmonkey,ebay,sale,2026-08-04,14-83683-59075,,order,1256,196,ebay_orders_2026-08-04.xlsx,4,0,0,1
cashmonkey:28-54618-94015:sale,cashmonkey,ebay,sale,2026-08-04,28-54618-94015,,order,14634,2028,ebay_orders_2026-08-04.xlsx,5,0,0,3
cashmonkey:13-25639-41331:sale,cashmonkey,ebay,sale,2026-08-04,13-25639-41331,,order,5464,754,ebay_orders_2026-08-04.xlsx,8,0,0,1
cashmonkey:24-82312-53802:sale,cashmonkey,ebay,sale,2026-08-04,24-82312-53802,,order,3391,479,ebay_orders_2026-08-04.xlsx,9,0,0,1
cashmonkey:15-40975-97334:sale,cashmonkey,ebay,sale,2026-08-04,15-40975-97334,,order,4656,708,ebay_orders_2026-08-04.xlsx,10,0,0,3
cashmonkey:20-14508-13229:sale,cashmonkey,ebay,sale,2026-08-04,20-14508-13229,,order,2058,303,ebay_orders_2026-08-04.xlsx,13,0,0,1
cashmonkey:15-49439-31911:sale,cashmonkey,ebay,sale,2026-08-04,15-49439-31911,,order,4459,621,ebay_orders_2026-08-04.xlsx,14,0,0,1
cashmonkey:15-13319-56421:sale,cashmonkey,ebay,sale,2026-08-04,15-13319-56421,,order,4104,633,ebay_orders_2026-08-04.xlsx,15,0,0,3
cashmonkey:27-86077-21843:sale,cashmonkey,ebay,sale,2026-08-04,27-86077-21843,,order,8490,1184,ebay_orders_2026-08-04.xlsx,18,0,0,2
cashmonkey:28-75320-37626:sale,cashmonkey,ebay,sale,2026-08-04,28-75320-37626,,order,5343,738,ebay_orders_2026-08-04.xlsx,20,0,0,1
cashmonkey:11-90576-19805:sale,cashmonkey,ebay,sale,2026-08-04,11-90576-19805,,order,8810,1228,ebay_orders_2026-08-04.xlsx,21,0,0,2
cashmonkey:16-41047-63763:sale,cashmonkey,ebay,sale,2026-08-04,16-41047-63763,,order,5070,702,ebay_orders_2026-08-04.xlsx,23,0,0,1
cashmonkey:10-37233-99710:sale,cashmonkey,ebay,sale,2026-08-04,10-37233-99710,,order,4034,565,ebay_orders_2026-08-04.xlsx,24,0,0,1
cashmonkey:17-89974-23855:sale,cashmonkey,ebay,sale,2026-08-04,17-89974-23855,,order,5213,721,ebay_orders_2026-08-04.xlsx,25,0,0,1
cashmonkey:18-45149-18585:sale,cashmonkey,ebay,sale,2026-08-04,18-45149-18585,,order,4962,747,ebay_orders_2026-08-04.xlsx,26,0,0,3
cashmonkey:25-46280-62772:sale,cashmonkey,ebay,sale,2026-08-05,25-46280-62772,,order,3348,534,ebay_orders_2026-08-05.xlsx,1,0,0,3
cashmonkey:25-49855-42252:sale,cashmonkey,ebay,sale,2026-08-05,25-49855-42252,,order,4586,638,ebay_orders_2026-08-05.xlsx,4,0,0,1
cashmonkey:10-80201-66939:sale,cashmonkey,ebay,sale,2026-08-05,10-80201-66939,,order,13188,1836,ebay_orders_2026-08-05.xlsx,5,0,0,3
cashmonkey:26-96792-52102:sale,cashmonkey,ebay,sale,2026-08-05,26-96792-52102,,order,7548,1060,ebay_orders_2026-08-05.xlsx,8,0,0,2
cashmonkey:13-99640-64165:sale,cashmonkey,ebay,sale,2026-08-05,13-99640-64165,,order,4722,686,ebay_orders_2026-08-05.xlsx,10,0,0,2
cashmonkey:14-81440-82621:sale,cashmonkey,ebay,sale,2026-08-05,14-81440-82621,,order,2303,335,ebay_orders_2026-08-05.xlsx,12,0,0,1
cashmonkey:12-59981-57884:sale,cashmonkey,ebay,sale,2026-08-05,12-59981-57884,,order,1273,199,ebay_orders_2026-08-05.xlsx,13,0,0,1
cashmonkey:19-14235-96134:sale,cashmonkey,ebay,sale,2026-08-05,19-14235-96134,,order,2375,345,ebay_orders_2026-08-05.xlsx,14,0,0,1
cashmonkey:27-15320-46611:sale,cashmonkey,ebay,sale,2026-08-05,27-15320-46611,,order,4143,639,ebay_orders_2026-08-05.xlsx,15,0,0,3
cashmonkey:19-22392-76997:sale,cashmonkey,ebay,sale,2026-08-05,19-22392-76997,,order,6054,891,ebay_orders_2026-08-05.xlsx,18,0,0,3
cashmonkey:29-65269-72308:sale,cashmonkey,ebay,sale,2026-08-05,29-65269-72308,,order,3961,555,ebay_orders_2026-08-05.xlsx,21,0,0,1
cashmonkey:23-65396-90662:sale,cashmonkey,ebay,sale,2026-08-05,23-65396-90662,,order,7450,1048,ebay_orders_2026-08-05.xlsx,22,0,0,2
cashmonkey:23-30360-84880:sale,cashmonkey,ebay,sale,2026-08-05,23-30360-84880,,order,953,156,ebay_orders_2026-08-05.xlsx,24,0,0,1
cashmonkey:16-78748-86760:sale,cashmonkey,ebay,sale,2026-08-05,16-78748-86760,,order,2356,372,ebay_orders_2026-08-05.xlsx,25,0,0,2
cashmonkey:25-27811-26443:sale,cashmonkey,ebay,sale,2026-08-05,25-27811-26443,,order,2906,446,ebay_orders_2026-08-05.xlsx,27,0,0,2
cashmonkey:18-43559-88188:sale,cashmonkey,ebay,sale,2026-08-05,18-43559-88188,,order,2086,306,ebay_orders_2026-08-05.xlsx,29,0,0,1
cashmonkey:29-33434-83481:sale,cashmonkey,ebay,sale,2026-08-06,29-33434-83481,,order,2182,319,ebay_orders_2026-08-06.xlsx,1,0,0,1
cashmonkey:17-51317-47065:sale,cashmonkey,ebay,sale,2026-08-06,17-51317-47065,,order,7304,1028,ebay_orders_2026-08-06.xlsx,2,0,0,2
cashmonkey:29-18070-23211:sale,cashmonkey,ebay,sale,2026-08-06,29-18070-23211,,order,4040,596,ebay_orders_2026-08-06.xlsx,4,0,0,2
cashmonkey:18-83846-39985:sale,cashmonkey,ebay,sale,2026-08-06,18-83846-39985,,order,14742,2043,ebay_orders_2026-08-06.xlsx,6,0,0,3
cashmonkey:29-78986-60322:sale,cashmonkey,ebay,sale,2026-08-06,29-78986-60322,,order,5934,816,ebay_orders_2026-08-06.xlsx,9,0,0,1
cashmonkey:25-28057-99855:sale,cashmonkey,ebay,sale,2026-08-06,25-28057-99855,,order,906,150,ebay_orders_2026-08-06.xlsx,10,0,0,1
cashmonkey:19-67438-24510:sale,cashmonkey,ebay,sale,2026-08-06,19-67438-24510,,order,1560,237,ebay_orders_2026-08-06.xlsx,11,0,0,1
cashmonkey:24-16453-52094:sale,cashmonkey,ebay,sale,2026-08-06,24-16453-52094,,order,1614,244,ebay_orders_2026-08-06.xlsx,12,0,0,1
cashmonkey:13-90790-92658:sale,cashmonkey,ebay,sale,2026-08-06,13-90790-92658,,order,2991,426,ebay_orders_2026-08-06.xlsx,13,0,0,1
cashmonkey:27-81844-41092:sale,cashmonkey,ebay,sale,2026-08-06,27-81844-41092,,order,4873,676,ebay_orders_2026-08-06.xlsx,14,0,0,1
cashmonkey:15-19418-92791:sale,cashmonkey,ebay,sale,2026-08-06,15-19418-92791,,order,1482,226,ebay_orders_2026-08-06.xlsx,15,0,0,1
cashmonkey:22-82442-89871:sale,cashmonkey,ebay,sale,2026-08-06,22-82442-89871,,order,9010,1254,ebay_orders_2026-08-06.xlsx,16,0,0,2
cashmonkey:20-40001-98651:sale,cashmonkey,ebay,sale,2026-08-06,20-40001-98651,,order,10382,1436,ebay_orders_2026-08-06.xlsx,18,0,0,2
cashmonkey:19-41091-96919:sale,cashmonkey,ebay,sale,2026-08-06,19-41091-96919,,order,1138,181,ebay_orders_2026-08-06.xlsx,20,0,0,1
cashmonkey:26-79329-55114:sale,cashmonkey,ebay,sale,2026-08-06,26-79329-55114,,order,1513,230,ebay_orders_2026-08-06.xlsx,21,0,0,1
cashmonkey:25-15153-85643:sale,cashmonkey,ebay,sale,2026-08-06,25-15153-85643,,order,7324,1030,ebay_orders_2026-08-06.xlsx,22,0,0,2
cashmonkey:15-66531-69873:sale,cashmonkey,ebay,sale,2026-08-07,15-66531-69873,,order,14850,2058,ebay_orders_2026-08-07.xlsx,1,0,0,3
cashmonkey:15-21461-32768:sale,cashmonkey,ebay,sale,2026-08-07,15-21461-32768,,order,2085,306,ebay_orders_2026-08-07.xlsx,4,0,0,1
cashmonkey:18-38645-23507:sale,cashmonkey,ebay,sale,2026-08-07,18-38645-23507,,order,4520,629,ebay_orders_2026-08-07.xlsx,5,0,0,1
cashmonkey:19-97494-31711:sale,cashmonkey,ebay,sale,2026-08-07,19-97494-31711,,order,1693,254,ebay_orders_2026-08-07.xlsx,6,0,0,1
cashmonkey:14-46706-65252:sale,cashmonkey,ebay,sale,2026-08-07,14-46706-65252,,order,5045,698,ebay_orders_2026-08-07.xlsx,7,0,0,1
cashmonkey:14-71432-83666:sale,cashmonkey,ebay,sale,2026-08-07,14-71432-83666,,order,2307,336,ebay_orders_2026-08-07.xlsx,8,0,0,1
cashmonkey:17-55381-85145:sale,cashmonkey,ebay,sale,2026-08-07,17-55381-85145,,order,3719,523,ebay_orders_2026-08-07.xlsx,9,0,0,1
cashmonkey:18-87733-10056:sale,cashmonkey,ebay,sale,2026-08-07,18-87733-10056,,order,1088,174,ebay_orders_2026-08-07.xlsx,10,0,0,1
cashmonkey:15-99015-81741:sale,cashmonkey,ebay,sale,2026-08-07,15-99015-81741,,order,12291,1719,ebay_orders_2026-08-07.xlsx,11,0,0,3
cashmonkey:18-61789-71874:sale,cashmonkey,ebay,sale,2026-08-07,18-61789-71874,,order,5237,724,ebay_orders_2026-08-07.xlsx,14,0,0,1
cashmonkey:27-90407-28657:sale,cashmonkey,ebay,sale,2026-08-07,27-90407-28657,,order,8158,1140,ebay_orders_2026-08-07.xlsx,15,0,0,2
cashmonkey:13-16034-38881:sale,cashmonkey,ebay,sale,2026-08-07,13-16034-38881,,order,4118,606,ebay_orders_2026-08-07.xlsx,17,0,0,2
cashmonkey:12-99299-38670:sale,cashmonkey,ebay,sale,2026-08-07,12-99299-38670,,order,4928,683,ebay_orders_2026-08-07.xlsx,19,0,0,1
cashmonkey:26-53104-82228:sale,cashmonkey,ebay,sale,2026-08-07,26-53104-82228,,order,857,144,ebay_orders_2026-08-07.xlsx,20,0,0,1
cashmonkey:13-50136-30785:sale,cashmonkey,ebay,sale,2026-08-07,13-50136-30785,,order,6364,904,ebay_orders_2026-08-07.xlsx,21,0,0,2
cashmonkey:12-99925-65929:sale,cashmonkey,ebay,sale,2026-08-07,12-99925-65929,,order,5011,694,ebay_orders_2026-08-07.xlsx,23,0,0,1
cashmonkey:20-57090-19304:sale,cashmonkey,ebay,sale,2026-08-08,20-57090-19304,,order,2944,420,ebay_orders_2026-08-08.xlsx,1,0,0,1
cashmonkey:27-89641-52148:sale,cashmonkey,ebay,sale,2026-08-08,27-89641-52148,,order,2822,404,ebay_orders_2026-08-08.xlsx,2,0,0,1
cashmonkey:29-85194-58947:sale,cashmonkey,ebay,sale,2026-08-08,29-85194-58947,,order,2526,365,ebay_orders_2026-08-08.xlsx,3,0,0,1
cashmonkey:24-26087-97008:sale,cashmonkey,ebay,sale,2026-08-08,24-26087-97008,,order,1988,293,ebay_orders_2026-08-08.xlsx,4,0,0,1
cashmonkey:11-52314-71390:sale,cashmonkey,ebay,sale,2026-08-08,11-52314-71390,,order,9303,1323,ebay_orders_2026-08-08.xlsx,5,0,0,3
cashmonkey:16-98934-18422:sale,cashmonkey,ebay,sale,2026-08-08,16-98934-18422,,order,4053,567,ebay_orders_2026-08-08.xlsx,8,0,0,1
cashmonkey:16-50643-23343:sale,cashmonkey,ebay,sale,2026-08-08,16-50643-23343,,order,7989,1149,ebay_orders_2026-08-08.xlsx,9,0,0,3
cashmonkey:21-71498-70180:sale,cashmonkey,ebay,sale,2026-08-08,21-71498-70180,,order,1410,217,ebay_orders_2026-08-08.xlsx,12,0,0,1
cashmonkey:27-24883-72081:sale,cashmonkey,ebay,sale,2026-08-08,27-24883-72081,,order,15510,2145,ebay_orders_2026-08-08.xlsx,13,0,0,3
cashmonkey:24-19044-38849:sale,cashmonkey,ebay,sale,2026-08-08,24-19044-38849,,order,3938,552,ebay_orders_2026-08-08.xlsx,16,0,0,1
cashmonkey:21-31389-62931:sale,cashmonkey,ebay,sale,2026-08-08,21-31389-62931,,order,1425,219,ebay_orders_2026-08-08.xlsx,17,0,0,1
cashmonkey:18-26544-83078:sale,cashmonkey,ebay,sale,2026-08-08,18-26544-83078,,order,3226,488,ebay_orders_2026-08-08.xlsx,18,0,0,2
cashmonkey:20-97464-45256:sale,cashmonkey,ebay,sale,2026-08-08,20-97464-45256,,order,1612,244,ebay_orders_2026-08-08.xlsx,20,0,0,1
cashmonkey:13-87716-83085:sale,cashmonkey,ebay,sale,2026-08-08,13-87716-83085,,order,10366,1434,ebay_orders_2026-08-08.xlsx,21,0,0,2
cashmonkey:24-83551-38229:sale,cashmonkey,ebay,sale,2026-08-08,24-83551-38229,,order,7929,1140,ebay_orders_2026-08-08.xlsx,23,0,0,3
cashmonkey:22-45104-99874:sale,cashmonkey,ebay,sale,2026-08-08,22-45104-99874,,order,3894,546,ebay_orders_2026-08-08.xlsx,26,0,0,1
cashmonkey:27-87747-93426:sale,cashmonkey,ebay,sale,2026-08-09,27-87747-93426,,order,9092,1264,ebay_orders_2026-08-09.xlsx,1,0,0,2
cashmonkey:12-69295-78018:sale,cashmonkey,ebay,sale,2026-08-09,12-69295-78018,,order,4645,645,ebay_orders_2026-08-09.xlsx,3,0,0,1
cashmonkey:29-93935-57167:sale,cashmonkey,ebay,sale,2026-08-09,29-93935-57167,,order,2662,383,ebay_orders_2026-08-09.xlsx,4,0,0,1
cashmonkey:26-59273-92157:sale,cashmonkey,ebay,sale,2026-08-09,26-59273-92157,,order,2985,486,ebay_orders_2026-08-09.xlsx,5,0,0,3
cashmonkey:22-62029-71014:sale,cashmonkey,ebay,sale,2026-08-09,22-62029-71014,,order,2284,333,ebay_orders_2026-08-09.xlsx,8,0,0,1
cashmonkey:22-62323-20874:sale,cashmonkey,ebay,sale,2026-08-09,22-62323-20874,,order,1019,165,ebay_orders_2026-08-09.xlsx,9,0,0,1
cashmonkey:25-82233-34721:sale,cashmonkey,ebay,sale,2026-08-09,25-82233-34721,,order,7713,1113,ebay_orders_2026-08-09.xlsx,10,0,0,3
cashmonkey:29-52332-35484:sale,cashmonkey,ebay,sale,2026-08-09,29-52332-35484,,order,2469,357,ebay_orders_2026-08-09.xlsx,13,0,0,1
cashmonkey:10-41866-41608:sale,cashmonkey,ebay,sale,2026-08-09,10-41866-41608,,order,13587,1890,ebay_orders_2026-08-09.xlsx,14,0,0,3
cashmonkey:20-69072-33357:sale,cashmonkey,ebay,sale,2026-08-09,20-69072-33357,,order,10460,1446,ebay_orders_2026-08-09.xlsx,17,0,0,2
cashmonkey:11-96607-48942:sale,cashmonkey,ebay,sale,2026-08-09,11-96607-48942,,order,6136,874,ebay_orders_2026-08-09.xlsx,19,0,0,2
cashmonkey:20-59001-48221:sale,cashmonkey,ebay,sale,2026-08-09,20-59001-48221,,order,3282,494,ebay_orders_2026-08-09.xlsx,21,0,0,2
cashmonkey:28-39302-50443:sale,cashmonkey,ebay,sale,2026-08-09,28-39302-50443,,order,3122,444,ebay_orders_2026-08-09.xlsx,23,0,0,1
cashmonkey:27-75075-70193:sale,cashmonkey,ebay,sale,2026-08-09,27-75075-70193,,order,3046,434,ebay_orders_2026-08-09.xlsx,24,0,0,1
cashmonkey:28-79485-88917:sale,cashmonkey,ebay,sale,2026-08-09,28-79485-88917,,order,1180,186,ebay_orders_2026-08-09.xlsx,25,0,0,1
cashmonkey:16-66155-90001:sale,cashmonkey,ebay,sale,2026-08-09,16-66155-90001,,order,10323,1458,ebay_orders_2026-08-09.xlsx,26,0,0,3
cashmonkey:16-75555-14645:sale,cashmonkey,ebay,sale,2026-08-10,16-75555-14645,,order,3356,475,ebay_orders_2026-08-10.xlsx,1,0,0,1
cashmonkey:21-95338-63544:sale,cashmonkey,ebay,sale,2026-08-10,21-95338-63544,,order,4683,711,ebay_orders_2026-08-10.xlsx,2,0,0,3
cashmonkey:18-61396-30291:sale,cashmonkey,ebay,sale,2026-08-10,18-61396-30291,,order,1029,166,ebay_orders_2026-08-10.xlsx,5,0,0,1
cashmonkey:25-95211-13820:sale,cashmonkey,ebay,sale,2026-08-10,25-95211-13820,,order,10936,1510,ebay_orders_2026-08-10.xlsx,6,0,0,2
cashmonkey:27-55134-19358:sale,cashmonkey,ebay,sale,2026-08-10,27-55134-19358,,order,11058,1554,ebay_orders_2026-08-10.xlsx,8,0,0,3
cashmonkey:14-75820-71510:sale,cashmonkey,ebay,sale,2026-08-10,14-75820-71510,,order,4249,593,ebay_orders_2026-08-10.xlsx,11,0,0,1
cashmonkey:17-61070-79520:sale,cashmonkey,ebay,sale,2026-08-10,17-61070-79520,,order,2133,313,ebay_orders_2026-08-10.xlsx,12,0,0,1
cashmonkey:20-48671-89846:sale,cashmonkey,ebay,sale,2026-08-10,20-48671-89846,,order,5963,820,ebay_orders_2026-08-10.xlsx,13,0,0,1
cashmonkey:19-20863-94584:sale,cashmonkey,ebay,sale,2026-08-10,19-20863-94584,,order,1393,215,ebay_orders_2026-08-10.xlsx,14,0,0,1
cashmonkey:28-82485-64888:sale,cashmonkey,ebay,sale,2026-08-10,28-82485-64888,,order,5103,706,ebay_orders_2026-08-10.xlsx,15,0,0,1
cashmonkey:15-84214-25949:sale,cashmonkey,ebay,sale,2026-08-10,15-84214-25949,,order,5021,695,ebay_orders_2026-08-10.xlsx,16,0,0,1
cashmonkey:14-51677-98523:sale,cashmonkey,ebay,sale,2026-08-10,14-51677-98523,,order,5926,815,ebay_orders_2026-08-10.xlsx,17,0,0,1
cashmonkey:28-72955-14728:sale,cashmonkey,ebay,sale,2026-08-10,28-72955-14728,,order,5357,740,ebay_orders_2026-08-10.xlsx,18,0,0,1
cashmonkey:23-32507-74067:sale,cashmonkey,ebay,sale,2026-08-10,23-32507-74067,,order,7935,1140,ebay_orders_2026-08-10.xlsx,19,0,0,3
cashmonkey:23-30802-65508:sale,cashmonkey,ebay,sale,2026-08-10,23-30802-65508,,order,5477,756,ebay_orders_2026-08-10.xlsx,22,0,0,1
cashmonkey:24-17246-29327:sale,cashmonkey,ebay,sale,2026-08-10,24-17246-29327,,order,11602,1598,ebay_orders_2026-08-10.xlsx,23,0,0,2
cashmonkey:17-75717-56012:sale,cashmonkey,ebay,sale,2026-08-11,17-75717-56012,,order,892,148,ebay_orders_2026-08-11.xlsx,1,0,0,1
cashmonkey:29-81533-19464:sale,cashmonkey,ebay,sale,2026-08-11,29-81533-19464,,order,4803,666,ebay_orders_2026-08-11.xlsx,2,0,0,1
cashmonkey:16-76786-56510:sale,cashmonkey,ebay,sale,2026-08-11,16-76786-56510,,order,2218,324,ebay_orders_2026-08-11.xlsx,3,0,0,1
cashmonkey:14-89440-62912:sale,cashmonkey,ebay,sale,2026-08-11,14-89440-62912,,order,4484,654,ebay_orders_2026-08-11.xlsx,4,0,0,2
cashmonkey:25-29341-28740:sale,cashmonkey,ebay,sale,2026-08-11,25-29341-28740,,order,3615,509,ebay_orders_2026-08-11.xlsx,6,0,0,1
cashmonkey:17-26876-27216:sale,cashmonkey,ebay,sale,2026-08-11,17-26876-27216,,order,8466,1212,ebay_orders_2026-08-11.xlsx,7,0,0,3
cashmonkey:20-60590-65043:sale,cashmonkey,ebay,sale,2026-08-11,20-60590-65043,,order,4602,640,ebay_orders_2026-08-11.xlsx,10,0,0,1
cashmonkey:18-42020-73997:sale,cashmonkey,ebay,sale,2026-08-11,18-42020-73997,,order,9886,1370,ebay_orders_2026-08-11.xlsx,11,0,0,2
cashmonkey:27-37749-96373:sale,cashmonkey,ebay,sale,2026-08-11,27-37749-96373,,order,4195,586,ebay_orders_2026-08-11.xlsx,13,0,0,1
cashmonkey:15-58874-57473:sale,cashmonkey,ebay,sale,2026-08-11,15-58874-57473,,order,6690,946,ebay_orders_2026-08-11.xlsx,14,0,0,2
cashmonkey:23-22879-41261:sale,cashmonkey,ebay,sale,2026-08-11,23-22879-41261,,order,4979,690,ebay_orders_2026-08-11.xlsx,16,0,0,1
cashmonkey:12-97140-73942:sale,cashmonkey,ebay,sale,2026-08-11,12-97140-73942,,order,5202,780,ebay_orders_2026-08-11.xlsx,17,0,0,3
cashmonkey:21-55525-75473:sale,cashmonkey,ebay,sale,2026-08-11,21-55525-75473,,order,1347,208,ebay_orders_2026-08-11.xlsx,20,0,0,1
cashmonkey:22-87910-71599:sale,cashmonkey,ebay,sale,2026-08-11,22-87910-71599,,order,9288,1320,ebay_orders_2026-08-11.xlsx,21,0,0,3
cashmonkey:17-54876-86859:sale,cashmonkey,ebay,sale,2026-08-11,17-54876-86859,,order,3515,496,ebay_orders_2026-08-11.xlsx,24,0,0,1
cashmonkey:14-68456-98669:sale,cashmonkey,ebay,sale,2026-08-11,14-68456-98669,,order,7512,1056,ebay_orders_2026-08-11.xlsx,25,0,0,2
cashmonkey:11-52957-15735:sale,cashmonkey,ebay,sale,2026-08-12,11-52957-15735,,order,1406,216,ebay_orders_2026-08-12.xlsx,1,0,0,1
cashmonkey:28-19921-43703:sale,cashmonkey,ebay,sale,2026-08-12,28-19921-43703,,order,1072,172,ebay_orders_2026-08-12.xlsx,2,0,0,1
cashmonkey:29-26098-18333:sale,cashmonkey,ebay,sale,2026-08-12,29-26098-18333,,order,3590,506,ebay_orders_2026-08-12.xlsx,3,0,0,1
cashmonkey:15-93515-92210:sale,cashmonkey,ebay,sale,2026-08-12,15-93515-92210,,order,10282,1422,ebay_orders_2026-08-12.xlsx,4,0,0,2
cashmonkey:26-48304-84413:sale,cashmonkey,ebay,sale,2026-08-12,26-48304-84413,,order,10012,1386,ebay_orders_2026-08-12.xlsx,6,0,0,2
cashmonkey:22-15600-52919:sale,cashmonkey,ebay,sale,2026-08-12,22-15600-52919,,order,14658,2031,ebay_orders_2026-08-12.xlsx,8,0,0,3
cashmonkey:13-57519-21032:sale,cashmonkey,ebay,sale,2026-08-12,13-57519-21032,,order,5138,711,ebay_orders_2026-08-12.xlsx,11,0,0,1
cashmonkey:23-88184-56081:sale,cashmonkey,ebay,sale,2026-08-12,23-88184-56081,,order,12090,1692,ebay_orders_2026-08-12.xlsx,12,0,0,3
cashmonkey:12-48946-52116:sale,cashmonkey,ebay,sale,2026-08-12,12-48946-52116,,order,8846,1232,ebay_orders_2026-08-12.xlsx,15,0,0,2
cashmonkey:27-21980-45161:sale,cashmonkey,ebay,sale,2026-08-12,27-21980-45161,,order,14931,2067,ebay_orders_2026-08-12.xlsx,17,0,0,3
cashmonkey:24-95034-57923:sale,cashmonkey,ebay,sale,2026-08-12,24-95034-57923,,order,3836,538,ebay_orders_2026-08-12.xlsx,20,0,0,1
cashmonkey:19-23377-91616:sale,cashmonkey,ebay,sale,2026-08-12,19-23377-91616,,order,3684,518,ebay_orders_2026-08-12.xlsx,21,0,0,1
cashmonkey:23-98198-69719:sale,cashmonkey,ebay,sale,2026-08-12,23-98198-69719,,order,11088,1560,ebay_orders_2026-08-12.xlsx,22,0,0,3
cashmonkey:22-84934-90125:sale,cashmonkey,ebay,sale,2026-08-12,22-84934-90125,,order,10218,1414,ebay_orders_2026-08-12.xlsx,25,0,0,2
cashmonkey:22-75509-18585:sale,cashmonkey,ebay,sale,2026-08-12,22-75509-18585,,order,4386,642,ebay_orders_2026-08-12.xlsx,27,0,0,2
cashmonkey:18-95862-21213:sale,cashmonkey,ebay,sale,2026-08-12,18-95862-21213,,order,2197,321,ebay_orders_2026-08-12.xlsx,29,0,0,1
cashmonkey:18-95673-42604:sale,cashmonkey,ebay,sale,2026-08-13,18-95673-42604,,order,7832,1098,ebay_orders_2026-08-13.xlsx,1,0,0,2
cashmonkey:22-60157-15709:sale,cashmonkey,ebay,sale,2026-08-13,22-60157-15709,,order,2938,450,ebay_orders_2026-08-13.xlsx,3,0,0,2
cashmonkey:29-22289-74414:sale,cashmonkey,ebay,sale,2026-08-13,29-22289-74414,,order,4088,572,ebay_orders_2026-08-13.xlsx,5,0,0,1
cashmonkey:26-56620-87643:sale,cashmonkey,ebay,sale,2026-08-13,26-56620-87643,,order,2516,363,ebay_orders_2026-08-13.xlsx,6,0,0,1
cashmonkey:11-96356-97955:sale,cashmonkey,ebay,sale,2026-08-13,11-96356-97955,,order,5527,762,ebay_orders_2026-08-13.xlsx,7,0,0,1
cashmonkey:24-67233-34034:sale,cashmonkey,ebay,sale,2026-08-13,24-67233-34034,,order,3969,556,ebay_orders_2026-08-13.xlsx,8,0,0,1
cashmonkey:24-84034-26627:sale,cashmonkey,ebay,sale,2026-08-13,24-84034-26627,,order,7440,1046,ebay_orders_2026-08-13.xlsx,9,0,0,2
cashmonkey:25-92839-35350:sale,cashmonkey,ebay,sale,2026-08-13,25-92839-35350,,order,10606,1466,ebay_orders_2026-08-13.xlsx,11,0,0,2
cashmonkey:14-23139-92783:sale,cashmonkey,ebay,sale,2026-08-13,14-23139-92783,,order,11592,1626,ebay_orders_2026-08-13.xlsx,13,0,0,3
cashmonkey:19-22715-44354:sale,cashmonkey,ebay,sale,2026-08-13,19-22715-44354,,order,4356,607,ebay_orders_2026-08-13.xlsx,16,0,0,1
cashmonkey:10-68963-93561:sale,cashmonkey,ebay,sale,2026-08-13,10-68963-93561,,order,5636,777,ebay_orders_2026-08-13.xlsx,17,0,0,1
cashmonkey:26-62951-26592:sale,cashmonkey,ebay,sale,2026-08-13,26-62951-26592,,order,3057,435,ebay_orders_2026-08-13.xlsx,18,0,0,1
cashmonkey:20-56895-14199:sale,cashmonkey,ebay,sale,2026-08-13,20-56895-14199,,order,1129,180,ebay_orders_2026-08-13.xlsx,19,0,0,1
cashmonkey:27-43486-16499:sale,cashmonkey,ebay,sale,2026-08-13,27-43486-16499,,order,1025,166,ebay_orders_2026-08-13.xlsx,20,0,0,1
cashmonkey:16-11050-14951:sale,cashmonkey,ebay,sale,2026-08-13,16-11050-14951,,order,6090,897,ebay_orders_2026-08-13.xlsx,21,0,0,3
cashmonkey:25-43524-95317:sale,cashmonkey,ebay,sale,2026-08-13,25-43524-95317,,order,1559,237,ebay_orders_2026-08-13.xlsx,24,0,0,1
cashmonkey:25-20276-73492:sale,cashmonkey,ebay,sale,2026-08-14,25-20276-73492,,order,1175,186,ebay_orders_2026-08-14.xlsx,1,0,0,1
cashmonkey:27-28377-95145:sale,cashmonkey,ebay,sale,2026-08-14,27-28377-95145,,order,13530,1884,ebay_orders_2026-08-14.xlsx,2,0,0,3
cashmonkey:20-20499-10516:sale,cashmonkey,ebay,sale,2026-08-14,20-20499-10516,,order,2267,330,ebay_orders_2026-08-14.xlsx,5,0,0,1
cashmonkey:11-39956-32731:sale,cashmonkey,ebay,sale,2026-08-14,11-39956-32731,,order,2237,326,ebay_orders_2026-08-14.xlsx,6,0,0,1
cashmonkey:27-37132-23496:sale,cashmonkey,ebay,sale,2026-08-14,27-37132-23496,,order,11652,1635,ebay_orders_2026-08-14.xlsx,7,0,0,3
cashmonkey:28-67947-66140:sale,cashmonkey,ebay,sale,2026-08-14,28-67947-66140,,order,12435,1737,ebay_orders_2026-08-14.xlsx,10,0,0,3
cashmonkey:21-15271-86917:sale,cashmonkey,ebay,sale,2026-08-14,21-15271-86917,,order,2023,298,ebay_orders_2026-08-14.xlsx,13,0,0,1
cashmonkey:29-75927-10107:sale,cashmonkey,ebay,sale,2026-08-14,29-75927-10107,,order,3774,530,ebay_orders_2026-08-14.xlsx,14,0,0,1
cashmonkey:20-29402-27036:sale,cashmonkey,ebay,sale,2026-08-14,20-29402-27036,,order,1669,251,ebay_orders_2026-08-14.xlsx,15,0,0,1
cashmonkey:18-99566-75983:sale,cashmonkey,ebay,sale,2026-08-14,18-99566-75983,,order,15192,2103,ebay_orders_2026-08-14.xlsx,16,0,0,3
cashmonkey:14-56322-79270:sale,cashmonkey,ebay,sale,2026-08-14,14-56322-79270,,order,3596,506,ebay_orders_2026-08-14.xlsx,19,0,0,1
cashmonkey:22-78697-42706:sale,cashmonkey,ebay,sale,2026-08-14,22-78697-42706,,order,3422,514,ebay_orders_2026-08-14.xlsx,20,0,0,2
cashmonkey:25-77124-91776:sale,cashmonkey,ebay,sale,2026-08-14,25-77124-91776,,order,4246,593,ebay_orders_2026-08-14.xlsx,22,0,0,1
cashmonkey:28-51335-86007:sale,cashmonkey,ebay,sale,2026-08-14,28-51335-86007,,order,2966,423,ebay_orders_2026-08-14.xlsx,23,0,0,1
cashmonkey:21-22168-14310:sale,cashmonkey,ebay,sale,2026-08-14,21-22168-14310,,order,3978,588,ebay_orders_2026-08-14.xlsx,24,0,0,2
cashmonkey:28-70123-62955:sale,cashmonkey,ebay,sale,2026-08-14,28-70123-62955,,order,2057,303,ebay_orders_2026-08-14.xlsx,26,0,0,1
cashmonkey:11-62082-63551:sale,cashmonkey,ebay,sale,2026-08-15,11-62082-63551,,order,3687,519,ebay_orders_2026-08-15.xlsx,1,0,0,1
cashmonkey:28-24731-47149:sale,cashmonkey,ebay,sale,2026-08-15,28-24731-47149,,order,2688,416,ebay_orders_2026-08-15.xlsx,2,0,0,2
cashmonkey:18-17413-11909:sale,cashmonkey,ebay,sale,2026-08-15,18-17413-11909,,order,853,143,ebay_orders_2026-08-15.xlsx,4,0,0,1
cashmonkey:21-50818-75767:sale,cashmonkey,ebay,sale,2026-08-15,21-50818-75767,,order,4028,564,ebay_orders_2026-08-15.xlsx,5,0,0,1
cashmonkey:21-76390-61667:sale,cashmonkey,ebay,sale,2026-08-15,21-76390-61667,,order,3878,544,ebay_orders_2026-08-15.xlsx,6,0,0,1
cashmonkey:23-71450-55233:sale,cashmonkey,ebay,sale,2026-08-15,23-71450-55233,,order,4810,698,ebay_orders_2026-08-15.xlsx,7,0,0,2
cashmonkey:10-78299-48588:sale,cashmonkey,ebay,sale,2026-08-15,10-78299-48588,,order,10308,1455,ebay_orders_2026-08-15.xlsx,9,0,0,3
cashmonkey:28-17762-76451:sale,cashmonkey,ebay,sale,2026-08-15,28-17762-76451,,order,4892,678,ebay_orders_2026-08-15.xlsx,12,0,0,1
cashmonkey:10-57255-14918:sale,cashmonkey,ebay,sale,2026-08-15,10-57255-14918,,order,1813,270,ebay_orders_2026-08-15.xlsx,13,0,0,1
cashmonkey:23-35451-48224:sale,cashmonkey,ebay,sale,2026-08-15,23-35451-48224,,order,1319,205,ebay_orders_2026-08-15.xlsx,14,0,0,1
cashmonkey:20-39340-62052:sale,cashmonkey,ebay,sale,2026-08-15,20-39340-62052,,order,13626,1896,ebay_orders_2026-08-15.xlsx,15,0,0,3
cashmonkey:29-60577-89139:sale,cashmonkey,ebay,sale,2026-08-15,29-60577-89139,,order,1868,308,ebay_orders_2026-08-15.xlsx,18,0,0,2
cashmonkey:28-19575-42367:sale,cashmonkey,ebay,sale,2026-08-15,28-19575-42367,,order,2048,301,ebay_orders_2026-08-15.xlsx,20,0,0,1
cashmonkey:16-96921-52383:sale,cashmonkey,ebay,sale,2026-08-15,16-96921-52383,,order,2126,312,ebay_orders_2026-08-15.xlsx,21,0,0,1
cashmonkey:28-31263-10757:sale,cashmonkey,ebay,sale,2026-08-15,28-31263-10757,,order,8928,1272,ebay_orders_2026-08-15.xlsx,22,0,0,3
cashmonkey:24-45068-75120:sale,cashmonkey,ebay,sale,2026-08-15,24-45068-75120,,order,3528,497,ebay_orders_2026-08-15.xlsx,25,0,0,1
cashmonkey:23-39366-20934:sale,cashmonkey,ebay,sale,2026-08-16,23-39366-20934,,order,11550,1590,ebay_orders_2026-08-16.xlsx,1,0,0,2
cashmonkey:18-54461-71425:sale,cashmonkey,ebay,sale,2026-08-16,18-54461-71425,,order,5737,790,ebay_orders_2026-08-16.xlsx,3,0,0,1
cashmonkey:13-30863-34972:sale,cashmonkey,ebay,sale,2026-08-16,13-30863-34972,,order,5642,778,ebay_orders_2026-08-16.xlsx,4,0,0,1
cashmonkey:17-37784-30046:sale,cashmonkey,ebay,sale,2026-08-16,17-37784-30046,,order,3114,504,ebay_orders_2026-08-16.xlsx,5,0,0,3
cashmonkey:12-48908-12258:sale,cashmonkey,ebay,sale,2026-08-16,12-48908-12258,,order,13209,1839,ebay_orders_2026-08-16.xlsx,8,0,0,3
cashmonkey:17-51430-19652:sale,cashmonkey,ebay,sale,2026-08-16,17-51430-19652,,order,3862,572,ebay_orders_2026-08-16.xlsx,11,0,0,2
cashmonkey:14-63037-50267:sale,cashmonkey,ebay,sale,2026-08-16,14-63037-50267,,order,1998,295,ebay_orders_2026-08-16.xlsx,13,0,0,1
cashmonkey:27-63229-70254:sale,cashmonkey,ebay,sale,2026-08-16,27-63229-70254,,order,1937,287,ebay_orders_2026-08-16.xlsx,14,0,0,1
cashmonkey:17-71536-86529:sale,cashmonkey,ebay,sale,2026-08-16,17-71536-86529,,order,3389,479,ebay_orders_2026-08-16.xlsx,15,0,0,1
cashmonkey:20-89733-74082:sale,cashmonkey,ebay,sale,2026-08-16,20-89733-74082,,order,2947,420,ebay_orders_2026-08-16.xlsx,16,0,0,1
cashmonkey:23-89848-18683:sale,cashmonkey,ebay,sale,2026-08-16,23-89848-18683,,order,2940,420,ebay_orders_2026-08-16.xlsx,17,0,0,1
cashmonkey:21-76487-84562:sale,cashmonkey,ebay,sale,2026-08-16,21-76487-84562,,order,8376,1170,ebay_orders_2026-08-16.xlsx,18,0,0,2
cashmonkey:26-14804-31558:sale,cashmonkey,ebay,sale,2026-08-16,26-14804-31558,,order,2802,401,ebay_orders_2026-08-16.xlsx,20,0,0,1
cashmonkey:19-95452-73770:sale,cashmonkey,ebay,sale,2026-08-16,19-95452-73770,,order,1782,266,ebay_orders_2026-08-16.xlsx,21,0,0,1
cashmonkey:24-23663-16917:sale,cashmonkey,ebay,sale,2026-08-16,24-23663-16917,,order,17445,2400,ebay_orders_2026-08-16.xlsx,22,0,0,3
cashmonkey:12-74411-29378:sale,cashmonkey,ebay,sale,2026-08-16,12-74411-29378,,order,2063,303,ebay_orders_2026-08-16.xlsx,25,0,0,1
cashmonkey:23-24106-20925:sale,cashmonkey,ebay,sale,2026-08-17,23-24106-20925,,order,14829,2055,ebay_orders_2026-08-17.xlsx,1,0,0,3
cashmonkey:18-89082-14315:sale,cashmonkey,ebay,sale,2026-08-17,18-89082-14315,,order,11422,1574,ebay_orders_2026-08-17.xlsx,4,0,0,2
cashmonkey:22-88462-28873:sale,cashmonkey,ebay,sale,2026-08-17,22-88462-28873,,order,5341,738,ebay_orders_2026-08-17.xlsx,6,0,0,1
cashmonkey:29-51519-76028:sale,cashmonkey,ebay,sale,2026-08-17,29-51519-76028,,order,3688,519,ebay_orders_2026-08-17.xlsx,7,0,0,1
cashmonkey:18-25320-75339:sale,cashmonkey,ebay,sale,2026-08-17,18-25320-75339,,order,14619,2028,ebay_orders_2026-08-17.xlsx,8,0,0,3
cashmonkey:26-66609-56649:sale,cashmonkey,ebay,sale,2026-08-17,26-66609-56649,,order,5328,766,ebay_orders_2026-08-17.xlsx,11,0,0,2
cashmonkey:25-35932-14897:sale,cashmonkey,ebay,sale,2026-08-17,25-35932-14897,,order,1932,316,ebay_orders_2026-08-17.xlsx,13,0,0,2
cashmonkey:12-69631-85272:sale,cashmonkey,ebay,sale,2026-08-17,12-69631-85272,,order,1998,295,ebay_orders_2026-08-17.xlsx,15,0,0,1
cashmonkey:22-55314-17862:sale,cashmonkey,ebay,sale,2026-08-17,22-55314-17862,,order,4512,658,ebay_orders_2026-08-17.xlsx,16,0,0,2
cashmonkey:17-64908-48625:sale,cashmonkey,ebay,sale,2026-08-17,17-64908-48625,,order,10704,1509,ebay_orders_2026-08-17.xlsx,18,0,0,3
cashmonkey:12-32857-91929:sale,cashmonkey,ebay,sale,2026-08-17,12-32857-91929,,order,5195,718,ebay_orders_2026-08-17.xlsx,21,0,0,1
cashmonkey:11-58184-52898:sale,cashmonkey,ebay,sale,2026-08-17,11-58184-52898,,order,4004,561,ebay_orders_2026-08-17.xlsx,22,0,0,1
cashmonkey:22-75065-15690:sale,cashmonkey,ebay,sale,2026-08-17,22-75065-15690,,order,2659,382,ebay_orders_2026-08-17.xlsx,23,0,0,1
cashmonkey:16-71158-33603:sale,cashmonkey,ebay,sale,2026-08-17,16-71158-33603,,order,3764,529,ebay_orders_2026-08-17.xlsx,24,0,0,1
cashmonkey:10-25903-34284:sale,cashmonkey,ebay,sale,2026-08-17,10-25903-34284,,order,5474,755,ebay_orders_2026-08-17.xlsx,25,0,0,1
cashmonkey:20-64393-70713:sale,cashmonkey,ebay,sale,2026-08-17,20-64393-70713,,order,13071,1821,ebay_orders_2026-08-17.xlsx,26,0,0,3
cashmonkey:10-79113-76039:sale,cashmonkey,ebay,sale,2026-08-18,10-79113-76039,,order,2007,296,ebay_orders_2026-08-18.xlsx,1,0,0,1
cashmonkey:18-81831-30670:sale,cashmonkey,ebay,sale,2026-08-18,18-81831-30670,,order,3668,546,ebay_orders_2026-08-18.xlsx,2,0,0,2
cashmonkey:22-81368-16805:sale,cashmonkey,ebay,sale,2026-08-18,22-81368-16805,,order,6510,954,ebay_orders_2026-08-18.xlsx,4,0,0,3
cashmonkey:13-13149-47490:sale,cashmonkey,ebay,sale,2026-08-18,13-13149-47490,,order,4699,653,ebay_orders_2026-08-18.xlsx,7,0,0,1
cashmonkey:13-60157-75584:sale,cashmonkey,ebay,sale,2026-08-18,13-60157-75584,,order,7430,1044,ebay_orders_2026-08-18.xlsx,8,0,0,2
cashmonkey:15-62727-30979:sale,cashmonkey,ebay,sale,2026-08-18,15-62727-30979,,order,4121,576,ebay_orders_2026-08-18.xlsx,10,0,0,1
cashmonkey:24-19947-41827:sale,cashmonkey,ebay,sale,2026-08-18,24-19947-41827,,order,5351,739,ebay_orders_2026-08-18.xlsx,11,0,0,1
cashmonkey:21-54281-24054:sale,cashmonkey,ebay,sale,2026-08-18,21-54281-24054,,order,6932,978,ebay_orders_2026-08-18.xlsx,12,0,0,2
cashmonkey:21-42967-14987:sale,cashmonkey,ebay,sale,2026-08-18,21-42967-14987,,order,2350,372,ebay_orders_2026-08-18.xlsx,14,0,0,2
cashmonkey:13-54930-87624:sale,cashmonkey,ebay,sale,2026-08-18,13-54930-87624,,order,1071,172,ebay_orders_2026-08-18.xlsx,16,0,0,1
cashmonkey:23-64051-36816:sale,cashmonkey,ebay,sale,2026-08-18,23-64051-36816,,order,1845,274,ebay_orders_2026-08-18.xlsx,17,0,0,1
cashmonkey:28-71673-64906:sale,cashmonkey,ebay,sale,2026-08-18,28-71673-64906,,order,9076,1262,ebay_orders_2026-08-18.xlsx,18,0,0,2
cashmonkey:28-24021-55177:sale,cashmonkey,ebay,sale,2026-08-18,28-24021-55177,,order,1524,232,ebay_orders_2026-08-18.xlsx,20,0,0,1
cashmonkey:26-89276-96616:sale,cashmonkey,ebay,sale,2026-08-18,26-89276-96616,,order,5714,787,ebay_orders_2026-08-18.xlsx,21,0,0,1
cashmonkey:15-81712-73779:sale,cashmonkey,ebay,sale,2026-08-18,15-81712-73779,,order,11031,1551,ebay_orders_2026-08-18.xlsx,22,0,0,3
cashmonkey:23-98475-30426:sale,cashmonkey,ebay,sale,2026-08-18,23-98475-30426,,order,1700,286,ebay_orders_2026-08-18.xlsx,25,0,0,2
cashmonkey:11-41277-36845:sale,cashmonkey,ebay,sale,2026-08-19,11-41277-36845,,order,1800,268,ebay_orders_2026-08-19.xlsx,1,0,0,1
cashmonkey:23-43966-19166:sale,cashmonkey,ebay,sale,2026-08-19,23-43966-19166,,order,1219,192,ebay_orders_2026-08-19.xlsx,2,0,0,1
cashmonkey:13-31397-52657:sale,cashmonkey,ebay,sale,2026-08-19,13-31397-52657,,order,1680,253,ebay_orders_2026-08-19.xlsx,3,0,0,1
cashmonkey:27-54354-65464:sale,cashmonkey,ebay,sale,2026-08-19,27-54354-65464,,order,5526,762,ebay_orders_2026-08-19.xlsx,4,0,0,1
cashmonkey:24-90998-83405:sale,cashmonkey,ebay,sale,2026-08-19,24-90998-83405,,order,5510,760,ebay_orders_2026-08-19.xlsx,5,0,0,1
cashmonkey:16-97706-44509:sale,cashmonkey,ebay,sale,2026-08-19,16-97706-44509,,order,5722,788,ebay_orders_2026-08-19.xlsx,6,0,0,1
cashmonkey:25-46473-72078:sale,cashmonkey,ebay,sale,2026-08-19,25-46473-72078,,order,11786,1622,ebay_orders_2026-08-19.xlsx,7,0,0,2
cashmonkey:18-15259-79250:sale,cashmonkey,ebay,sale,2026-08-19,18-15259-79250,,order,4769,662,ebay_orders_2026-08-19.xlsx,9,0,0,1
cashmonkey:24-52935-25046:sale,cashmonkey,ebay,sale,2026-08-19,24-52935-25046,,order,10552,1458,ebay_orders_2026-08-19.xlsx,10,0,0,2
cashmonkey:25-14077-52928:sale,cashmonkey,ebay,sale,2026-08-19,25-14077-52928,,order,3262,492,ebay_orders_2026-08-19.xlsx,12,0,0,2
cashmonkey:22-75001-57246:sale,cashmonkey,ebay,sale,2026-08-19,22-75001-57246,,order,5374,742,ebay_orders_2026-08-19.xlsx,14,0,0,1
cashmonkey:13-16640-15932:sale,cashmonkey,ebay,sale,2026-08-19,13-16640-15932,,order,5917,814,ebay_orders_2026-08-19.xlsx,15,0,0,1
cashmonkey:18-89896-39473:sale,cashmonkey,ebay,sale,2026-08-19,18-89896-39473,,order,1669,251,ebay_orders_2026-08-19.xlsx,16,0,0,1
cashmonkey:14-65887-28633:sale,cashmonkey,ebay,sale,2026-08-19,14-65887-28633,,order,4039,565,ebay_orders_2026-08-19.xlsx,17,0,0,1
cashmonkey:20-67406-78744:sale,cashmonkey,ebay,sale,2026-08-19,20-67406-78744,,order,2956,422,ebay_orders_2026-08-19.xlsx,18,0,0,1
cashmonkey:18-11737-71347:sale,cashmonkey,ebay,sale,2026-08-19,18-11737-71347,,order,14145,1965,ebay_orders_2026-08-19.xlsx,19,0,0,3
cashmonkey:23-24910-39349:sale,cashmonkey,ebay,sale,2026-08-20,23-24910-39349,,order,8548,1192,ebay_orders_2026-08-20.xlsx,1,0,0,2
cashmonkey:17-67503-17571:sale,cashmonkey,ebay,sale,2026-08-20,17-67503-17571,,order,2154,315,ebay_orders_2026-08-20.xlsx,3,0,0,1
cashmonkey:17-69210-53340:sale,cashmonkey,ebay,sale,2026-08-20,17-69210-53340,,order,7830,1128,ebay_orders_2026-08-20.xlsx,4,0,0,3
cashmonkey:26-48003-55798:sale,cashmonkey,ebay,sale,2026-08-20,26-48003-55798,,order,4049,566,ebay_orders_2026-08-20.xlsx,7,0,0,1
cashmonkey:15-64962-33540:sale,cashmonkey,ebay,sale,2026-08-20,15-64962-33540,,order,10962,1512,ebay_orders_2026-08-20.xlsx,8,0,0,2
cashmonkey:16-68141-92268:sale,cashmonkey,ebay,sale,2026-08-20,16-68141-92268,,order,4830,729,ebay_orders_2026-08-20.xlsx,10,0,0,3
cashmonkey:21-83181-89405:sale,cashmonkey,ebay,sale,2026-08-20,21-83181-89405,,order,2396,378,ebay_orders_2026-08-20.xlsx,13,0,0,2
cashmonkey:26-81566-11335:sale,cashmonkey,ebay,sale,2026-08-20,26-81566-11335,,order,5764,794,ebay_orders_2026-08-20.xlsx,15,0,0,1
cashmonkey:24-31989-44135:sale,cashmonkey,ebay,sale,2026-08-20,24-31989-44135,,order,2038,330,ebay_orders_2026-08-20.xlsx,16,0,0,2
cashmonkey:20-27530-54751:sale,cashmonkey,ebay,sale,2026-08-20,20-27530-54751,,order,5734,790,ebay_orders_2026-08-20.xlsx,18,0,0,1
cashmonkey:11-16977-89730:sale,cashmonkey,ebay,sale,2026-08-20,11-16977-89730,,order,4924,712,ebay_orders_2026-08-20.xlsx,19,0,0,2
cashmonkey:16-43280-91960:sale,cashmonkey,ebay,sale,2026-08-20,16-43280-91960,,order,12024,1683,ebay_orders_2026-08-20.xlsx,21,0,0,3
cashmonkey:23-24084-17740:sale,cashmonkey,ebay,sale,2026-08-20,23-24084-17740,,order,17868,2457,ebay_orders_2026-08-20.xlsx,24,0,0,3
cashmonkey:27-92182-94609:sale,cashmonkey,ebay,sale,2026-08-20,27-92182-94609,,order,1647,248,ebay_orders_2026-08-20.xlsx,27,0,0,1
cashmonkey:27-71638-46999:sale,cashmonkey,ebay,sale,2026-08-20,27-71638-46999,,order,2046,332,ebay_orders_2026-08-20.xlsx,28,0,0,2
cashmonkey:22-24702-33747:sale,cashmonkey,ebay,sale,2026-08-20,22-24702-33747,,order,4698,652,ebay_orders_2026-08-20.xlsx,30,0,0,1
cashmonkey:10-99089-76159:sale,cashmonkey,ebay,sale,2026-08-21,10-99089-76159,,order,7008,1020,ebay_orders_2026-08-21.xlsx,1,0,0,3
cashmonkey:17-46313-23741:sale,cashmonkey,ebay,sale,2026-08-21,17-46313-23741,,order,4125,577,ebay_orders_2026-08-21.xlsx,4,0,0,1
cashmonkey:26-73906-90288:sale,cashmonkey,ebay,sale,2026-08-21,26-73906-90288,,order,9090,1264,ebay_orders_2026-08-21.xlsx,5,0,0,2
cashmonkey:12-82313-85507:sale,cashmonkey,ebay,sale,2026-08-21,12-82313-85507,,order,3612,509,ebay_orders_2026-08-21.xlsx,7,0,0,1
cashmonkey:15-16345-30907:sale,cashmonkey,ebay,sale,2026-08-21,15-16345-30907,,order,3961,555,ebay_orders_2026-08-21.xlsx,8,0,0,1
cashmonkey:22-69533-42123:sale,cashmonkey,ebay,sale,2026-08-21,22-69533-42123,,order,1983,293,ebay_orders_2026-08-21.xlsx,9,0,0,1
cashmonkey:10-34926-78983:sale,cashmonkey,ebay,sale,2026-08-21,10-34926-78983,,order,4305,600,ebay_orders_2026-08-21.xlsx,10,0,0,1
cashmonkey:24-34480-28177:sale,cashmonkey,ebay,sale,2026-08-21,24-34480-28177,,order,5749,792,ebay_orders_2026-08-21.xlsx,11,0,0,1
cashmonkey:16-71229-31121:sale,cashmonkey,ebay,sale,2026-08-21,16-71229-31121,,order,9396,1335,ebay_orders_2026-08-21.xlsx,12,0,0,3
cashmonkey:28-13063-44744:sale,cashmonkey,ebay,sale,2026-08-21,28-13063-44744,,order,5394,804,ebay_orders_2026-08-21.xlsx,15,0,0,3
cashmonkey:27-10346-54869:sale,cashmonkey,ebay,sale,2026-08-21,27-10346-54869,,order,8001,1149,ebay_orders_2026-08-21.xlsx,18,0,0,3
cashmonkey:28-62372-45649:sale,cashmonkey,ebay,sale,2026-08-21,28-62372-45649,,order,2260,329,ebay_orders_2026-08-21.xlsx,21,0,0,1
cashmonkey:13-45266-78529:sale,cashmonkey,ebay,sale,2026-08-21,13-45266-78529,,order,5677,782,ebay_orders_2026-08-21.xlsx,22,0,0,1
cashmonkey:26-31778-93250:sale,cashmonkey,ebay,sale,2026-08-21,26-31778-93250,,order,1250,196,ebay_orders_2026-08-21.xlsx,23,0,0,1
cashmonkey:27-88440-17146:sale,cashmonkey,ebay,sale,2026-08-21,27-88440-17146,,order,2391,347,ebay_orders_2026-08-21.xlsx,24,0,0,1
cashmonkey:12-23948-25252:sale,cashmonkey,ebay,sale,2026-08-21,12-23948-25252,,order,5496,819,ebay_orders_2026-08-21.xlsx,25,0,0,3
cashmonkey:15-70567-49338:sale,cashmonkey,ebay,sale,2026-08-22,15-70567-49338,,order,847,142,ebay_orders_2026-08-22.xlsx,1,0,0,1
cashmonkey:10-34399-85599:sale,cashmonkey,ebay,sale,2026-08-22,10-34399-85599,,order,1898,281,ebay_orders_2026-08-22.xlsx,2,0,0,1
cashmonkey:20-18920-62501:sale,cashmonkey,ebay,sale,2026-08-22,20-18920-62501,,order,2802,401,ebay_orders_2026-08-22.xlsx,3,0,0,1
cashmonkey:11-10719-96388:sale,cashmonkey,ebay,sale,2026-08-22,11-10719-96388,,order,1834,273,ebay_orders_2026-08-22.xlsx,4,0,0,1
cashmonkey:14-14192-36788:sale,cashmonkey,ebay,sale,2026-08-22,14-14192-36788,,order,1350,209,ebay_orders_2026-08-22.xlsx,5,0,0,1
cashmonkey:26-10604-26810:sale,cashmonkey,ebay,sale,2026-08-22,26-10604-26810,,order,3633,511,ebay_orders_2026-08-22.xlsx,6,0,0,1
cashmonkey:10-35044-47160:sale,cashmonkey,ebay,sale,2026-08-22,10-35044-47160,,order,2820,465,ebay_orders_2026-08-22.xlsx,7,0,0,3
cashmonkey:23-93017-43410:sale,cashmonkey,ebay,sale,2026-08-22,23-93017-43410,,order,5953,819,ebay_orders_2026-08-22.xlsx,10,0,0,1
cashmonkey:23-88674-56063:sale,cashmonkey,ebay,sale,2026-08-22,23-88674-56063,,order,1375,212,ebay_orders_2026-08-22.xlsx,11,0,0,1
cashmonkey:20-46955-12383:sale,cashmonkey,ebay,sale,2026-08-22,20-46955-12383,,order,4832,670,ebay_orders_2026-08-22.xlsx,12,0,0,1
cashmonkey:10-32213-28955:sale,cashmonkey,ebay,sale,2026-08-22,10-32213-28955,,order,3558,501,ebay_orders_2026-08-22.xlsx,13,0,0,1
cashmonkey:25-87941-85822:sale,cashmonkey,ebay,sale,2026-08-22,25-87941-85822,,order,8458,1180,ebay_orders_2026-08-22.xlsx,14,0,0,2
cashmonkey:16-86840-76521:sale,cashmonkey,ebay,sale,2026-08-22,16-86840-76521,,order,1807,269,ebay_orders_2026-08-22.xlsx,16,0,0,1
cashmonkey:18-86451-96814:sale,cashmonkey,ebay,sale,2026-08-22,18-86451-96814,,order,2325,338,ebay_orders_2026-08-22.xlsx,17,0,0,1
cashmonkey:11-15740-87144:sale,cashmonkey,ebay,sale,2026-08-22,11-15740-87144,,order,9624,1365,ebay_orders_2026-08-22.xlsx,18,0,0,3
cashmonkey:29-74046-50781:sale,cashmonkey,ebay,sale,2026-08-22,29-74046-50781,,order,5195,718,ebay_orders_2026-08-22.xlsx,21,0,0,1
cashmonkey:22-86047-85876:sale,cashmonkey,ebay,sale,2026-08-23,22-86047-85876,,order,5328,795,ebay_orders_2026-08-23.xlsx,1,0,0,3
cashmonkey:14-21843-30142:sale,cashmonkey,ebay,sale,2026-08-23,14-21843-30142,,order,3724,554,ebay_orders_2026-08-23.xlsx,4,0,0,2
cashmonkey:20-24110-40527:sale,cashmonkey,ebay,sale,2026-08-23,20-24110-40527,,order,14619,2028,ebay_orders_2026-08-23.xlsx,6,0,0,3
cashmonkey:16-25033-25737:sale,cashmonkey,ebay,sale,2026-08-23,16-25033-25737,,order,11139,1566,ebay_orders_2026-08-23.xlsx,9,0,0,3
cashmonkey:10-81139-29929:sale,cashmonkey,ebay,sale,2026-08-23,10-81139-29929,,order,1058,170,ebay_orders_2026-08-23.xlsx,12,0,0,1
cashmonkey:23-41128-35373:sale,cashmonkey,ebay,sale,2026-08-23,23-41128-35373,,order,2584,402,ebay_orders_2026-08-23.xlsx,13,0,0,2
cashmonkey:14-91726-49041:sale,cashmonkey,ebay,sale,2026-08-23,14-91726-49041,,order,4846,672,ebay_orders_2026-08-23.xlsx,15,0,0,1
cashmonkey:15-45995-25354:sale,cashmonkey,ebay,sale,2026-08-23,15-45995-25354,,order,5148,742,ebay_orders_2026-08-23.xlsx,16,0,0,2
cashmonkey:11-86078-74441:sale,cashmonkey,ebay,sale,2026-08-23,11-86078-74441,,order,4511,628,ebay_orders_2026-08-23.xlsx,18,0,0,1
cashmonkey:28-95346-94121:sale,cashmonkey,ebay,sale,2026-08-23,28-95346-94121,,order,16617,2292,ebay_orders_2026-08-23.xlsx,19,0,0,3
cashmonkey:14-87038-80519:sale,cashmonkey,ebay,sale,2026-08-23,14-87038-80519,,order,4515,628,ebay_orders_2026-08-23.xlsx,22,0,0,1
cashmonkey:23-91080-39245:sale,cashmonkey,ebay,sale,2026-08-23,23-91080-39245,,order,4356,638,ebay_orders_2026-08-23.xlsx,23,0,0,2
cashmonkey:16-29851-61354:sale,cashmonkey,ebay,sale,2026-08-23,16-29851-61354,,order,3383,478,ebay_orders_2026-08-23.xlsx,25,0,0,1
cashmonkey:10-63082-39284:sale,cashmonkey,ebay,sale,2026-08-23,10-63082-39284,,order,10833,1524,ebay_orders_2026-08-23.xlsx,26,0,0,3
cashmonkey:11-17926-47082:sale,cashmonkey,ebay,sale,2026-08-23,11-17926-47082,,order,5927,815,ebay_orders_2026-08-23.xlsx,29,0,0,1
cashmonkey:29-57532-80687:sale,cashmonkey,ebay,sale,2026-08-23,29-57532-80687,,order,1054,170,ebay_orders_2026-08-23.xlsx,30,0,0,1
cashmonkey:24-91567-60943:sale,cashmonkey,ebay,sale,2026-08-24,24-91567-60943,,order,4992,691,ebay_orders_2026-08-24.xlsx,1,0,0,1
cashmonkey:21-40419-87155:sale,cashmonkey,ebay,sale,2026-08-24,21-40419-87155,,order,1347,208,ebay_orders_2026-08-24.xlsx,2,0,0,1
cashmonkey:16-31990-12634:sale,cashmonkey,ebay,sale,2026-08-24,16-31990-12634,,order,11763,1650,ebay_orders_2026-08-24.xlsx,3,0,0,3
cashmonkey:17-97900-36697:sale,cashmonkey,ebay,sale,2026-08-24,17-97900-36697,,order,4709,654,ebay_orders_2026-08-24.xlsx,6,0,0,1
cashmonkey:27-65898-42597:sale,cashmonkey,ebay,sale,2026-08-24,27-65898-42597,,order,17010,2343,ebay_orders_2026-08-24.xlsx,7,0,0,3
cashmonkey:18-35102-68534:sale,cashmonkey,ebay,sale,2026-08-24,18-35102-68534,,order,5499,759,ebay_orders_2026-08-24.xlsx,10,0,0,1
cashmonkey:17-44718-43348:sale,cashmonkey,ebay,sale,2026-08-24,17-44718-43348,,order,4184,614,ebay_orders_2026-08-24.xlsx,11,0,0,2
cashmonkey:26-92659-52756:sale,cashmonkey,ebay,sale,2026-08-24,26-92659-52756,,order,14052,1953,ebay_orders_2026-08-24.xlsx,13,0,0,3
cashmonkey:19-16250-14598:sale,cashmonkey,ebay,sale,2026-08-24,19-16250-14598,,order,5597,772,ebay_orders_2026-08-24.xlsx,16,0,0,1
cashmonkey:15-68414-30815:sale,cashmonkey,ebay,sale,2026-08-24,15-68414-30815,,order,8790,1254,ebay_orders_2026-08-24.xlsx,17,0,0,3
cashmonkey:12-88688-93609:sale,cashmonkey,ebay,sale,2026-08-24,12-88688-93609,,order,1624,276,ebay_orders_2026-08-24.xlsx,20,0,0,2
cashmonkey:17-74198-30694:sale,cashmonkey,ebay,sale,2026-08-24,17-74198-30694,,order,2951,421,ebay_orders_2026-08-24.xlsx,22,0,0,1
cashmonkey:16-52093-86693:sale,cashmonkey,ebay,sale,2026-08-24,16-52093-86693,,order,2820,434,ebay_orders_2026-08-24.xlsx,23,0,0,2
cashmonkey:13-74192-25523:sale,cashmonkey,ebay,sale,2026-08-24,13-74192-25523,,order,6524,924,ebay_orders_2026-08-24.xlsx,25,0,0,2
cashmonkey:23-11306-91126:sale,cashmonkey,ebay,sale,2026-08-24,23-11306-91126,,order,5990,824,ebay_orders_2026-08-24.xlsx,27,0,0,1
cashmonkey:10-20257-76510:sale,cashmonkey,ebay,sale,2026-08-24,10-20257-76510,,order,2970,454,ebay_orders_2026-08-24.xlsx,28,0,0,2
cashmonkey:21-12665-69246:sale,cashmonkey,ebay,sale,2026-08-25,21-12665-69246,,order,3352,474,ebay_orders_2026-08-25.xlsx,1,0,0,1
cashmonkey:18-53658-51807:sale,cashmonkey,ebay,sale,2026-08-25,18-53658-51807,,order,11710,1612,ebay_orders_2026-08-25.xlsx,2,0,0,2
cashmonkey:23-34048-36201:sale,cashmonkey,ebay,sale,2026-08-25,23-34048-36201,,order,1825,272,ebay_orders_2026-08-25.xlsx,4,0,0,1
cashmonkey:29-70613-33054:sale,cashmonkey,ebay,sale,2026-08-25,29-70613-33054,,order,3319,470,ebay_orders_2026-08-25.xlsx,5,0,0,1
cashmonkey:29-36159-27533:sale,cashmonkey,ebay,sale,2026-08-25,29-36159-27533,,order,9436,1310,ebay_orders_2026-08-25.xlsx,6,0,0,2
cashmonkey:13-83966-77574:sale,cashmonkey,ebay,sale,2026-08-25,13-83966-77574,,order,4474,623,ebay_orders_2026-08-25.xlsx,8,0,0,1
cashmonkey:25-63454-35709:sale,cashmonkey,ebay,sale,2026-08-25,25-63454-35709,,order,4481,624,ebay_orders_2026-08-25.xlsx,9,0,0,1
cashmonkey:14-81155-68294:sale,cashmonkey,ebay,sale,2026-08-25,14-81155-68294,,order,2670,384,ebay_orders_2026-08-25.xlsx,10,0,0,1
cashmonkey:11-15536-41546:sale,cashmonkey,ebay,sale,2026-08-25,11-15536-41546,,order,3594,506,ebay_orders_2026-08-25.xlsx,11,0,0,1
cashmonkey:22-88773-66127:sale,cashmonkey,ebay,sale,2026-08-25,22-88773-66127,,order,3709,521,ebay_orders_2026-08-25.xlsx,12,0,0,1
cashmonkey:29-20618-85632:sale,cashmonkey,ebay,sale,2026-08-25,29-20618-85632,,order,5445,751,ebay_orders_2026-08-25.xlsx,13,0,0,1
cashmonkey:20-28023-66343:sale,cashmonkey,ebay,sale,2026-08-25,20-28023-66343,,order,9858,1366,ebay_orders_2026-08-25.xlsx,14,0,0,2
cashmonkey:20-68749-36477:sale,cashmonkey,ebay,sale,2026-08-25,20-68749-36477,,order,3153,448,ebay_orders_2026-08-25.xlsx,16,0,0,1
cashmonkey:12-95152-49938:sale,cashmonkey,ebay,sale,2026-08-25,12-95152-49938,,order,12267,1716,ebay_orders_2026-08-25.xlsx,17,0,0,3
cashmonkey:28-27003-20878:sale,cashmonkey,ebay,sale,2026-08-25,28-27003-20878,,order,1803,269,ebay_orders_2026-08-25.xlsx,20,0,0,1
cashmonkey:23-60962-74860:sale,cashmonkey,ebay,sale,2026-08-25,23-60962-74860,,order,5550,765,ebay_orders_2026-08-25.xlsx,21,0,0,1
cashmonkey:15-20090-54721:sale,cashmonkey,ebay,sale,2026-08-26,15-20090-54721,,order,3939,612,ebay_orders_2026-08-26.xlsx,1,0,0,3
cashmonkey:29-12899-24137:sale,cashmonkey,ebay,sale,2026-08-26,29-12899-24137,,order,3915,549,ebay_orders_2026-08-26.xlsx,4,0,0,1
cashmonkey:10-18448-48019:sale,cashmonkey,ebay,sale,2026-08-26,10-18448-48019,,order,4886,708,ebay_orders_2026-08-26.xlsx,5,0,0,2
cashmonkey:15-86695-19917:sale,cashmonkey,ebay,sale,2026-08-26,15-86695-19917,,order,5772,855,ebay_orders_2026-08-26.xlsx,7,0,0,3
cashmonkey:22-31864-15835:sale,cashmonkey,ebay,sale,2026-08-26,22-31864-15835,,order,14172,1968,ebay_orders_2026-08-26.xlsx,10,0,0,3
cashmonkey:13-77048-49174:sale,cashmonkey,ebay,sale,2026-08-26,13-77048-49174,,order,1148,182,ebay_orders_2026-08-26.xlsx,13,0,0,1
cashmonkey:25-26321-66073:sale,cashmonkey,ebay,sale,2026-08-26,25-26321-66073,,order,1717,258,ebay_orders_2026-08-26.xlsx,14,0,0,1
cashmonkey:19-87477-49305:sale,cashmonkey,ebay,sale,2026-08-26,19-87477-49305,,order,3328,471,ebay_orders_2026-08-26.xlsx,15,0,0,1
cashmonkey:17-40375-58299:sale,cashmonkey,ebay,sale,2026-08-26,17-40375-58299,,order,3495,493,ebay_orders_2026-08-26.xlsx,16,0,0,1
cashmonkey:22-56339-93557:sale,cashmonkey,ebay,sale,2026-08-26,22-56339-93557,,order,11444,1576,ebay_orders_2026-08-26.xlsx,17,0,0,2
cashmonkey:25-62098-28812:sale,cashmonkey,ebay,sale,2026-08-26,25-62098-28812,,order,5426,749,ebay_orders_2026-08-26.xlsx,19,0,0,1
cashmonkey:24-69237-74927:sale,cashmonkey,ebay,sale,2026-08-26,24-69237-74927,,order,5839,804,ebay_orders_2026-08-26.xlsx,20,0,0,1
cashmonkey:13-64972-46552:sale,cashmonkey,ebay,sale,2026-08-26,13-64972-46552,,order,9624,1336,ebay_orders_2026-08-26.xlsx,21,0,0,2
cashmonkey:20-87663-44087:sale,cashmonkey,ebay,sale,2026-08-26,20-87663-44087,,order,8418,1206,ebay_orders_2026-08-26.xlsx,23,0,0,3
cashmonkey:16-13140-61530:sale,cashmonkey,ebay,sale,2026-08-26,16-13140-61530,,order,2427,411,ebay_orders_2026-08-26.xlsx,26,0,0,3
cashmonkey:15-59261-82173:sale,cashmonkey,ebay,sale,2026-08-26,15-59261-82173,,order,8884,1238,ebay_orders_2026-08-26.xlsx,29,0,0,2
cashmonkey:10-56782-93955:sale,cashmonkey,ebay,sale,2026-08-27,10-56782-93955,,order,5530,763,ebay_orders_2026-08-27.xlsx,1,0,0,1
cashmonkey:13-27654-48365:sale,cashmonkey,ebay,sale,2026-08-27,13-27654-48365,,order,6504,951,ebay_orders_2026-08-27.xlsx,2,0,0,3
cashmonkey:13-62847-12488:sale,cashmonkey,ebay,sale,2026-08-27,13-62847-12488,,order,4996,692,ebay_orders_2026-08-27.xlsx,5,0,0,1
cashmonkey:14-84340-24219:sale,cashmonkey,ebay,sale,2026-08-27,14-84340-24219,,order,15168,2100,ebay_orders_2026-08-27.xlsx,6,0,0,3
cashmonkey:28-97757-23809:sale,cashmonkey,ebay,sale,2026-08-27,28-97757-23809,,order,3155,448,ebay_orders_2026-08-27.xlsx,9,0,0,1
cashmonkey:26-15198-50838:sale,cashmonkey,ebay,sale,2026-08-27,26-15198-50838,,order,5543,764,ebay_orders_2026-08-27.xlsx,10,0,0,1
cashmonkey:10-74844-30651:sale,cashmonkey,ebay,sale,2026-08-27,10-74844-30651,,order,3329,471,ebay_orders_2026-08-27.xlsx,11,0,0,1
cashmonkey:11-49467-10155:sale,cashmonkey,ebay,sale,2026-08-27,11-49467-10155,,order,5036,697,ebay_orders_2026-08-27.xlsx,12,0,0,1
cashmonkey:10-16514-39030:sale,cashmonkey,ebay,sale,2026-08-27,10-16514-39030,,order,6096,897,ebay_orders_2026-08-27.xlsx,13,0,0,3
cashmonkey:26-24629-82186:sale,cashmonkey,ebay,sale,2026-08-27,26-24629-82186,,order,805,137,ebay_orders_2026-08-27.xlsx,16,0,0,1
cashmonkey:25-24739-40451:sale,cashmonkey,ebay,sale,2026-08-27,25-24739-40451,,order,2821,404,ebay_orders_2026-08-27.xlsx,17,0,0,1
cashmonkey:23-41647-86138:sale,cashmonkey,ebay,sale,2026-08-27,23-41647-86138,,order,994,162,ebay_orders_2026-08-27.xlsx,18,0,0,1
cashmonkey:16-44875-73810:sale,cashmonkey,ebay,sale,2026-08-27,16-44875-73810,,order,4369,609,ebay_orders_2026-08-27.xlsx,19,0,0,1
cashmonkey:11-64699-72866:sale,cashmonkey,ebay,sale,2026-08-27,11-64699-72866,,order,12849,1791,ebay_orders_2026-08-27.xlsx,20,0,0,3
cashmonkey:23-18263-29651:sale,cashmonkey,ebay,sale,2026-08-27,23-18263-29651,,order,7554,1060,ebay_orders_2026-08-27.xlsx,23,0,0,2
cashmonkey:28-50970-46507:sale,cashmonkey,ebay,sale,2026-08-27,28-50970-46507,,order,1660,250,ebay_orders_2026-08-27.xlsx,25,0,0,1
cashmonkey:13-99702-47887:sale,cashmonkey,ebay,sale,2026-08-28,13-99702-47887,,order,3975,618,ebay_orders_2026-08-28.xlsx,1,0,0,3
cashmonkey:28-32923-63816:sale,cashmonkey,ebay,sale,2026-08-28,28-32923-63816,,order,5126,740,ebay_orders_2026-08-28.xlsx,4,0,0,2
cashmonkey:20-11548-94115:sale,cashmonkey,ebay,sale,2026-08-28,20-11548-94115,,order,4421,616,ebay_orders_2026-08-28.xlsx,6,0,0,1
cashmonkey:16-60615-75600:sale,cashmonkey,ebay,sale,2026-08-28,16-60615-75600,,order,4640,674,ebay_orders_2026-08-28.xlsx,7,0,0,2
cashmonkey:14-44924-44472:sale,cashmonkey,ebay,sale,2026-08-28,14-44924-44472,,order,9642,1338,ebay_orders_2026-08-28.xlsx,9,0,0,2
cashmonkey:13-25037-35002:sale,cashmonkey,ebay,sale,2026-08-28,13-25037-35002,,order,2126,342,ebay_orders_2026-08-28.xlsx,11,0,0,2
cashmonkey:13-24359-60916:sale,cashmonkey,ebay,sale,2026-08-28,13-24359-60916,,order,2066,334,ebay_orders_2026-08-28.xlsx,13,0,0,2
cashmonkey:16-21318-66337:sale,cashmonkey,ebay,sale,2026-08-28,16-21318-66337,,order,1368,211,ebay_orders_2026-08-28.xlsx,15,0,0,1
cashmonkey:21-25822-68501:sale,cashmonkey,ebay,sale,2026-08-28,21-25822-68501,,order,1501,229,ebay_orders_2026-08-28.xlsx,16,0,0,1
cashmonkey:14-88006-31149:sale,cashmonkey,ebay,sale,2026-08-28,14-88006-31149,,order,3552,561,ebay_orders_2026-08-28.xlsx,17,0,0,3
cashmonkey:17-64232-16106:sale,cashmonkey,ebay,sale,2026-08-28,17-64232-16106,,order,4428,617,ebay_orders_2026-08-28.xlsx,20,0,0,1
cashmonkey:24-96610-90295:sale,cashmonkey,ebay,sale,2026-08-28,24-96610-90295,,order,7203,1044,ebay_orders_2026-08-28.xlsx,21,0,0,3
cashmonkey:20-69920-69235:sale,cashmonkey,ebay,sale,2026-08-28,20-69920-69235,,order,2278,332,ebay_orders_2026-08-28.xlsx,24,0,0,1
cashmonkey:20-49161-57095:sale,cashmonkey,ebay,sale,2026-08-28,20-49161-57095,,order,5626,775,ebay_orders_2026-08-28.xlsx,25,0,0,1
cashmonkey:27-17664-82627:sale,cashmonkey,ebay,sale,2026-08-28,27-17664-82627,,order,4678,650,ebay_orders_2026-08-28.xlsx,26,0,0,1
cashmonkey:15-61537-31933:sale,cashmonkey,ebay,sale,2026-08-28,15-61537-31933,,order,5552,766,ebay_orders_2026-08-28.xlsx,27,0,0,1
cashmonkey:27-92790-95534:sale,cashmonkey,ebay,sale,2026-08-29,27-92790-95534,,order,7644,1104,ebay_orders_2026-08-29.xlsx,1,0,0,3
cashmonkey:28-37509-11980:sale,cashmonkey,ebay,sale,2026-08-29,28-37509-11980,,order,13050,1818,ebay_orders_2026-08-29.xlsx,4,0,0,3
cashmonkey:10-28821-39352:sale,cashmonkey,ebay,sale,2026-08-29,10-28821-39352,,order,8242,1152,ebay_orders_2026-08-29.xlsx,7,0,0,2
cashmonkey:14-89454-61744:sale,cashmonkey,ebay,sale,2026-08-29,14-89454-61744,,order,3097,440,ebay_orders_2026-08-29.xlsx,9,0,0,1
cashmonkey:12-46932-26196:sale,cashmonkey,ebay,sale,2026-08-29,12-46932-26196,,order,4698,652,ebay_orders_2026-08-29.xlsx,10,0,0,1
cashmonkey:18-37054-68235:sale,cashmonkey,ebay,sale,2026-08-29,18-37054-68235,,order,1971,291,ebay_orders_2026-08-29.xlsx,11,0,0,1
cashmonkey:19-20218-33323:sale,cashmonkey,ebay,sale,2026-08-29,19-20218-33323,,order,3711,522,ebay_orders_2026-08-29.xlsx,12,0,0,1
cashmonkey:20-86039-93838:sale,cashmonkey,ebay,sale,2026-08-29,20-86039-93838,,order,2630,378,ebay_orders_2026-08-29.xlsx,13,0,0,1
cashmonkey:10-68078-70951:sale,cashmonkey,ebay,sale,2026-08-29,10-68078-70951,,order,5396,745,ebay_orders_2026-08-29.xlsx,14,0,0,1
cashmonkey:21-23004-41298:sale,cashmonkey,ebay,sale,2026-08-29,21-23004-41298,,order,3168,450,ebay_orders_2026-08-29.xlsx,15,0,0,1
cashmonkey:10-31459-81972:sale,cashmonkey,ebay,sale,2026-08-29,10-31459-81972,,order,2556,429,ebay_orders_2026-08-29.xlsx,16,0,0,3
cashmonkey:29-62252-38402:sale,cashmonkey,ebay,sale,2026-08-29,29-62252-38402,,order,4098,573,ebay_orders_2026-08-29.xlsx,19,0,0,1
cashmonkey:28-80421-62889:sale,cashmonkey,ebay,sale,2026-08-29,28-80421-62889,,order,9162,1305,ebay_orders_2026-08-29.xlsx,20,0,0,3
cashmonkey:27-10968-77906:sale,cashmonkey,ebay,sale,2026-08-29,27-10968-77906,,order,5560,796,ebay_orders_2026-08-29.xlsx,23,0,0,2
cashmonkey:10-48394-62212:sale,cashmonkey,ebay,sale,2026-08-29,10-48394-62212,,order,904,150,ebay_orders_2026-08-29.xlsx,25,0,0,1
cashmonkey:16-67985-48728:sale,cashmonkey,ebay,sale,2026-08-29,16-67985-48728,,order,2232,326,ebay_orders_2026-08-29.xlsx,26,0,0,1
cashmonkey:25-82867-80760:sale,cashmonkey,ebay,sale,2026-08-30,25-82867-80760,,order,3997,560,ebay_orders_2026-08-30.xlsx,1,0,0,1
cashmonkey:27-89960-12464:sale,cashmonkey,ebay,sale,2026-08-30,27-89960-12464,,order,3491,493,ebay_orders_2026-08-30.xlsx,2,0,0,1
cashmonkey:17-14668-90884:sale,cashmonkey,ebay,sale,2026-08-30,17-14668-90884,,order,3687,519,ebay_orders_2026-08-30.xlsx,3,0,0,1
cashmonkey:22-23464-46649:sale,cashmonkey,ebay,sale,2026-08-30,22-23464-46649,,order,3609,508,ebay_orders_2026-08-30.xlsx,4,0,0,1
cashmonkey:24-63974-40304:sale,cashmonkey,ebay,sale,2026-08-30,24-63974-40304,,order,8026,1124,ebay_orders_2026-08-30.xlsx,5,0,0,2
cashmonkey:10-49537-72190:sale,cashmonkey,ebay,sale,2026-08-30,10-49537-72190,,order,1177,186,ebay_orders_2026-08-30.xlsx,7,0,0,1
cashmonkey:10-50474-75584:sale,cashmonkey,ebay,sale,2026-08-30,10-50474-75584,,order,3531,498,ebay_orders_2026-08-30.xlsx,8,0,0,1
cashmonkey:12-49737-59826:sale,cashmonkey,ebay,sale,2026-08-30,12-49737-59826,,order,5045,698,ebay_orders_2026-08-30.xlsx,9,0,0,1
cashmonkey:12-97951-12618:sale,cashmonkey,ebay,sale,2026-08-30,12-97951-12618,,order,11662,1606,ebay_orders_2026-08-30.xlsx,10,0,0,2
cashmonkey:22-46885-20269:sale,cashmonkey,ebay,sale,2026-08-30,22-46885-20269,,order,9675,1371,ebay_orders_2026-08-30.xlsx,12,0,0,3
cashmonkey:27-21456-47603:sale,cashmonkey,ebay,sale,2026-08-30,27-21456-47603,,order,936,154,ebay_orders_2026-08-30.xlsx,15,0,0,1
cashmonkey:29-89810-61177:sale,cashmonkey,ebay,sale,2026-08-30,29-89810-61177,,order,3770,530,ebay_orders_2026-08-30.xlsx,16,0,0,1
cashmonkey:29-64805-91567:sale,cashmonkey,ebay,sale,2026-08-30,29-64805-91567,,order,2834,436,ebay_orders_2026-08-30.xlsx,17,0,0,2
cashmonkey:28-93326-30755:sale,cashmonkey,ebay,sale,2026-08-30,28-93326-30755,,order,3478,520,ebay_orders_2026-08-30.xlsx,19,0,0,2
cashmonkey:11-21724-71679:sale,cashmonkey,ebay,sale,2026-08-30,11-21724-71679,,order,2496,361,ebay_orders_2026-08-30.xlsx,21,0,0,1
cashmonkey:11-33653-47576:sale,cashmonkey,ebay,sale,2026-08-30,11-33653-47576,,order,1738,290,ebay_orders_2026-08-30.xlsx,22,0,0,2
cashmonkey:14-46194-39114:sale,cashmonkey,ebay,sale,2026-08-31,14-46194-39114,,order,5115,708,ebay_orders_2026-08-31.xlsx,1,0,0,1
cashmonkey:22-59418-25051:sale,cashmonkey,ebay,sale,2026-08-31,22-59418-25051,,order,2075,305,ebay_orders_2026-08-31.xlsx,2,0,0,1
cashmonkey:16-10699-17732:sale,cashmonkey,ebay,sale,2026-08-31,16-10699-17732,,order,1366,211,ebay_orders_2026-08-31.xlsx,3,0,0,1
cashmonkey:18-23831-24975:sale,cashmonkey,ebay,sale,2026-08-31,18-23831-24975,,order,2628,408,ebay_orders_2026-08-31.xlsx,4,0,0,2
cashmonkey:13-14593-42906:sale,cashmonkey,ebay,sale,2026-08-31,13-14593-42906,,order,2181,319,ebay_orders_2026-08-31.xlsx,6,0,0,1
cashmonkey:27-40859-11844:sale,cashmonkey,ebay,sale,2026-08-31,27-40859-11844,,order,3870,543,ebay_orders_2026-08-31.xlsx,7,0,0,1
cashmonkey:12-84314-73358:sale,cashmonkey,ebay,sale,2026-08-31,12-84314-73358,,order,11271,1584,ebay_orders_2026-08-31.xlsx,8,0,0,3
cashmonkey:14-13776-94937:sale,cashmonkey,ebay,sale,2026-08-31,14-13776-94937,,order,5937,817,ebay_orders_2026-08-31.xlsx,11,0,0,1
cashmonkey:19-44476-54745:sale,cashmonkey,ebay,sale,2026-08-31,19-44476-54745,,order,882,147,ebay_orders_2026-08-31.xlsx,12,0,0,1
cashmonkey:13-88527-14721:sale,cashmonkey,ebay,sale,2026-08-31,13-88527-14721,,order,4655,647,ebay_orders_2026-08-31.xlsx,13,0,0,1
cashmonkey:23-72344-39909:sale,cashmonkey,ebay,sale,2026-08-31,23-72344-39909,,order,3637,512,ebay_orders_2026-08-31.xlsx,14,0,0,1
cashmonkey:20-15935-37270:sale,cashmonkey,ebay,sale,2026-08-31,20-15935-37270,,order,5466,813,ebay_orders_2026-08-31.xlsx,15,0,0,3
cashmonkey:26-48273-15989:sale,cashmonkey,ebay,sale,2026-08-31,26-48273-15989,,order,2908,446,ebay_orders_2026-08-31.xlsx,18,0,0,2
cashmonkey:29-41217-37234:sale,cashmonkey,ebay,sale,2026-08-31,29-41217-37234,,order,3253,461,ebay_orders_2026-08-31.xlsx,20,0,0,1
cashmonkey:26-32460-68207:sale,cashmonkey,ebay,sale,2026-08-31,26-32460-68207,,order,13086,1824,ebay_orders_2026-08-31.xlsx,21,0,0,3
cashmonkey:25-92454-95316:sale,cashmonkey,ebay,sale,2026-08-31,25-92454-95316,,order,2192,320,ebay_orders_2026-08-31.xlsx,24,0,0,1
cashmonkey:GB-45902:sale,cashmonkey,other,sale,2026-08-01,GB-45902,,order,2289,343,orders2023-20260802-001500-96170.xlsx,1,0,0,1
cashmonkey:GB-81406:sale,cashmonkey,other,sale,2026-08-01,GB-81406,,order,950,142,orders2023-20260802-001500-96170.xlsx,2,0,0,1
cashmonkey:GB-69030:sale,cashmonkey,other,sale,2026-08-01,GB-69030,,order,5154,774,orders2023-20260802-001500-96170.xlsx,3,0,0,3
cashmonkey:GB-42640:sale,cashmonkey,other,sale,2026-08-01,GB-42640,,order,2101,315,orders2023-20260802-001500-96170.xlsx,6,0,0,1
cashmonkey:GB-13951:sale,cashmonkey,other,sale,2026-08-02,GB-13951,,order,2474,371,orders2023-20260803-001500-96170.xlsx,1,0,0,1
cashmonkey:GB-70377:sale,cashmonkey,other,sale,2026-08-02,GB-70377,,order,2409,360,orders2023-20260803-001500-96170.xlsx,2,0,0,3
cashmonkey:GB-70747:sale,cashmonkey,other,sale,2026-08-02,GB-70747,,order,1394,209,orders2023-20260803-001500-96170.xlsx,5,0,0,1
cashmonkey:GB-69371:sale,cashmonkey,other,sale,2026-08-02,GB-69371,,order,6546,981,orders2023-20260803-001500-96170.xlsx,6,0,0,3
cashmonkey:GB-16082:sale,cashmonkey,other,sale,2026-08-03,GB-16082,,order,1596,239,orders2023-20260804-001500-96170.xlsx,1,0,0,1
cashmonkey:GB-79816:sale,cashmonkey,other,sale,2026-08-03,GB-79816,,order,5583,837,orders2023-20260804-001500-96170.xlsx,2,0,0,3
cashmonkey:GB-48661:sale,cashmonkey,other,sale,2026-08-03,GB-48661,,order,2469,370,orders2023-20260804-001500-96170.xlsx,5,0,0,1
cashmonkey:GB-16025:sale,cashmonkey,other,sale,2026-08-03,GB-16025,,order,1807,271,orders2023-20260804-001500-96170.xlsx,6,0,0,1
cashmonkey:GB-16602:sale,cashmonkey,other,sale,2026-08-04,GB-16602,,order,1616,242,orders2023-20260805-001500-96170.xlsx,1,0,0,2
cashmonkey:GB-96993:sale,cashmonkey,other,sale,2026-08-04,GB-96993,,order,4380,657,orders2023-20260805-001500-96170.xlsx,3,0,0,3
cashmonkey:GB-26609:sale,cashmonkey,other,sale,2026-08-04,GB-26609,,order,2232,335,orders2023-20260805-001500-96170.xlsx,6,0,0,1
cashmonkey:GB-32116:sale,cashmonkey,other,sale,2026-08-04,GB-32116,,order,1635,245,orders2023-20260805-001500-96170.xlsx,7,0,0,1
cashmonkey:GB-35060:sale,cashmonkey,other,sale,2026-08-05,GB-35060,,order,2040,306,orders2023-20260806-001500-96170.xlsx,1,0,0,3
cashmonkey:GB-57716:sale,cashmonkey,other,sale,2026-08-05,GB-57716,,order,5001,750,orders2023-20260806-001500-96170.xlsx,4,0,0,3
cashmonkey:GB-33132:sale,cashmonkey,other,sale,2026-08-05,GB-33132,,order,1316,197,orders2023-20260806-001500-96170.xlsx,7,0,0,1
cashmonkey:GB-22098:sale,cashmonkey,other,sale,2026-08-05,GB-22098,,order,493,74,orders2023-20260806-001500-96170.xlsx,8,0,0,1
cashmonkey:GB-55298:sale,cashmonkey,other,sale,2026-08-06,GB-55298,,order,3614,542,orders2023-20260807-001500-96170.xlsx,1,0,0,2
cashmonkey:GB-89606:sale,cashmonkey,other,sale,2026-08-06,GB-89606,,order,6408,960,orders2023-20260807-001500-96170.xlsx,3,0,0,3
cashmonkey:GB-11614:sale,cashmonkey,other,sale,2026-08-06,GB-11614,,order,3070,460,orders2023-20260807-001500-96170.xlsx,6,0,0,2
cashmonkey:GB-30704:sale,cashmonkey,other,sale,2026-08-06,GB-30704,,order,2656,398,orders2023-20260807-001500-96170.xlsx,8,0,0,2
cashmonkey:GB-20809:sale,cashmonkey,other,sale,2026-08-07,GB-20809,,order,529,79,orders2023-20260808-001500-96170.xlsx,1,0,0,1
cashmonkey:GB-92266:sale,cashmonkey,other,sale,2026-08-07,GB-92266,,order,495,74,orders2023-20260808-001500-96170.xlsx,2,0,0,1
cashmonkey:GB-97999:sale,cashmonkey,other,sale,2026-08-07,GB-97999,,order,6552,984,orders2023-20260808-001500-96170.xlsx,3,0,0,3
cashmonkey:GB-21072:sale,cashmonkey,other,sale,2026-08-07,GB-21072,,order,1562,234,orders2023-20260808-001500-96170.xlsx,6,0,0,1
cashmonkey:GB-53211:sale,cashmonkey,other,sale,2026-08-08,GB-53211,,order,2342,352,orders2023-20260809-001500-96170.xlsx,1,0,0,2
cashmonkey:GB-22352:sale,cashmonkey,other,sale,2026-08-08,GB-22352,,order,1439,216,orders2023-20260809-001500-96170.xlsx,3,0,0,1
cashmonkey:GB-64581:sale,cashmonkey,other,sale,2026-08-08,GB-64581,,order,2127,319,orders2023-20260809-001500-96170.xlsx,4,0,0,1
cashmonkey:GB-37241:sale,cashmonkey,other,sale,2026-08-08,GB-37241,,order,2386,358,orders2023-20260809-001500-96170.xlsx,5,0,0,1
cashmonkey:GB-43844:sale,cashmonkey,other,sale,2026-08-09,GB-43844,,order,2338,350,orders2023-20260810-001500-96170.xlsx,1,0,0,2
cashmonkey:GB-30811:sale,cashmonkey,other,sale,2026-08-09,GB-30811,,order,3789,567,orders2023-20260810-001500-96170.xlsx,3,0,0,3
cashmonkey:GB-43895:sale,cashmonkey,other,sale,2026-08-09,GB-43895,,order,1830,276,orders2023-20260810-001500-96170.xlsx,6,0,0,3
cashmonkey:GB-52101:sale,cashmonkey,other,sale,2026-08-09,GB-52101,,order,1324,199,orders2023-20260810-001500-96170.xlsx,9,0,0,1
cashmonkey:GB-47321:sale,cashmonkey,other,sale,2026-08-10,GB-47321,,order,5325,798,orders2023-20260811-001500-96170.xlsx,1,0,0,3
cashmonkey:GB-47037:sale,cashmonkey,other,sale,2026-08-10,GB-47037,,order,1991,299,orders2023-20260811-001500-96170.xlsx,4,0,0,1
cashmonkey:GB-81502:sale,cashmonkey,other,sale,2026-08-10,GB-81502,,order,4678,702,orders2023-20260811-001500-96170.xlsx,5,0,0,2
cashmonkey:GB-38428:sale,cashmonkey,other,sale,2026-08-10,GB-38428,,order,1956,294,orders2023-20260811-001500-96170.xlsx,7,0,0,3
cashmonkey:GB-50911:sale,cashmonkey,other,sale,2026-08-11,GB-50911,,order,1612,242,orders2023-20260812-001500-96170.xlsx,1,0,0,2
cashmonkey:GB-92731:sale,cashmonkey,other,sale,2026-08-11,GB-92731,,order,4148,622,orders2023-20260812-001500-96170.xlsx,3,0,0,2
cashmonkey:GB-33722:sale,cashmonkey,other,sale,2026-08-11,GB-33722,,order,3698,554,orders2023-20260812-001500-96170.xlsx,5,0,0,2
cashmonkey:GB-55734:sale,cashmonkey,other,sale,2026-08-11,GB-55734,,order,1451,218,orders2023-20260812-001500-96170.xlsx,7,0,0,1
cashmonkey:GB-33317:sale,cashmonkey,other,sale,2026-08-12,GB-33317,,order,2425,364,orders2023-20260813-001500-96170.xlsx,1,0,0,1
cashmonkey:GB-34793:sale,cashmonkey,other,sale,2026-08-12,GB-34793,,order,1948,292,orders2023-20260813-001500-96170.xlsx,2,0,0,2
cashmonkey:GB-10432:sale,cashmonkey,other,sale,2026-08-12,GB-10432,,order,1158,174,orders2023-20260813-001500-96170.xlsx,4,0,0,1
cashmonkey:GB-38768:sale,cashmonkey,other,sale,2026-08-12,GB-38768,,order,1915,287,orders2023-20260813-001500-96170.xlsx,5,0,0,1
cashmonkey:GB-93457:sale,cashmonkey,other,sale,2026-08-13,GB-93457,,order,1638,246,orders2023-20260814-001500-96170.xlsx,1,0,0,1
cashmonkey:GB-46511:sale,cashmonkey,other,sale,2026-08-13,GB-46511,,order,4578,686,orders2023-20260814-001500-96170.xlsx,2,0,0,2
cashmonkey:GB-47414:sale,cashmonkey,other,sale,2026-08-13,GB-47414,,order,6426,963,orders2023-20260814-001500-96170.xlsx,4,0,0,3
cashmonkey:GB-25827:sale,cashmonkey,other,sale,2026-08-13,GB-25827,,order,1602,240,orders2023-20260814-001500-96170.xlsx,7,0,0,1
cashmonkey:GB-17655:sale,cashmonkey,other,sale,2026-08-14,GB-17655,,order,1521,228,orders2023-20260815-001500-96170.xlsx,1,0,0,1
cashmonkey:GB-19765:sale,cashmonkey,other,sale,2026-08-14,GB-19765,,order,2348,352,orders2023-20260815-001500-96170.xlsx,2,0,0,1
cashmonkey:GB-27319:sale,cashmonkey,other,sale,2026-08-14,GB-27319,,order,2455,368,orders2023-20260815-001500-96170.xlsx,3,0,0,1
cashmonkey:GB-88740:sale,cashmonkey,other,sale,2026-08-14,GB-88740,,order,867,130,orders2023-20260815-001500-96170.xlsx,4,0,0,1
cashmonkey:GB-77523:sale,cashmonkey,other,sale,2026-08-15,GB-77523,,order,586,88,orders2023-20260816-001500-96170.xlsx,1,0,0,1
cashmonkey:GB-10538:sale,cashmonkey,other,sale,2026-08-15,GB-10538,,order,3866,580,orders2023-20260816-001500-96170.xlsx,2,0,0,2
cashmonkey:GB-35976:sale,cashmonkey,other,sale,2026-08-15,GB-35976,,order,4986,748,orders2023-20260816-001500-96170.xlsx,4,0,0,2
cashmonkey:GB-95073:sale,cashmonkey,other,sale,2026-08-15,GB-95073,,order,1729,259,orders2023-20260816-001500-96170.xlsx,6,0,0,1
cashmonkey:GB-96851:sale,cashmonkey,other,sale,2026-08-16,GB-96851,,order,7257,1089,orders2023-20260817-001500-96170.xlsx,1,0,0,3
cashmonkey:GB-46129:sale,cashmonkey,other,sale,2026-08-16,GB-46129,,order,1568,235,orders2023-20260817-001500-96170.xlsx,4,0,0,1
cashmonkey:GB-76567:sale,cashmonkey,other,sale,2026-08-16,GB-76567,,order,6276,942,orders2023-20260817-001500-96170.xlsx,5,0,0,3
cashmonkey:GB-74001:sale,cashmonkey,other,sale,2026-08-16,GB-74001,,order,4290,644,orders2023-20260817-001500-96170.xlsx,8,0,0,2
cashmonkey:GB-82671:sale,cashmonkey,other,sale,2026-08-17,GB-82671,,order,2676,402,orders2023-20260818-001500-96170.xlsx,1,0,0,2
cashmonkey:GB-84162:sale,cashmonkey,other,sale,2026-08-17,GB-84162,,order,4467,669,orders2023-20260818-001500-96170.xlsx,3,0,0,3
cashmonkey:GB-26732:sale,cashmonkey,other,sale,2026-08-17,GB-26732,,order,2644,396,orders2023-20260818-001500-96170.xlsx,6,0,0,2
cashmonkey:GB-87870:sale,cashmonkey,other,sale,2026-08-17,GB-87870,,order,1143,171,orders2023-20260818-001500-96170.xlsx,8,0,0,1
cashmonkey:GB-12232:sale,cashmonkey,other,sale,2026-08-18,GB-12232,,order,2106,316,orders2023-20260819-001500-96170.xlsx,1,0,0,1
cashmonkey:GB-55920:sale,cashmonkey,other,sale,2026-08-18,GB-55920,,order,658,99,orders2023-20260819-001500-96170.xlsx,2,0,0,1
cashmonkey:GB-47166:sale,cashmonkey,other,sale,2026-08-18,GB-47166,,order,2202,330,orders2023-20260819-001500-96170.xlsx,3,0,0,1
cashmonkey:GB-43108:sale,cashmonkey,other,sale,2026-08-18,GB-43108,,order,1305,196,orders2023-20260819-001500-96170.xlsx,4,0,0,1
cashmonkey:GB-48300:sale,cashmonkey,other,sale,2026-08-19,GB-48300,,order,4005,600,orders2023-20260820-001500-96170.xlsx,1,0,0,3
cashmonkey:GB-94618:sale,cashmonkey,other,sale,2026-08-19,GB-94618,,order,2148,322,orders2023-20260820-001500-96170.xlsx,4,0,0,2
cashmonkey:GB-45892:sale,cashmonkey,other,sale,2026-08-19,GB-45892,,order,1153,173,orders2023-20260820-001500-96170.xlsx,6,0,0,1
cashmonkey:GB-84653:sale,cashmonkey,other,sale,2026-08-19,GB-84653,,order,1604,240,orders2023-20260820-001500-96170.xlsx,7,0,0,2
cashmonkey:GB-80974:sale,cashmonkey,other,sale,2026-08-20,GB-80974,,order,4602,690,orders2023-20260821-001500-96170.xlsx,1,0,0,3
cashmonkey:GB-86048:sale,cashmonkey,other,sale,2026-08-20,GB-86048,,order,1747,262,orders2023-20260821-001500-96170.xlsx,4,0,0,1
cashmonkey:GB-89041:sale,cashmonkey,other,sale,2026-08-20,GB-89041,,order,689,103,orders2023-20260821-001500-96170.xlsx,5,0,0,1
cashmonkey:GB-45239:sale,cashmonkey,other,sale,2026-08-20,GB-45239,,order,1691,254,orders2023-20260821-001500-96170.xlsx,6,0,0,1
cashmonkey:GB-79594:sale,cashmonkey,other,sale,2026-08-21,GB-79594,,order,1947,292,orders2023-20260822-001500-96170.xlsx,1,0,0,1
cashmonkey:GB-25120:sale,cashmonkey,other,sale,2026-08-21,GB-25120,,order,4893,735,orders2023-20260822-001500-96170.xlsx,2,0,0,3
cashmonkey:GB-36816:sale,cashmonkey,other,sale,2026-08-21,GB-36816,,order,416,62,orders2023-20260822-001500-96170.xlsx,5,0,0,1
cashmonkey:GB-47598:sale,cashmonkey,other,sale,2026-08-21,GB-47598,,order,1974,296,orders2023-20260822-001500-96170.xlsx,6,0,0,1
cashmonkey:GB-17932:sale,cashmonkey,other,sale,2026-08-22,GB-17932,,order,6024,903,orders2023-20260823-001500-96170.xlsx,1,0,0,3
cashmonkey:GB-16260:sale,cashmonkey,other,sale,2026-08-22,GB-16260,,order,5610,840,orders2023-20260823-001500-96170.xlsx,4,0,0,3
cashmonkey:GB-76994:sale,cashmonkey,other,sale,2026-08-22,GB-76994,,order,494,74,orders2023-20260823-001500-96170.xlsx,7,0,0,1
cashmonkey:GB-92925:sale,cashmonkey,other,sale,2026-08-22,GB-92925,,order,729,109,orders2023-20260823-001500-96170.xlsx,8,0,0,1
cashmonkey:GB-37153:sale,cashmonkey,other,sale,2026-08-23,GB-37153,,order,809,121,orders2023-20260824-001500-96170.xlsx,1,0,0,1
cashmonkey:GB-81880:sale,cashmonkey,other,sale,2026-08-23,GB-81880,,order,812,122,orders2023-20260824-001500-96170.xlsx,2,0,0,1
cashmonkey:GB-96801:sale,cashmonkey,other,sale,2026-08-23,GB-96801,,order,1562,234,orders2023-20260824-001500-96170.xlsx,3,0,0,1
cashmonkey:GB-11124:sale,cashmonkey,other,sale,2026-08-23,GB-11124,,order,1728,259,orders2023-20260824-001500-96170.xlsx,4,0,0,1
cashmonkey:GB-77287:sale,cashmonkey,other,sale,2026-08-24,GB-77287,,order,2034,306,orders2023-20260825-001500-96170.xlsx,1,0,0,3
cashmonkey:GB-54558:sale,cashmonkey,other,sale,2026-08-24,GB-54558,,order,1396,209,orders2023-20260825-001500-96170.xlsx,4,0,0,1
cashmonkey:GB-60753:sale,cashmonkey,other,sale,2026-08-24,GB-60753,,order,1500,225,orders2023-20260825-001500-96170.xlsx,5,0,0,1
cashmonkey:GB-32226:sale,cashmonkey,other,sale,2026-08-24,GB-32226,,order,2171,326,orders2023-20260825-001500-96170.xlsx,6,0,0,1
cashmonkey:GB-83560:sale,cashmonkey,other,sale,2026-08-25,GB-83560,,order,1630,244,orders2023-20260826-001500-96170.xlsx,1,0,0,2
cashmonkey:GB-18533:sale,cashmonkey,other,sale,2026-08-25,GB-18533,,order,1327,199,orders2023-20260826-001500-96170.xlsx,3,0,0,1
cashmonkey:GB-40166:sale,cashmonkey,other,sale,2026-08-25,GB-40166,,order,2247,337,orders2023-20260826-001500-96170.xlsx,4,0,0,1
cashmonkey:GB-90600:sale,cashmonkey,other,sale,2026-08-25,GB-90600,,order,2373,356,orders2023-20260826-001500-96170.xlsx,5,0,0,1
cashmonkey:GB-30555:sale,cashmonkey,other,sale,2026-08-26,GB-30555,,order,669,100,orders2023-20260827-001500-96170.xlsx,1,0,0,1
cashmonkey:GB-62876:sale,cashmonkey,other,sale,2026-08-26,GB-62876,,order,3636,546,orders2023-20260827-001500-96170.xlsx,2,0,0,3
cashmonkey:GB-63109:sale,cashmonkey,other,sale,2026-08-26,GB-63109,,order,1006,150,orders2023-20260827-001500-96170.xlsx,5,0,0,2
cashmonkey:GB-55529:sale,cashmonkey,other,sale,2026-08-26,GB-55529,,order,742,111,orders2023-20260827-001500-96170.xlsx,7,0,0,1
cashmonkey:GB-64990:sale,cashmonkey,other,sale,2026-08-27,GB-64990,,order,1780,267,orders2023-20260828-001500-96170.xlsx,1,0,0,1
cashmonkey:GB-53576:sale,cashmonkey,other,sale,2026-08-27,GB-53576,,order,1498,225,orders2023-20260828-001500-96170.xlsx,2,0,0,1
cashmonkey:GB-65915:sale,cashmonkey,other,sale,2026-08-27,GB-65915,,order,1653,249,orders2023-20260828-001500-96170.xlsx,3,0,0,3
cashmonkey:GB-20329:sale,cashmonkey,other,sale,2026-08-27,GB-20329,,order,2214,332,orders2023-20260828-001500-96170.xlsx,6,0,0,1
cashmonkey:GB-54644:sale,cashmonkey,other,sale,2026-08-28,GB-54644,,order,3822,573,orders2023-20260829-001500-96170.xlsx,1,0,0,3
cashmonkey:GB-81036:sale,cashmonkey,other,sale,2026-08-28,GB-81036,,order,4334,650,orders2023-20260829-001500-96170.xlsx,4,0,0,2
cashmonkey:GB-85906:sale,cashmonkey,other,sale,2026-08-28,GB-85906,,order,1124,168,orders2023-20260829-001500-96170.xlsx,6,0,0,2
cashmonkey:GB-91038:sale,cashmonkey,other,sale,2026-08-28,GB-91038,,order,5280,792,orders2023-20260829-001500-96170.xlsx,8,0,0,3
cashmonkey:GB-96430:sale,cashmonkey,other,sale,2026-08-29,GB-96430,,order,1331,200,orders2023-20260830-001500-96170.xlsx,1,0,0,1
cashmonkey:GB-32121:sale,cashmonkey,other,sale,2026-08-29,GB-32121,,order,2097,315,orders2023-20260830-001500-96170.xlsx,2,0,0,1
cashmonkey:GB-51047:sale,cashmonkey,other,sale,2026-08-29,GB-51047,,order,405,61,orders2023-20260830-001500-96170.xlsx,3,0,0,1
cashmonkey:GB-67690:sale,cashmonkey,other,sale,2026-08-29,GB-67690,,order,1670,250,orders2023-20260830-001500-96170.xlsx,4,0,0,1
cashmonkey:GB-35317:sale,cashmonkey,other,sale,2026-08-30,GB-35317,,order,2390,358,orders2023-20260831-001500-96170.xlsx,1,0,0,1
cashmonkey:GB-44528:sale,cashmonkey,other,sale,2026-08-30,GB-44528,,order,2033,305,orders2023-20260831-001500-96170.xlsx,2,0,0,1
cashmonkey:GB-40929:sale,cashmonkey,other,sale,2026-08-30,GB-40929,,order,1538,230,orders2023-20260831-001500-96170.xlsx,3,0,0,2
cashmonkey:GB-97918:sale,cashmonkey,other,sale,2026-08-30,GB-97918,,order,1336,200,orders2023-20260831-001500-96170.xlsx,5,0,0,2
cashmonkey:GB-37486:sale,cashmonkey,other,sale,2026-08-31,GB-37486,,order,3128,470,orders2023-20260901-001500-96170.xlsx,1,0,0,2
cashmonkey:GB-10038:sale,cashmonkey,other,sale,2026-08-31,GB-10038,,order,2422,364,orders2023-20260901-001500-96170.xlsx,3,0,0,2
cashmonkey:GB-95271:sale,cashmonkey,other,sale,2026-08-31,GB-95271,,order,1587,237,orders2023-20260901-001500-96170.xlsx,5,0,0,3
cashmonkey:GB-89193:sale,cashmonkey,other,sale,2026-08-31,GB-89193,,order,4710,706,orders2023-20260901-001500-96170.xlsx,8,0,0,2
upright:65912001:sale,upright,shopgoodwill,sale,2026-08-01,65912001,luckypicker210,order,2122,0,paid_orders_08-01-2026_08-01-2026.xlsx,1,1499,200,1
upright:65912005:sale,upright,shopgoodwill,sale,2026-08-01,65912005,bluethrift327,order,8228,0,paid_orders_08-01-2026_08-01-2026.xlsx,2,1099,200,1
upright:65912011:sale,upright,shopgoodwill,sale,2026-08-01,65912011,bluethrift10,order,9052,0,paid_orders_08-01-2026_08-01-2026.xlsx,3,1099,200,1
upright:65912020:sale,upright,shopgoodwill,sale,2026-08-01,65912020,happywolf445,order,4817,0,paid_orders_08-01-2026_08-01-2026.xlsx,4,1129,200,3
upright:65912002:sale,upright,shopgoodwill,sale,2026-08-01,65912002,retrobear813,order,14755,0,paid_orders_08-01-2026_08-01-2026.xlsx,5,1499,200,2
upright:65912006:sale,upright,shopgoodwill,sale,2026-08-01,65912006,luckycat793,order,8555,0,paid_orders_08-01-2026_08-01-2026.xlsx,6,1129,200,1
upright:65912012:sale,upright,shopgoodwill,sale,2026-08-01,65912012,rustywolf900,order,14308,0,paid_orders_08-01-2026_08-01-2026.xlsx,7,1129,200,3
upright:65912018:sale,upright,shopgoodwill,sale,2026-08-01,65912018,calmpicker574,order,10003,0,paid_orders_08-01-2026_08-01-2026.xlsx,8,1129,200,1
upright:65912009:sale,upright,shopgoodwill,sale,2026-08-01,65912009,brightbear501,order,3506,0,paid_orders_08-01-2026_08-01-2026.xlsx,9,999,200,3
upright:65912008:sale,upright,shopgoodwill,sale,2026-08-01,65912008,rustycat441,order,9183,0,paid_orders_08-01-2026_08-01-2026.xlsx,10,1499,200,3
upright:65912024:sale,upright,shopgoodwill,sale,2026-08-01,65912024,calmowl73,order,4605,0,paid_orders_08-01-2026_08-01-2026.xlsx,11,1129,200,1
upright:65912013:sale,upright,shopgoodwill,sale,2026-08-01,65912013,swiftfox500,order,7227,0,paid_orders_08-01-2026_08-01-2026.xlsx,12,1499,200,1
upright:65912017:sale,upright,shopgoodwill,sale,2026-08-01,65912017,retrothrift956,order,11681,0,paid_orders_08-01-2026_08-01-2026.xlsx,13,1099,200,1
upright:65912007:sale,upright,shopgoodwill,sale,2026-08-01,65912007,quietthrift386,order,3841,0,paid_orders_08-01-2026_08-01-2026.xlsx,14,1099,200,1
upright:65912014:sale,upright,shopgoodwill,sale,2026-08-01,65912014,retrocat189,order,8411,0,paid_orders_08-01-2026_08-01-2026.xlsx,15,1499,200,1
upright:65912019:sale,upright,shopgoodwill,sale,2026-08-01,65912019,sunnybear459,order,2878,0,paid_orders_08-01-2026_08-01-2026.xlsx,16,1099,200,1
upright:65912022:sale,upright,shopgoodwill,sale,2026-08-01,65912022,bluepicker271,order,5755,0,paid_orders_08-01-2026_08-01-2026.xlsx,17,1129,200,3
upright:65912023:sale,upright,shopgoodwill,sale,2026-08-01,65912023,luckyfox376,order,5524,0,paid_orders_08-01-2026_08-01-2026.xlsx,18,1099,200,2
upright:65912010:sale,upright,shopgoodwill,sale,2026-08-01,65912010,quiethound664,order,7613,0,paid_orders_08-01-2026_08-01-2026.xlsx,19,1129,200,1
upright:65912004:sale,upright,shopgoodwill,sale,2026-08-01,65912004,brightthrift51,order,7370,0,paid_orders_08-01-2026_08-01-2026.xlsx,20,1099,200,1
upright:65912015:sale,upright,shopgoodwill,sale,2026-08-01,65912015,swiftpicker278,order,4233,0,paid_orders_08-01-2026_08-01-2026.xlsx,21,1129,200,1
upright:65912003:sale,upright,shopgoodwill,sale,2026-08-01,65912003,luckybear78,order,12664,0,paid_orders_08-01-2026_08-01-2026.xlsx,22,1129,200,1
upright:65912016:sale,upright,shopgoodwill,sale,2026-08-01,65912016,brightthrift617,order,8374,0,paid_orders_08-01-2026_08-01-2026.xlsx,23,1499,200,1
upright:65912021:sale,upright,shopgoodwill,sale,2026-08-01,65912021,quietwolf896,order,9930,0,paid_orders_08-01-2026_08-01-2026.xlsx,24,1099,200,1
upright:65913001:sale,upright,shopgoodwill,sale,2026-08-02,65913001,calmdeals271,order,13504,0,paid_orders_08-02-2026_08-02-2026.xlsx,1,999,200,3
upright:65913024:sale,upright,shopgoodwill,sale,2026-08-02,65913024,brightcat770,order,2500,0,paid_orders_08-02-2026_08-02-2026.xlsx,2,1129,200,3
upright:65913012:sale,upright,shopgoodwill,sale,2026-08-02,65913012,bluewolf147,order,13277,0,paid_orders_08-02-2026_08-02-2026.xlsx,3,1129,200,1
upright:65913002:sale,upright,shopgoodwill,sale,2026-08-02,65913002,brightthrift55,order,4036,0,paid_orders_08-02-2026_08-02-2026.xlsx,4,1099,200,2
upright:65913016:sale,upright,shopgoodwill,sale,2026-08-02,65913016,swiftfinds254,order,13058,0,paid_orders_08-02-2026_08-02-2026.xlsx,5,1499,200,1
upright:65913003:sale,upright,shopgoodwill,sale,2026-08-02,65913003,quietpicker59,order,10881,0,paid_orders_08-02-2026_08-02-2026.xlsx,6,1099,200,2
upright:65913019:sale,upright,shopgoodwill,sale,2026-08-02,65913019,happycat330,order,6205,0,paid_orders_08-02-2026_08-02-2026.xlsx,7,999,200,1
upright:65913008:sale,upright,shopgoodwill,sale,2026-08-02,65913008,happyfinds361,order,7306,0,paid_orders_08-02-2026_08-02-2026.xlsx,8,1129,200,3
upright:65913015:sale,upright,shopgoodwill,sale,2026-08-02,65913015,rustydeals779,order,5799,0,paid_orders_08-02-2026_08-02-2026.xlsx,9,1099,200,1
upright:65913011:sale,upright,shopgoodwill,sale,2026-08-02,65913011,happybear455,order,3695,0,paid_orders_08-02-2026_08-02-2026.xlsx,10,1129,200,1
upright:65913018:sale,upright,shopgoodwill,sale,2026-08-02,65913018,happydeals608,order,5091,0,paid_orders_08-02-2026_08-02-2026.xlsx,11,1499,200,1
upright:65913005:sale,upright,shopgoodwill,sale,2026-08-02,65913005,calmfox710,order,9532,0,paid_orders_08-02-2026_08-02-2026.xlsx,12,1099,200,1
upright:65913017:sale,upright,shopgoodwill,sale,2026-08-02,65913017,luckybear165,order,5763,0,paid_orders_08-02-2026_08-02-2026.xlsx,13,1499,200,1
upright:65913009:sale,upright,shopgoodwill,sale,2026-08-02,65913009,sunnybear533,order,4397,0,paid_orders_08-02-2026_08-02-2026.xlsx,14,1129,200,3
upright:65913010:sale,upright,shopgoodwill,sale,2026-08-02,65913010,quietwolf50,order,5940,0,paid_orders_08-02-2026_08-02-2026.xlsx,15,1099,200,1
upright:65913006:sale,upright,shopgoodwill,sale,2026-08-02,65913006,quietfox360,order,12216,0,paid_orders_08-02-2026_08-02-2026.xlsx,16,1129,200,1
upright:65913022:sale,upright,shopgoodwill,sale,2026-08-02,65913022,bluefox722,order,14374,0,paid_orders_08-02-2026_08-02-2026.xlsx,17,999,200,1
upright:65913007:sale,upright,shopgoodwill,sale,2026-08-02,65913007,calmpicker452,order,10537,0,paid_orders_08-02-2026_08-02-2026.xlsx,18,1499,200,2
upright:65913004:sale,upright,shopgoodwill,sale,2026-08-02,65913004,luckycat480,order,2847,0,paid_orders_08-02-2026_08-02-2026.xlsx,19,1099,200,3
upright:65913014:sale,upright,shopgoodwill,sale,2026-08-02,65913014,swiftwolf183,order,10514,0,paid_orders_08-02-2026_08-02-2026.xlsx,20,1099,200,1
upright:65913021:sale,upright,shopgoodwill,sale,2026-08-02,65913021,luckythrift890,order,11897,0,paid_orders_08-02-2026_08-02-2026.xlsx,21,1099,200,1
upright:65913013:sale,upright,shopgoodwill,sale,2026-08-02,65913013,retrodeals350,order,13807,0,paid_orders_08-02-2026_08-02-2026.xlsx,22,1129,200,1
upright:65913020:sale,upright,shopgoodwill,sale,2026-08-02,65913020,brightthrift224,order,2898,0,paid_orders_08-02-2026_08-02-2026.xlsx,23,1499,200,1
upright:65913023:sale,upright,shopgoodwill,sale,2026-08-02,65913023,quietpicker508,order,12442,0,paid_orders_08-02-2026_08-02-2026.xlsx,24,999,200,2
upright:65914001:sale,upright,shopgoodwill,sale,2026-08-03,65914001,sunnyfinds736,order,12890,0,paid_orders_08-03-2026_08-03-2026.xlsx,1,1129,200,2
upright:65914021:sale,upright,shopgoodwill,sale,2026-08-03,65914021,swiftowl544,order,4101,0,paid_orders_08-03-2026_08-03-2026.xlsx,2,1099,200,3
upright:65914002:sale,upright,shopgoodwill,sale,2026-08-03,65914002,calmfinds607,order,10148,0,paid_orders_08-03-2026_08-03-2026.xlsx,3,999,200,1
upright:65914015:sale,upright,shopgoodwill,sale,2026-08-03,65914015,calmfox273,order,8465,0,paid_orders_08-03-2026_08-03-2026.xlsx,4,1099,200,3
upright:65914018:sale,upright,shopgoodwill,sale,2026-08-03,65914018,luckywolf507,order,1561,0,paid_orders_08-03-2026_08-03-2026.xlsx,5,1129,200,2
upright:65914023:sale,upright,shopgoodwill,sale,2026-08-03,65914023,swiftowl76,order,532,0,paid_orders_08-03-2026_08-03-2026.xlsx,6,1099,200,2
upright:65914011:sale,upright,shopgoodwill,sale,2026-08-03,65914011,quiethound256,order,8151,0,paid_orders_08-03-2026_08-03-2026.xlsx,7,1129,200,1
upright:65914024:sale,upright,shopgoodwill,sale,2026-08-03,65914024,bluefinds514,order,4426,0,paid_orders_08-03-2026_08-03-2026.xlsx,8,999,200,1
upright:65914022:sale,upright,shopgoodwill,sale,2026-08-03,65914022,calmthrift972,order,4227,0,paid_orders_08-03-2026_08-03-2026.xlsx,9,1499,200,1
upright:65914004:sale,upright,shopgoodwill,sale,2026-08-03,65914004,brightdeals177,order,6975,0,paid_orders_08-03-2026_08-03-2026.xlsx,10,1099,200,3
upright:65914019:sale,upright,shopgoodwill,sale,2026-08-03,65914019,brightfinds993,order,5667,0,paid_orders_08-03-2026_08-03-2026.xlsx,11,1129,200,2
upright:65914007:sale,upright,shopgoodwill,sale,2026-08-03,65914007,happyhound82,order,7320,0,paid_orders_08-03-2026_08-03-2026.xlsx,12,1099,200,1
upright:65914003:sale,upright,shopgoodwill,sale,2026-08-03,65914003,luckyowl788,order,9218,0,paid_orders_08-03-2026_08-03-2026.xlsx,13,1499,200,1
upright:65914017:sale,upright,shopgoodwill,sale,2026-08-03,65914017,calmpicker758,order,4208,0,paid_orders_08-03-2026_08-03-2026.xlsx,14,1499,200,1
upright:65914020:sale,upright,shopgoodwill,sale,2026-08-03,65914020,sunnywolf671,order,2016,0,paid_orders_08-03-2026_08-03-2026.xlsx,15,1099,200,1
upright:65914005:sale,upright,shopgoodwill,sale,2026-08-03,65914005,swiftpicker896,order,3750,0,paid_orders_08-03-2026_08-03-2026.xlsx,16,1129,200,1
upright:65914010:sale,upright,shopgoodwill,sale,2026-08-03,65914010,swiftdeals379,order,9153,0,paid_orders_08-03-2026_08-03-2026.xlsx,17,1129,200,3
upright:65914013:sale,upright,shopgoodwill,sale,2026-08-03,65914013,happyfinds97,order,11126,0,paid_orders_08-03-2026_08-03-2026.xlsx,18,1129,200,2
upright:65914006:sale,upright,shopgoodwill,sale,2026-08-03,65914006,calmthrift446,order,7139,0,paid_orders_08-03-2026_08-03-2026.xlsx,19,1499,200,1
upright:65914016:sale,upright,shopgoodwill,sale,2026-08-03,65914016,calmfox266,order,2911,0,paid_orders_08-03-2026_08-03-2026.xlsx,20,1099,200,2
upright:65914008:sale,upright,shopgoodwill,sale,2026-08-03,65914008,swiftfinds497,order,4639,0,paid_orders_08-03-2026_08-03-2026.xlsx,21,1499,200,1
upright:65914014:sale,upright,shopgoodwill,sale,2026-08-03,65914014,bluedeals193,order,8376,0,paid_orders_08-03-2026_08-03-2026.xlsx,22,1099,200,3
upright:65914009:sale,upright,shopgoodwill,sale,2026-08-03,65914009,luckycat117,order,1667,0,paid_orders_08-03-2026_08-03-2026.xlsx,23,1099,200,2
upright:65914012:sale,upright,shopgoodwill,sale,2026-08-03,65914012,brightowl865,order,14181,0,paid_orders_08-03-2026_08-03-2026.xlsx,24,1499,200,1
upright:65915022:sale,upright,shopgoodwill,sale,2026-08-04,65915022,calmthrift343,order,2624,0,paid_orders_08-04-2026_08-04-2026.xlsx,1,1499,200,3
upright:65915001:sale,upright,shopgoodwill,sale,2026-08-04,65915001,quietfox106,order,5978,0,paid_orders_08-04-2026_08-04-2026.xlsx,2,1099,200,1
upright:65915003:sale,upright,shopgoodwill,sale,2026-08-04,65915003,calmfox499,order,7058,0,paid_orders_08-04-2026_08-04-2026.xlsx,3,1099,200,2
upright:65915008:sale,upright,shopgoodwill,sale,2026-08-04,65915008,sunnyhound291,order,3296,0,paid_orders_08-04-2026_08-04-2026.xlsx,4,1129,200,3
upright:65915002:sale,upright,shopgoodwill,sale,2026-08-04,65915002,bluehound953,order,13135,0,paid_orders_08-04-2026_08-04-2026.xlsx,5,1099,200,2
upright:65915006:sale,upright,shopgoodwill,sale,2026-08-04,65915006,swiftpicker748,order,10286,0,paid_orders_08-04-2026_08-04-2026.xlsx,6,999,200,1
upright:65915021:sale,upright,shopgoodwill,sale,2026-08-04,65915021,rustybear771,order,3065,0,paid_orders_08-04-2026_08-04-2026.xlsx,7,1499,200,1
upright:65915005:sale,upright,shopgoodwill,sale,2026-08-04,65915005,happycat448,order,1476,0,paid_orders_08-04-2026_08-04-2026.xlsx,8,999,200,1
upright:65915009:sale,upright,shopgoodwill,sale,2026-08-04,65915009,bluebear954,order,2177,0,paid_orders_08-04-2026_08-04-2026.xlsx,9,1129,200,2
upright:65915014:sale,upright,shopgoodwill,sale,2026-08-04,65915014,sunnybear292,order,1632,0,paid_orders_08-04-2026_08-04-2026.xlsx,10,1129,200,1
upright:65915007:sale,upright,shopgoodwill,sale,2026-08-04,65915007,brighthound742,order,2056,0,paid_orders_08-04-2026_08-04-2026.xlsx,11,1499,200,1
upright:65915017:sale,upright,shopgoodwill,sale,2026-08-04,65915017,quietwolf300,order,14587,0,paid_orders_08-04-2026_08-04-2026.xlsx,12,1099,200,2
upright:65915012:sale,upright,shopgoodwill,sale,2026-08-04,65915012,sunnypicker217,order,14154,0,paid_orders_08-04-2026_08-04-2026.xlsx,13,1129,200,1
upright:65915019:sale,upright,shopgoodwill,sale,2026-08-04,65915019,luckybear846,order,4567,0,paid_orders_08-04-2026_08-04-2026.xlsx,14,1499,200,1
upright:65915016:sale,upright,shopgoodwill,sale,2026-08-04,65915016,bluedeals912,order,10541,0,paid_orders_08-04-2026_08-04-2026.xlsx,15,1099,200,1
upright:65915018:sale,upright,shopgoodwill,sale,2026-08-04,65915018,retrohound870,order,1766,0,paid_orders_08-04-2026_08-04-2026.xlsx,16,1099,200,1
upright:65915010:sale,upright,shopgoodwill,sale,2026-08-04,65915010,calmowl612,order,14262,0,paid_orders_08-04-2026_08-04-2026.xlsx,17,1129,200,3
upright:65915013:sale,upright,shopgoodwill,sale,2026-08-04,65915013,quietcat499,order,11503,0,paid_orders_08-04-2026_08-04-2026.xlsx,18,1129,200,2
upright:65915015:sale,upright,shopgoodwill,sale,2026-08-04,65915015,sunnyfox161,order,658,0,paid_orders_08-04-2026_08-04-2026.xlsx,19,1499,200,1
upright:65915004:sale,upright,shopgoodwill,sale,2026-08-04,65915004,rustybear329,order,7994,0,paid_orders_08-04-2026_08-04-2026.xlsx,20,999,200,3
upright:65915011:sale,upright,shopgoodwill,sale,2026-08-04,65915011,retropicker483,order,5908,0,paid_orders_08-04-2026_08-04-2026.xlsx,21,1499,200,1
upright:65915024:sale,upright,shopgoodwill,sale,2026-08-04,65915024,calmcat610,order,10681,0,paid_orders_08-04-2026_08-04-2026.xlsx,22,1099,200,2
upright:65915023:sale,upright,shopgoodwill,sale,2026-08-04,65915023,quietdeals715,order,1721,0,paid_orders_08-04-2026_08-04-2026.xlsx,23,1099,200,2
upright:65915020:sale,upright,shopgoodwill,sale,2026-08-04,65915020,blueowl120,order,4088,0,paid_orders_08-04-2026_08-04-2026.xlsx,24,1099,200,2
upright:65916001:sale,upright,shopgoodwill,sale,2026-08-05,65916001,rustybear727,order,7886,0,paid_orders_08-05-2026_08-05-2026.xlsx,1,999,200,1
upright:65916013:sale,upright,shopgoodwill,sale,2026-08-05,65916013,rustypicker372,order,4513,0,paid_orders_08-05-2026_08-05-2026.xlsx,2,1499,200,1
upright:65916002:sale,upright,shopgoodwill,sale,2026-08-05,65916002,happyowl598,order,7039,0,paid_orders_08-05-2026_08-05-2026.xlsx,3,999,200,2
upright:65916020:sale,upright,shopgoodwill,sale,2026-08-05,65916020,calmdeals607,order,7972,0,paid_orders_08-05-2026_08-05-2026.xlsx,4,999,200,1
upright:65916019:sale,upright,shopgoodwill,sale,2026-08-05,65916019,bluedeals842,order,8728,0,paid_orders_08-05-2026_08-05-2026.xlsx,5,1499,200,1
upright:65916023:sale,upright,shopgoodwill,sale,2026-08-05,65916023,calmpicker621,order,4332,0,paid_orders_08-05-2026_08-05-2026.xlsx,6,1099,200,1
upright:65916009:sale,upright,shopgoodwill,sale,2026-08-05,65916009,retrothrift393,order,11636,0,paid_orders_08-05-2026_08-05-2026.xlsx,7,1099,200,1
upright:65916012:sale,upright,shopgoodwill,sale,2026-08-05,65916012,calmowl492,order,8169,0,paid_orders_08-05-2026_08-05-2026.xlsx,8,1099,200,1
upright:65916008:sale,upright,shopgoodwill,sale,2026-08-05,65916008,luckypicker24,order,14348,0,paid_orders_08-05-2026_08-05-2026.xlsx,9,1499,200,1
upright:65916024:sale,upright,shopgoodwill,sale,2026-08-05,65916024,calmcat38,order,9478,0,paid_orders_08-05-2026_08-05-2026.xlsx,10,1499,200,1
upright:65916022:sale,upright,shopgoodwill,sale,2026-08-05,65916022,luckyhound432,order,9935,0,paid_orders_08-05-2026_08-05-2026.xlsx,11,1099,200,3
upright:65916006:sale,upright,shopgoodwill,sale,2026-08-05,65916006,happybear239,order,10632,0,paid_orders_08-05-2026_08-05-2026.xlsx,12,1129,200,1
upright:65916005:sale,upright,shopgoodwill,sale,2026-08-05,65916005,luckyfox10,order,3366,0,paid_orders_08-05-2026_08-05-2026.xlsx,13,999,200,3
upright:65916015:sale,upright,shopgoodwill,sale,2026-08-05,65916015,rustywolf386,order,11105,0,paid_orders_08-05-2026_08-05-2026.xlsx,14,999,200,2
upright:65916018:sale,upright,shopgoodwill,sale,2026-08-05,65916018,sunnywolf619,order,13186,0,paid_orders_08-05-2026_08-05-2026.xlsx,15,1129,200,1
upright:65916021:sale,upright,shopgoodwill,sale,2026-08-05,65916021,calmcat174,order,6591,0,paid_orders_08-05-2026_08-05-2026.xlsx,16,1499,200,1
upright:65916017:sale,upright,shopgoodwill,sale,2026-08-05,65916017,luckythrift292,order,14495,0,paid_orders_08-05-2026_08-05-2026.xlsx,17,1099,200,1
upright:65916014:sale,upright,shopgoodwill,sale,2026-08-05,65916014,rustyhound247,order,1349,0,paid_orders_08-05-2026_08-05-2026.xlsx,18,1129,200,3
upright:65916003:sale,upright,shopgoodwill,sale,2026-08-05,65916003,happyfox697,order,8653,0,paid_orders_08-05-2026_08-05-2026.xlsx,19,1099,200,3
upright:65916007:sale,upright,shopgoodwill,sale,2026-08-05,65916007,happywolf57,order,13267,0,paid_orders_08-05-2026_08-05-2026.xlsx,20,1129,200,1
upright:65916016:sale,upright,shopgoodwill,sale,2026-08-05,65916016,rustyowl559,order,13805,0,paid_orders_08-05-2026_08-05-2026.xlsx,21,999,200,3
upright:65916011:sale,upright,shopgoodwill,sale,2026-08-05,65916011,quiethound726,order,5887,0,paid_orders_08-05-2026_08-05-2026.xlsx,22,999,200,1
upright:65916010:sale,upright,shopgoodwill,sale,2026-08-05,65916010,brightfox130,order,5367,0,paid_orders_08-05-2026_08-05-2026.xlsx,23,1099,200,1
upright:65916004:sale,upright,shopgoodwill,sale,2026-08-05,65916004,blueowl526,order,1108,0,paid_orders_08-05-2026_08-05-2026.xlsx,24,999,200,3
upright:65917001:sale,upright,shopgoodwill,sale,2026-08-06,65917001,calmowl699,order,12188,0,paid_orders_08-06-2026_08-06-2026.xlsx,1,999,200,1
upright:65917009:sale,upright,shopgoodwill,sale,2026-08-06,65917009,quietdeals864,order,12021,0,paid_orders_08-06-2026_08-06-2026.xlsx,2,1129,200,1
upright:65917004:sale,upright,shopgoodwill,sale,2026-08-06,65917004,happybear570,order,3974,0,paid_orders_08-06-2026_08-06-2026.xlsx,3,1099,200,1
upright:65917008:sale,upright,shopgoodwill,sale,2026-08-06,65917008,luckyhound524,order,5545,0,paid_orders_08-06-2026_08-06-2026.xlsx,4,1499,200,1
upright:65917002:sale,upright,shopgoodwill,sale,2026-08-06,65917002,happybear348,order,4862,0,paid_orders_08-06-2026_08-06-2026.xlsx,5,999,200,3
upright:65917006:sale,upright,shopgoodwill,sale,2026-08-06,65917006,retroowl80,order,14060,0,paid_orders_08-06-2026_08-06-2026.xlsx,6,1099,200,1
upright:65917023:sale,upright,shopgoodwill,sale,2026-08-06,65917023,brightfinds513,order,12870,0,paid_orders_08-06-2026_08-06-2026.xlsx,7,999,200,1
upright:65917017:sale,upright,shopgoodwill,sale,2026-08-06,65917017,swiftdeals330,order,6794,0,paid_orders_08-06-2026_08-06-2026.xlsx,8,999,200,1
upright:65917021:sale,upright,shopgoodwill,sale,2026-08-06,65917021,brightdeals737,order,583,0,paid_orders_08-06-2026_08-06-2026.xlsx,9,1499,200,3
upright:65917024:sale,upright,shopgoodwill,sale,2026-08-06,65917024,retrohound238,order,12714,0,paid_orders_08-06-2026_08-06-2026.xlsx,10,1499,200,1
upright:65917007:sale,upright,shopgoodwill,sale,2026-08-06,65917007,brightbear177,order,11005,0,paid_orders_08-06-2026_08-06-2026.xlsx,11,1499,200,3
upright:65917012:sale,upright,shopgoodwill,sale,2026-08-06,65917012,swiftpicker677,order,11583,0,paid_orders_08-06-2026_08-06-2026.xlsx,12,1499,200,3
upright:65917016:sale,upright,shopgoodwill,sale,2026-08-06,65917016,happyfox45,order,11049,0,paid_orders_08-06-2026_08-06-2026.xlsx,13,1499,200,3
upright:65917020:sale,upright,shopgoodwill,sale,2026-08-06,65917020,happyhound982,order,9867,0,paid_orders_08-06-2026_08-06-2026.xlsx,14,1099,200,1
upright:65917022:sale,upright,shopgoodwill,sale,2026-08-06,65917022,bluefinds511,order,6248,0,paid_orders_08-06-2026_08-06-2026.xlsx,15,1099,200,2
upright:65917015:sale,upright,shopgoodwill,sale,2026-08-06,65917015,luckywolf986,order,6212,0,paid_orders_08-06-2026_08-06-2026.xlsx,16,1129,200,3
upright:65917013:sale,upright,shopgoodwill,sale,2026-08-06,65917013,sunnythrift58,order,6545,0,paid_orders_08-06-2026_08-06-2026.xlsx,17,1499,200,2
upright:65917005:sale,upright,shopgoodwill,sale,2026-08-06,65917005,quietdeals142,order,8495,0,paid_orders_08-06-2026_08-06-2026.xlsx,18,1099,200,1
upright:65917011:sale,upright,shopgoodwill,sale,2026-08-06,65917011,luckyfinds901,order,13472,0,paid_orders_08-06-2026_08-06-2026.xlsx,19,1499,200,1
upright:65917019:sale,upright,shopgoodwill,sale,2026-08-06,65917019,luckyowl858,order,3890,0,paid_orders_08-06-2026_08-06-2026.xlsx,20,1099,200,1
upright:65917010:sale,upright,shopgoodwill,sale,2026-08-06,65917010,happypicker341,order,12401,0,paid_orders_08-06-2026_08-06-2026.xlsx,21,999,200,1
upright:65917003:sale,upright,shopgoodwill,sale,2026-08-06,65917003,swiftpicker58,order,2406,0,paid_orders_08-06-2026_08-06-2026.xlsx,22,1129,200,1
upright:65917014:sale,upright,shopgoodwill,sale,2026-08-06,65917014,retrohound956,order,5641,0,paid_orders_08-06-2026_08-06-2026.xlsx,23,999,200,1
upright:65917018:sale,upright,shopgoodwill,sale,2026-08-06,65917018,retrowolf177,order,11630,0,paid_orders_08-06-2026_08-06-2026.xlsx,24,1129,200,2
upright:65918001:sale,upright,shopgoodwill,sale,2026-08-07,65918001,retropicker490,order,7577,0,paid_orders_08-07-2026_08-07-2026.xlsx,1,999,200,1
upright:65918008:sale,upright,shopgoodwill,sale,2026-08-07,65918008,bluethrift787,order,14744,0,paid_orders_08-07-2026_08-07-2026.xlsx,2,999,200,1
upright:65918002:sale,upright,shopgoodwill,sale,2026-08-07,65918002,brighthound710,order,1434,0,paid_orders_08-07-2026_08-07-2026.xlsx,3,1499,200,1
upright:65918022:sale,upright,shopgoodwill,sale,2026-08-07,65918022,bluebear160,order,13516,0,paid_orders_08-07-2026_08-07-2026.xlsx,4,1499,200,1
upright:65918006:sale,upright,shopgoodwill,sale,2026-08-07,65918006,quiethound198,order,3625,0,paid_orders_08-07-2026_08-07-2026.xlsx,5,1099,200,2
upright:65918010:sale,upright,shopgoodwill,sale,2026-08-07,65918010,quietdeals956,order,12085,0,paid_orders_08-07-2026_08-07-2026.xlsx,6,1129,200,1
upright:65918013:sale,upright,shopgoodwill,sale,2026-08-07,65918013,calmowl489,order,9005,0,paid_orders_08-07-2026_08-07-2026.xlsx,7,1499,200,1
upright:65918018:sale,upright,shopgoodwill,sale,2026-08-07,65918018,rustybear880,order,5897,0,paid_orders_08-07-2026_08-07-2026.xlsx,8,1099,200,2
upright:65918023:sale,upright,shopgoodwill,sale,2026-08-07,65918023,bluethrift672,order,2244,0,paid_orders_08-07-2026_08-07-2026.xlsx,9,1129,200,1
upright:65918011:sale,upright,shopgoodwill,sale,2026-08-07,65918011,brightcat815,order,8385,0,paid_orders_08-07-2026_08-07-2026.xlsx,10,1499,200,2
upright:65918007:sale,upright,shopgoodwill,sale,2026-08-07,65918007,brightowl857,order,7426,0,paid_orders_08-07-2026_08-07-2026.xlsx,11,1499,200,2
upright:65918021:sale,upright,shopgoodwill,sale,2026-08-07,65918021,luckyowl731,order,1898,0,paid_orders_08-07-2026_08-07-2026.xlsx,12,1499,200,1
upright:65918024:sale,upright,shopgoodwill,sale,2026-08-07,65918024,bluecat78,order,3556,0,paid_orders_08-07-2026_08-07-2026.xlsx,13,1129,200,1
upright:65918019:sale,upright,shopgoodwill,sale,2026-08-07,65918019,happyfox474,order,13389,0,paid_orders_08-07-2026_08-07-2026.xlsx,14,999,200,1
upright:65918005:sale,upright,shopgoodwill,sale,2026-08-07,65918005,quietfinds488,order,7599,0,paid_orders_08-07-2026_08-07-2026.xlsx,15,1499,200,1
upright:65918016:sale,upright,shopgoodwill,sale,2026-08-07,65918016,brightcat583,order,4962,0,paid_orders_08-07-2026_08-07-2026.xlsx,16,1499,200,3
upright:65918017:sale,upright,shopgoodwill,sale,2026-08-07,65918017,luckythrift46,order,6496,0,paid_orders_08-07-2026_08-07-2026.xlsx,17,1499,200,2
upright:65918003:sale,upright,shopgoodwill,sale,2026-08-07,65918003,brightthrift944,order,14705,0,paid_orders_08-07-2026_08-07-2026.xlsx,18,1129,200,2
upright:65918012:sale,upright,shopgoodwill,sale,2026-08-07,65918012,quietdeals779,order,14119,0,paid_orders_08-07-2026_08-07-2026.xlsx,19,1129,200,1
upright:65918009:sale,upright,shopgoodwill,sale,2026-08-07,65918009,sunnywolf295,order,7939,0,paid_orders_08-07-2026_08-07-2026.xlsx,20,1099,200,1
upright:65918014:sale,upright,shopgoodwill,sale,2026-08-07,65918014,calmhound945,order,14955,0,paid_orders_08-07-2026_08-07-2026.xlsx,21,1129,200,1
upright:65918004:sale,upright,shopgoodwill,sale,2026-08-07,65918004,brightowl432,order,9418,0,paid_orders_08-07-2026_08-07-2026.xlsx,22,999,200,3
upright:65918015:sale,upright,shopgoodwill,sale,2026-08-07,65918015,happycat546,order,2361,0,paid_orders_08-07-2026_08-07-2026.xlsx,23,1499,200,1
upright:65918020:sale,upright,shopgoodwill,sale,2026-08-07,65918020,sunnypicker91,order,2141,0,paid_orders_08-07-2026_08-07-2026.xlsx,24,1099,200,3
upright:65919001:sale,upright,shopgoodwill,sale,2026-08-08,65919001,quietowl258,order,10659,0,paid_orders_08-08-2026_08-08-2026.xlsx,1,1129,200,3
upright:65919023:sale,upright,shopgoodwill,sale,2026-08-08,65919023,retrofox350,order,1946,0,paid_orders_08-08-2026_08-08-2026.xlsx,2,1499,200,3
upright:65919003:sale,upright,shopgoodwill,sale,2026-08-08,65919003,retrothrift761,order,7268,0,paid_orders_08-08-2026_08-08-2026.xlsx,3,1129,200,1
upright:65919002:sale,upright,shopgoodwill,sale,2026-08-08,65919002,quietwolf890,order,14043,0,paid_orders_08-08-2026_08-08-2026.xlsx,4,999,200,3
upright:65919015:sale,upright,shopgoodwill,sale,2026-08-08,65919015,brightcat630,order,3196,0,paid_orders_08-08-2026_08-08-2026.xlsx,5,1499,200,2
upright:65919005:sale,upright,shopgoodwill,sale,2026-08-08,65919005,retrofinds362,order,11405,0,paid_orders_08-08-2026_08-08-2026.xlsx,6,999,200,2
upright:65919004:sale,upright,shopgoodwill,sale,2026-08-08,65919004,swiftfox121,order,12216,0,paid_orders_08-08-2026_08-08-2026.xlsx,7,1499,200,1
upright:65919018:sale,upright,shopgoodwill,sale,2026-08-08,65919018,rustyowl720,order,2374,0,paid_orders_08-08-2026_08-08-2026.xlsx,8,1129,200,1
upright:65919016:sale,upright,shopgoodwill,sale,2026-08-08,65919016,quietpicker590,order,13947,0,paid_orders_08-08-2026_08-08-2026.xlsx,9,1129,200,1
upright:65919008:sale,upright,shopgoodwill,sale,2026-08-08,65919008,luckywolf166,order,12361,0,paid_orders_08-08-2026_08-08-2026.xlsx,10,1099,200,1
upright:65919019:sale,upright,shopgoodwill,sale,2026-08-08,65919019,rustyfinds337,order,6516,0,paid_orders_08-08-2026_08-08-2026.xlsx,11,1099,200,3
upright:65919022:sale,upright,shopgoodwill,sale,2026-08-08,65919022,quietdeals973,order,3878,0,paid_orders_08-08-2026_08-08-2026.xlsx,12,1499,200,2
upright:65919006:sale,upright,shopgoodwill,sale,2026-08-08,65919006,quietpicker349,order,1764,0,paid_orders_08-08-2026_08-08-2026.xlsx,13,999,200,1
upright:65919020:sale,upright,shopgoodwill,sale,2026-08-08,65919020,swifthound62,order,9620,0,paid_orders_08-08-2026_08-08-2026.xlsx,14,1129,200,3
upright:65919024:sale,upright,shopgoodwill,sale,2026-08-08,65919024,swiftfinds494,order,14731,0,paid_orders_08-08-2026_08-08-2026.xlsx,15,1129,200,1
upright:65919017:sale,upright,shopgoodwill,sale,2026-08-08,65919017,rustypicker387,order,10286,0,paid_orders_08-08-2026_08-08-2026.xlsx,16,1499,200,3
upright:65919021:sale,upright,shopgoodwill,sale,2026-08-08,65919021,luckyhound646,order,4714,0,paid_orders_08-08-2026_08-08-2026.xlsx,17,1129,200,1
upright:65919010:sale,upright,shopgoodwill,sale,2026-08-08,65919010,brightdeals807,order,1629,0,paid_orders_08-08-2026_08-08-2026.xlsx,18,1499,200,2
upright:65919009:sale,upright,shopgoodwill,sale,2026-08-08,65919009,luckythrift669,order,1265,0,paid_orders_08-08-2026_08-08-2026.xlsx,19,1499,200,1
upright:65919013:sale,upright,shopgoodwill,sale,2026-08-08,65919013,quietdeals538,order,4058,0,paid_orders_08-08-2026_08-08-2026.xlsx,20,999,200,3
upright:65919012:sale,upright,shopgoodwill,sale,2026-08-08,65919012,happyfox412,order,11916,0,paid_orders_08-08-2026_08-08-2026.xlsx,21,999,200,1
upright:65919014:sale,upright,shopgoodwill,sale,2026-08-08,65919014,bluepicker800,order,11140,0,paid_orders_08-08-2026_08-08-2026.xlsx,22,1499,200,3
upright:65919007:sale,upright,shopgoodwill,sale,2026-08-08,65919007,calmpicker323,order,10013,0,paid_orders_08-08-2026_08-08-2026.xlsx,23,1129,200,3
upright:65919011:sale,upright,shopgoodwill,sale,2026-08-08,65919011,bluefinds844,order,14193,0,paid_orders_08-08-2026_08-08-2026.xlsx,24,999,200,1
upright:65920001:sale,upright,shopgoodwill,sale,2026-08-09,65920001,brightfox220,order,8614,0,paid_orders_08-09-2026_08-09-2026.xlsx,1,1129,200,1
upright:65920024:sale,upright,shopgoodwill,sale,2026-08-09,65920024,rustycat65,order,14873,0,paid_orders_08-09-2026_08-09-2026.xlsx,2,1129,200,1
upright:65920023:sale,upright,shopgoodwill,sale,2026-08-09,65920023,rustybear814,order,10704,0,paid_orders_08-09-2026_08-09-2026.xlsx,3,999,200,3
upright:65920002:sale,upright,shopgoodwill,sale,2026-08-09,65920002,quietfinds545,order,6295,0,paid_orders_08-09-2026_08-09-2026.xlsx,4,1099,200,1
upright:65920018:sale,upright,shopgoodwill,sale,2026-08-09,65920018,brightpicker367,order,6287,0,paid_orders_08-09-2026_08-09-2026.xlsx,5,999,200,2
upright:65920003:sale,upright,shopgoodwill,sale,2026-08-09,65920003,swifthound227,order,10440,0,paid_orders_08-09-2026_08-09-2026.xlsx,6,1499,200,1
upright:65920005:sale,upright,shopgoodwill,sale,2026-08-09,65920005,swiftdeals946,order,4090,0,paid_orders_08-09-2026_08-09-2026.xlsx,7,1099,200,1
upright:65920013:sale,upright,shopgoodwill,sale,2026-08-09,65920013,luckywolf968,order,1737,0,paid_orders_08-09-2026_08-09-2026.xlsx,8,1499,200,3
upright:65920010:sale,upright,shopgoodwill,sale,2026-08-09,65920010,happydeals676,order,5796,0,paid_orders_08-09-2026_08-09-2026.xlsx,9,1499,200,1
upright:65920009:sale,upright,shopgoodwill,sale,2026-08-09,65920009,happyhound216,order,7631,0,paid_orders_08-09-2026_08-09-2026.xlsx,10,1099,200,1
upright:65920007:sale,upright,shopgoodwill,sale,2026-08-09,65920007,luckyfox265,order,1153,0,paid_orders_08-09-2026_08-09-2026.xlsx,11,999,200,1
upright:65920012:sale,upright,shopgoodwill,sale,2026-08-09,65920012,luckydeals261,order,10322,0,paid_orders_08-09-2026_08-09-2026.xlsx,12,1499,200,3
upright:65920022:sale,upright,shopgoodwill,sale,2026-08-09,65920022,sunnyhound877,order,11936,0,paid_orders_08-09-2026_08-09-2026.xlsx,13,1099,200,1
upright:65920020:sale,upright,shopgoodwill,sale,2026-08-09,65920020,retrofinds389,order,5930,0,paid_orders_08-09-2026_08-09-2026.xlsx,14,1099,200,1
upright:65920011:sale,upright,shopgoodwill,sale,2026-08-09,65920011,quietowl501,order,5528,0,paid_orders_08-09-2026_08-09-2026.xlsx,15,1129,200,1
upright:65920021:sale,upright,shopgoodwill,sale,2026-08-09,65920021,swiftowl941,order,6398,0,paid_orders_08-09-2026_08-09-2026.xlsx,16,1129,200,2
upright:65920015:sale,upright,shopgoodwill,sale,2026-08-09,65920015,luckydeals793,order,6775,0,paid_orders_08-09-2026_08-09-2026.xlsx,17,1499,200,1
upright:65920014:sale,upright,shopgoodwill,sale,2026-08-09,65920014,sunnypicker217,order,12538,0,paid_orders_08-09-2026_08-09-2026.xlsx,18,1099,200,1
upright:65920006:sale,upright,shopgoodwill,sale,2026-08-09,65920006,rustyfox969,order,13269,0,paid_orders_08-09-2026_08-09-2026.xlsx,19,1129,200,2
upright:65920017:sale,upright,shopgoodwill,sale,2026-08-09,65920017,retrofox919,order,14607,0,paid_orders_08-09-2026_08-09-2026.xlsx,20,999,200,1
upright:65920019:sale,upright,shopgoodwill,sale,2026-08-09,65920019,bluebear102,order,8092,0,paid_orders_08-09-2026_08-09-2026.xlsx,21,999,200,3
upright:65920004:sale,upright,shopgoodwill,sale,2026-08-09,65920004,luckycat923,order,6432,0,paid_orders_08-09-2026_08-09-2026.xlsx,22,1129,200,1
upright:65920016:sale,upright,shopgoodwill,sale,2026-08-09,65920016,rustywolf40,order,11044,0,paid_orders_08-09-2026_08-09-2026.xlsx,23,1099,200,1
upright:65920008:sale,upright,shopgoodwill,sale,2026-08-09,65920008,rustyhound219,order,8694,0,paid_orders_08-09-2026_08-09-2026.xlsx,24,1099,200,3
upright:65921001:sale,upright,shopgoodwill,sale,2026-08-10,65921001,calmthrift107,order,9919,0,paid_orders_08-10-2026_08-10-2026.xlsx,1,1099,200,2
upright:65921002:sale,upright,shopgoodwill,sale,2026-08-10,65921002,happypicker687,order,13455,0,paid_orders_08-10-2026_08-10-2026.xlsx,2,1499,200,1
upright:65921008:sale,upright,shopgoodwill,sale,2026-08-10,65921008,bluehound211,order,7043,0,paid_orders_08-10-2026_08-10-2026.xlsx,3,999,200,3
upright:65921015:sale,upright,shopgoodwill,sale,2026-08-10,65921015,happythrift463,order,1928,0,paid_orders_08-10-2026_08-10-2026.xlsx,4,1499,200,1
upright:65921014:sale,upright,shopgoodwill,sale,2026-08-10,65921014,quietpicker896,order,7876,0,paid_orders_08-10-2026_08-10-2026.xlsx,5,999,200,3
upright:65921006:sale,upright,shopgoodwill,sale,2026-08-10,65921006,happypicker315,order,6720,0,paid_orders_08-10-2026_08-10-2026.xlsx,6,1499,200,1
upright:65921019:sale,upright,shopgoodwill,sale,2026-08-10,65921019,sunnyowl717,order,14103,0,paid_orders_08-10-2026_08-10-2026.xlsx,7,1499,200,1
upright:65921023:sale,upright,shopgoodwill,sale,2026-08-10,65921023,luckycat75,order,10981,0,paid_orders_08-10-2026_08-10-2026.xlsx,8,1129,200,3
upright:65921013:sale,upright,shopgoodwill,sale,2026-08-10,65921013,swiftpicker821,order,2668,0,paid_orders_08-10-2026_08-10-2026.xlsx,9,1129,200,3
upright:65921009:sale,upright,shopgoodwill,sale,2026-08-10,65921009,quietpicker345,order,4363,0,paid_orders_08-10-2026_08-10-2026.xlsx,10,999,200,3
upright:65921020:sale,upright,shopgoodwill,sale,2026-08-10,65921020,brightwolf655,order,6470,0,paid_orders_08-10-2026_08-10-2026.xlsx,11,1499,200,1
upright:65921012:sale,upright,shopgoodwill,sale,2026-08-10,65921012,retrofox915,order,6600,0,paid_orders_08-10-2026_08-10-2026.xlsx,12,999,200,2
upright:65921003:sale,upright,shopgoodwill,sale,2026-08-10,65921003,luckydeals304,order,5707,0,paid_orders_08-10-2026_08-10-2026.xlsx,13,1099,200,1
upright:65921010:sale,upright,shopgoodwill,sale,2026-08-10,65921010,luckyhound308,order,13225,0,paid_orders_08-10-2026_08-10-2026.xlsx,14,999,200,1
upright:65921016:sale,upright,shopgoodwill,sale,2026-08-10,65921016,luckypicker252,order,6798,0,paid_orders_08-10-2026_08-10-2026.xlsx,15,1499,200,1
upright:65921007:sale,upright,shopgoodwill,sale,2026-08-10,65921007,sunnyhound274,order,8691,0,paid_orders_08-10-2026_08-10-2026.xlsx,16,1099,200,3
upright:65921017:sale,upright,shopgoodwill,sale,2026-08-10,65921017,rustybear43,order,5452,0,paid_orders_08-10-2026_08-10-2026.xlsx,17,1099,200,3
upright:65921004:sale,upright,shopgoodwill,sale,2026-08-10,65921004,rustyowl906,order,6535,0,paid_orders_08-10-2026_08-10-2026.xlsx,18,999,200,3
upright:65921011:sale,upright,shopgoodwill,sale,2026-08-10,65921011,sunnypicker465,order,14861,0,paid_orders_08-10-2026_08-10-2026.xlsx,19,1099,200,3
upright:65921021:sale,upright,shopgoodwill,sale,2026-08-10,65921021,calmdeals964,order,8589,0,paid_orders_08-10-2026_08-10-2026.xlsx,20,1129,200,1
upright:65921024:sale,upright,shopgoodwill,sale,2026-08-10,65921024,retrobear958,order,4627,0,paid_orders_08-10-2026_08-10-2026.xlsx,21,1099,200,2
upright:65921022:sale,upright,shopgoodwill,sale,2026-08-10,65921022,calmhound879,order,4922,0,paid_orders_08-10-2026_08-10-2026.xlsx,22,1099,200,1
upright:65921005:sale,upright,shopgoodwill,sale,2026-08-10,65921005,bluebear595,order,1220,0,paid_orders_08-10-2026_08-10-2026.xlsx,23,1499,200,3
upright:65921018:sale,upright,shopgoodwill,sale,2026-08-10,65921018,quietdeals316,order,9153,0,paid_orders_08-10-2026_08-10-2026.xlsx,24,1129,200,1
upright:65922001:sale,upright,shopgoodwill,sale,2026-08-11,65922001,rustyfox461,order,12566,0,paid_orders_08-11-2026_08-11-2026.xlsx,1,1099,200,3
upright:65922024:sale,upright,shopgoodwill,sale,2026-08-11,65922024,calmthrift833,order,11782,0,paid_orders_08-11-2026_08-11-2026.xlsx,2,1499,200,3
upright:65922014:sale,upright,shopgoodwill,sale,2026-08-11,65922014,sunnyhound100,order,11080,0,paid_orders_08-11-2026_08-11-2026.xlsx,3,1099,200,1
upright:65922002:sale,upright,shopgoodwill,sale,2026-08-11,65922002,luckyfox616,order,12758,0,paid_orders_08-11-2026_08-11-2026.xlsx,4,999,200,1
upright:65922008:sale,upright,shopgoodwill,sale,2026-08-11,65922008,quietbear146,order,13388,0,paid_orders_08-11-2026_08-11-2026.xlsx,5,1499,200,1
upright:65922023:sale,upright,shopgoodwill,sale,2026-08-11,65922023,luckythrift661,order,2310,0,paid_orders_08-11-2026_08-11-2026.xlsx,6,1129,200,1
upright:65922011:sale,upright,shopgoodwill,sale,2026-08-11,65922011,brightfox124,order,10299,0,paid_orders_08-11-2026_08-11-2026.xlsx,7,999,200,1
upright:65922003:sale,upright,shopgoodwill,sale,2026-08-11,65922003,happydeals809,order,916,0,paid_orders_08-11-2026_08-11-2026.xlsx,8,1099,200,1
upright:65922021:sale,upright,shopgoodwill,sale,2026-08-11,65922021,sunnythrift914,order,11191,0,paid_orders_08-11-2026_08-11-2026.xlsx,9,1099,200,1
upright:65922007:sale,upright,shopgoodwill,sale,2026-08-11,65922007,brightwolf59,order,732,0,paid_orders_08-11-2026_08-11-2026.xlsx,10,1499,200,1
upright:65922018:sale,upright,shopgoodwill,sale,2026-08-11,65922018,rustycat393,order,4990,0,paid_orders_08-11-2026_08-11-2026.xlsx,11,999,200,1
upright:65922012:sale,upright,shopgoodwill,sale,2026-08-11,65922012,bluepicker804,order,1637,0,paid_orders_08-11-2026_08-11-2026.xlsx,12,1129,200,1
upright:65922020:sale,upright,shopgoodwill,sale,2026-08-11,65922020,rustywolf820,order,2280,0,paid_orders_08-11-2026_08-11-2026.xlsx,13,999,200,3
upright:65922015:sale,upright,shopgoodwill,sale,2026-08-11,65922015,luckycat149,order,14668,0,paid_orders_08-11-2026_08-11-2026.xlsx,14,999,200,2
upright:65922006:sale,upright,shopgoodwill,sale,2026-08-11,65922006,luckywolf70,order,10213,0,paid_orders_08-11-2026_08-11-2026.xlsx,15,999,200,2
upright:65922019:sale,upright,shopgoodwill,sale,2026-08-11,65922019,happyowl955,order,10558,0,paid_orders_08-11-2026_08-11-2026.xlsx,16,1499,200,1
upright:65922009:sale,upright,shopgoodwill,sale,2026-08-11,65922009,happybear597,order,1657,0,paid_orders_08-11-2026_08-11-2026.xlsx,17,1129,200,1
upright:65922004:sale,upright,shopgoodwill,sale,2026-08-11,65922004,bluefinds301,order,11886,0,paid_orders_08-11-2026_08-11-2026.xlsx,18,1499,200,1
upright:65922022:sale,upright,shopgoodwill,sale,2026-08-11,65922022,happywolf633,order,10619,0,paid_orders_08-11-2026_08-11-2026.xlsx,19,1099,200,1
upright:65922017:sale,upright,shopgoodwill,sale,2026-08-11,65922017,retrohound897,order,8832,0,paid_orders_08-11-2026_08-11-2026.xlsx,20,999,200,1
upright:65922010:sale,upright,shopgoodwill,sale,2026-08-11,65922010,happyfinds834,order,11450,0,paid_orders_08-11-2026_08-11-2026.xlsx,21,1499,200,3
upright:65922016:sale,upright,shopgoodwill,sale,2026-08-11,65922016,rustythrift439,order,3099,0,paid_orders_08-11-2026_08-11-2026.xlsx,22,1499,200,1
upright:65922005:sale,upright,shopgoodwill,sale,2026-08-11,65922005,happydeals886,order,8625,0,paid_orders_08-11-2026_08-11-2026.xlsx,23,1129,200,3
upright:65922013:sale,upright,shopgoodwill,sale,2026-08-11,65922013,sunnyowl308,order,9475,0,paid_orders_08-11-2026_08-11-2026.xlsx,24,1499,200,1
upright:65923001:sale,upright,shopgoodwill,sale,2026-08-12,65923001,calmpicker256,order,7361,0,paid_orders_08-12-2026_08-12-2026.xlsx,1,1099,200,1
upright:65923013:sale,upright,shopgoodwill,sale,2026-08-12,65923013,happyhound856,order,8585,0,paid_orders_08-12-2026_08-12-2026.xlsx,2,1099,200,1
upright:65923002:sale,upright,shopgoodwill,sale,2026-08-12,65923002,sunnybear191,order,10143,0,paid_orders_08-12-2026_08-12-2026.xlsx,3,1499,200,1
upright:65923010:sale,upright,shopgoodwill,sale,2026-08-12,65923010,calmpicker953,order,7175,0,paid_orders_08-12-2026_08-12-2026.xlsx,4,1499,200,2
upright:65923022:sale,upright,shopgoodwill,sale,2026-08-12,65923022,luckydeals801,order,3585,0,paid_orders_08-12-2026_08-12-2026.xlsx,5,999,200,1
upright:65923003:sale,upright,shopgoodwill,sale,2026-08-12,65923003,retrocat193,order,3052,0,paid_orders_08-12-2026_08-12-2026.xlsx,6,1499,200,1
upright:65923017:sale,upright,shopgoodwill,sale,2026-08-12,65923017,brightbear274,order,5421,0,paid_orders_08-12-2026_08-12-2026.xlsx,7,1499,200,1
upright:65923009:sale,upright,shopgoodwill,sale,2026-08-12,65923009,sunnydeals953,order,7782,0,paid_orders_08-12-2026_08-12-2026.xlsx,8,1099,200,1
upright:65923021:sale,upright,shopgoodwill,sale,2026-08-12,65923021,calmdeals703,order,6810,0,paid_orders_08-12-2026_08-12-2026.xlsx,9,1099,200,3
upright:65923008:sale,upright,shopgoodwill,sale,2026-08-12,65923008,brightfinds284,order,3576,0,paid_orders_08-12-2026_08-12-2026.xlsx,10,999,200,1
upright:65923016:sale,upright,shopgoodwill,sale,2026-08-12,65923016,brightfox969,order,678,0,paid_orders_08-12-2026_08-12-2026.xlsx,11,1499,200,2
upright:65923011:sale,upright,shopgoodwill,sale,2026-08-12,65923011,rustypicker877,order,13892,0,paid_orders_08-12-2026_08-12-2026.xlsx,12,999,200,1
upright:65923007:sale,upright,shopgoodwill,sale,2026-08-12,65923007,sunnyfinds455,order,14214,0,paid_orders_08-12-2026_08-12-2026.xlsx,13,999,200,1
upright:65923020:sale,upright,shopgoodwill,sale,2026-08-12,65923020,calmfox154,order,2702,0,paid_orders_08-12-2026_08-12-2026.xlsx,14,1129,200,3
upright:65923012:sale,upright,shopgoodwill,sale,2026-08-12,65923012,calmdeals84,order,8666,0,paid_orders_08-12-2026_08-12-2026.xlsx,15,1099,200,2
upright:65923004:sale,upright,shopgoodwill,sale,2026-08-12,65923004,retrothrift618,order,6082,0,paid_orders_08-12-2026_08-12-2026.xlsx,16,1099,200,2
upright:65923005:sale,upright,shopgoodwill,sale,2026-08-12,65923005,brightowl758,order,2347,0,paid_orders_08-12-2026_08-12-2026.xlsx,17,1099,200,1
upright:65923006:sale,upright,shopgoodwill,sale,2026-08-12,65923006,retrocat84,order,14940,0,paid_orders_08-12-2026_08-12-2026.xlsx,18,1099,200,1
upright:65923019:sale,upright,shopgoodwill,sale,2026-08-12,65923019,quietowl103,order,10952,0,paid_orders_08-12-2026_08-12-2026.xlsx,19,1129,200,3
upright:65923015:sale,upright,shopgoodwill,sale,2026-08-12,65923015,swiftpicker236,order,12877,0,paid_orders_08-12-2026_08-12-2026.xlsx,20,1129,200,1
upright:65923023:sale,upright,shopgoodwill,sale,2026-08-12,65923023,sunnydeals863,order,11719,0,paid_orders_08-12-2026_08-12-2026.xlsx,21,1129,200,1
upright:65923018:sale,upright,shopgoodwill,sale,2026-08-12,65923018,sunnywolf609,order,3150,0,paid_orders_08-12-2026_08-12-2026.xlsx,22,1129,200,1
upright:65923014:sale,upright,shopgoodwill,sale,2026-08-12,65923014,retrodeals692,order,6172,0,paid_orders_08-12-2026_08-12-2026.xlsx,23,1499,200,2
upright:65923024:sale,upright,shopgoodwill,sale,2026-08-12,65923024,happypicker462,order,11856,0,paid_orders_08-12-2026_08-12-2026.xlsx,24,999,200,1
upright:65924001:sale,upright,shopgoodwill,sale,2026-08-13,65924001,calmthrift569,order,2285,0,paid_orders_08-13-2026_08-13-2026.xlsx,1,1129,200,2
upright:65924008:sale,upright,shopgoodwill,sale,2026-08-13,65924008,sunnythrift426,order,2177,0,paid_orders_08-13-2026_08-13-2026.xlsx,2,1499,200,1
upright:65924020:sale,upright,shopgoodwill,sale,2026-08-13,65924020,bluepicker376,order,722,0,paid_orders_08-13-2026_08-13-2026.xlsx,3,1129,200,1
upright:65924002:sale,upright,shopgoodwill,sale,2026-08-13,65924002,swiftfinds848,order,13443,0,paid_orders_08-13-2026_08-13-2026.xlsx,4,999,200,1
upright:65924007:sale,upright,shopgoodwill,sale,2026-08-13,65924007,quietdeals594,order,14226,0,paid_orders_08-13-2026_08-13-2026.xlsx,5,999,200,3
upright:65924016:sale,upright,shopgoodwill,sale,2026-08-13,65924016,sunnyowl63,order,6600,0,paid_orders_08-13-2026_08-13-2026.xlsx,6,999,200,1
upright:65924024:sale,upright,shopgoodwill,sale,2026-08-13,65924024,swiftwolf903,order,8119,0,paid_orders_08-13-2026_08-13-2026.xlsx,7,1499,200,3
upright:65924006:sale,upright,shopgoodwill,sale,2026-08-13,65924006,quietfinds724,order,882,0,paid_orders_08-13-2026_08-13-2026.xlsx,8,1129,200,1
upright:65924023:sale,upright,shopgoodwill,sale,2026-08-13,65924023,brightfox830,order,4773,0,paid_orders_08-13-2026_08-13-2026.xlsx,9,1499,200,1
upright:65924012:sale,upright,shopgoodwill,sale,2026-08-13,65924012,happydeals945,order,1066,0,paid_orders_08-13-2026_08-13-2026.xlsx,10,1099,200,3
upright:65924022:sale,upright,shopgoodwill,sale,2026-08-13,65924022,quietcat491,order,7878,0,paid_orders_08-13-2026_08-13-2026.xlsx,11,1499,200,3
upright:65924004:sale,upright,shopgoodwill,sale,2026-08-13,65924004,quietfinds939,order,6687,0,paid_orders_08-13-2026_08-13-2026.xlsx,12,1099,200,3
upright:65924021:sale,upright,shopgoodwill,sale,2026-08-13,65924021,sunnybear968,order,7449,0,paid_orders_08-13-2026_08-13-2026.xlsx,13,1129,200,2
upright:65924010:sale,upright,shopgoodwill,sale,2026-08-13,65924010,retrocat899,order,9379,0,paid_orders_08-13-2026_08-13-2026.xlsx,14,1499,200,1
upright:65924015:sale,upright,shopgoodwill,sale,2026-08-13,65924015,happydeals547,order,4545,0,paid_orders_08-13-2026_08-13-2026.xlsx,15,1099,200,3
upright:65924009:sale,upright,shopgoodwill,sale,2026-08-13,65924009,luckyowl210,order,11098,0,paid_orders_08-13-2026_08-13-2026.xlsx,16,1499,200,3
upright:65924011:sale,upright,shopgoodwill,sale,2026-08-13,65924011,retrofox23,order,9182,0,paid_orders_08-13-2026_08-13-2026.xlsx,17,999,200,3
upright:65924013:sale,upright,shopgoodwill,sale,2026-08-13,65924013,retrothrift101,order,866,0,paid_orders_08-13-2026_08-13-2026.xlsx,18,1129,200,3
upright:65924018:sale,upright,shopgoodwill,sale,2026-08-13,65924018,swiftdeals79,order,13741,0,paid_orders_08-13-2026_08-13-2026.xlsx,19,1129,200,3
upright:65924014:sale,upright,shopgoodwill,sale,2026-08-13,65924014,retrobear862,order,11756,0,paid_orders_08-13-2026_08-13-2026.xlsx,20,1129,200,1
upright:65924019:sale,upright,shopgoodwill,sale,2026-08-13,65924019,bluecat908,order,10232,0,paid_orders_08-13-2026_08-13-2026.xlsx,21,1099,200,2
upright:65924003:sale,upright,shopgoodwill,sale,2026-08-13,65924003,luckydeals168,order,5587,0,paid_orders_08-13-2026_08-13-2026.xlsx,22,999,200,1
upright:65924017:sale,upright,shopgoodwill,sale,2026-08-13,65924017,luckyhound898,order,1685,0,paid_orders_08-13-2026_08-13-2026.xlsx,23,999,200,1
upright:65924005:sale,upright,shopgoodwill,sale,2026-08-13,65924005,calmfinds324,order,12856,0,paid_orders_08-13-2026_08-13-2026.xlsx,24,1099,200,1
upright:65925001:sale,upright,shopgoodwill,sale,2026-08-14,65925001,calmowl829,order,13593,0,paid_orders_08-14-2026_08-14-2026.xlsx,1,1129,200,3
upright:65925017:sale,upright,shopgoodwill,sale,2026-08-14,65925017,quietcat209,order,4837,0,paid_orders_08-14-2026_08-14-2026.xlsx,2,999,200,1
upright:65925005:sale,upright,shopgoodwill,sale,2026-08-14,65925005,swiftfox582,order,1253,0,paid_orders_08-14-2026_08-14-2026.xlsx,3,1129,200,3
upright:65925002:sale,upright,shopgoodwill,sale,2026-08-14,65925002,happyhound147,order,4727,0,paid_orders_08-14-2026_08-14-2026.xlsx,4,999,200,3
upright:65925008:sale,upright,shopgoodwill,sale,2026-08-14,65925008,bluecat514,order,8098,0,paid_orders_08-14-2026_08-14-2026.xlsx,5,1499,200,3
upright:65925006:sale,upright,shopgoodwill,sale,2026-08-14,65925006,sunnypicker338,order,7684,0,paid_orders_08-14-2026_08-14-2026.xlsx,6,1499,200,2
upright:65925021:sale,upright,shopgoodwill,sale,2026-08-14,65925021,bluepicker668,order,10106,0,paid_orders_08-14-2026_08-14-2026.xlsx,7,1499,200,2
upright:65925019:sale,upright,shopgoodwill,sale,2026-08-14,65925019,luckyfinds527,order,13076,0,paid_orders_08-14-2026_08-14-2026.xlsx,8,1099,200,3
upright:65925009:sale,upright,shopgoodwill,sale,2026-08-14,65925009,rustyhound972,order,852,0,paid_orders_08-14-2026_08-14-2026.xlsx,9,1129,200,1
upright:65925012:sale,upright,shopgoodwill,sale,2026-08-14,65925012,calmwolf587,order,10404,0,paid_orders_08-14-2026_08-14-2026.xlsx,10,1499,200,1
upright:65925015:sale,upright,shopgoodwill,sale,2026-08-14,65925015,swiftdeals622,order,1270,0,paid_orders_08-14-2026_08-14-2026.xlsx,11,999,200,1
upright:65925016:sale,upright,shopgoodwill,sale,2026-08-14,65925016,bluewolf156,order,9283,0,paid_orders_08-14-2026_08-14-2026.xlsx,12,1129,200,1
upright:65925011:sale,upright,shopgoodwill,sale,2026-08-14,65925011,happycat612,order,5300,0,paid_orders_08-14-2026_08-14-2026.xlsx,13,999,200,1
upright:65925022:sale,upright,shopgoodwill,sale,2026-08-14,65925022,quietwolf175,order,600,0,paid_orders_08-14-2026_08-14-2026.xlsx,14,999,200,2
upright:65925018:sale,upright,shopgoodwill,sale,2026-08-14,65925018,quietthrift832,order,3419,0,paid_orders_08-14-2026_08-14-2026.xlsx,15,999,200,1
upright:65925010:sale,upright,shopgoodwill,sale,2026-08-14,65925010,retrohound845,order,12158,0,paid_orders_08-14-2026_08-14-2026.xlsx,16,999,200,2
upright:65925007:sale,upright,shopgoodwill,sale,2026-08-14,65925007,luckyfox887,order,8133,0,paid_orders_08-14-2026_08-14-2026.xlsx,17,1099,200,3
upright:65925004:sale,upright,shopgoodwill,sale,2026-08-14,65925004,rustywolf147,order,6537,0,paid_orders_08-14-2026_08-14-2026.xlsx,18,1499,200,1
upright:65925003:sale,upright,shopgoodwill,sale,2026-08-14,65925003,brighthound481,order,11172,0,paid_orders_08-14-2026_08-14-2026.xlsx,19,1099,200,1
upright:65925013:sale,upright,shopgoodwill,sale,2026-08-14,65925013,rustyowl660,order,10500,0,paid_orders_08-14-2026_08-14-2026.xlsx,20,1129,200,1
upright:65925020:sale,upright,shopgoodwill,sale,2026-08-14,65925020,happywolf808,order,5627,0,paid_orders_08-14-2026_08-14-2026.xlsx,21,1499,200,2
upright:65925014:sale,upright,shopgoodwill,sale,2026-08-14,65925014,happypicker109,order,2754,0,paid_orders_08-14-2026_08-14-2026.xlsx,22,1099,200,2
upright:65925024:sale,upright,shopgoodwill,sale,2026-08-14,65925024,swiftpicker731,order,1721,0,paid_orders_08-14-2026_08-14-2026.xlsx,23,1099,200,3
upright:65925023:sale,upright,shopgoodwill,sale,2026-08-14,65925023,rustyfox566,order,2294,0,paid_orders_08-14-2026_08-14-2026.xlsx,24,1129,200,1
upright:65926010:sale,upright,shopgoodwill,sale,2026-08-15,65926010,luckythrift994,order,7756,0,paid_orders_08-15-2026_08-15-2026.xlsx,1,999,200,3
upright:65926001:sale,upright,shopgoodwill,sale,2026-08-15,65926001,rustycat701,order,8452,0,paid_orders_08-15-2026_08-15-2026.xlsx,2,1499,200,1
upright:65926002:sale,upright,shopgoodwill,sale,2026-08-15,65926002,brightfox424,order,8910,0,paid_orders_08-15-2026_08-15-2026.xlsx,3,1129,200,2
upright:65926017:sale,upright,shopgoodwill,sale,2026-08-15,65926017,retrofox901,order,14288,0,paid_orders_08-15-2026_08-15-2026.xlsx,4,1499,200,3
upright:65926004:sale,upright,shopgoodwill,sale,2026-08-15,65926004,retropicker720,order,6769,0,paid_orders_08-15-2026_08-15-2026.xlsx,5,999,200,3
upright:65926024:sale,upright,shopgoodwill,sale,2026-08-15,65926024,calmhound938,order,924,0,paid_orders_08-15-2026_08-15-2026.xlsx,6,999,200,1
upright:65926006:sale,upright,shopgoodwill,sale,2026-08-15,65926006,bluehound111,order,10603,0,paid_orders_08-15-2026_08-15-2026.xlsx,7,1499,200,1
upright:65926007:sale,upright,shopgoodwill,sale,2026-08-15,65926007,calmdeals958,order,10469,0,paid_orders_08-15-2026_08-15-2026.xlsx,8,1099,200,1
upright:65926019:sale,upright,shopgoodwill,sale,2026-08-15,65926019,calmwolf477,order,2663,0,paid_orders_08-15-2026_08-15-2026.xlsx,9,1499,200,2
upright:65926021:sale,upright,shopgoodwill,sale,2026-08-15,65926021,quietpicker435,order,3650,0,paid_orders_08-15-2026_08-15-2026.xlsx,10,1099,200,2
upright:65926011:sale,upright,shopgoodwill,sale,2026-08-15,65926011,blueowl929,order,13106,0,paid_orders_08-15-2026_08-15-2026.xlsx,11,999,200,2
upright:65926015:sale,upright,shopgoodwill,sale,2026-08-15,65926015,sunnypicker639,order,4800,0,paid_orders_08-15-2026_08-15-2026.xlsx,12,1099,200,1
upright:65926008:sale,upright,shopgoodwill,sale,2026-08-15,65926008,sunnyfox155,order,5744,0,paid_orders_08-15-2026_08-15-2026.xlsx,13,999,200,2
upright:65926023:sale,upright,shopgoodwill,sale,2026-08-15,65926023,brightdeals436,order,14609,0,paid_orders_08-15-2026_08-15-2026.xlsx,14,1129,200,2
upright:65926003:sale,upright,shopgoodwill,sale,2026-08-15,65926003,brightcat298,order,13056,0,paid_orders_08-15-2026_08-15-2026.xlsx,15,1499,200,3
upright:65926014:sale,upright,shopgoodwill,sale,2026-08-15,65926014,blueowl71,order,14180,0,paid_orders_08-15-2026_08-15-2026.xlsx,16,1099,200,1
upright:65926005:sale,upright,shopgoodwill,sale,2026-08-15,65926005,brightwolf894,order,13160,0,paid_orders_08-15-2026_08-15-2026.xlsx,17,1099,200,1
upright:65926018:sale,upright,shopgoodwill,sale,2026-08-15,65926018,calmfinds975,order,14762,0,paid_orders_08-15-2026_08-15-2026.xlsx,18,1499,200,1
upright:65926009:sale,upright,shopgoodwill,sale,2026-08-15,65926009,blueowl522,order,10044,0,paid_orders_08-15-2026_08-15-2026.xlsx,19,1099,200,2
upright:65926022:sale,upright,shopgoodwill,sale,2026-08-15,65926022,happydeals295,order,12330,0,paid_orders_08-15-2026_08-15-2026.xlsx,20,1129,200,1
upright:65926016:sale,upright,shopgoodwill,sale,2026-08-15,65926016,bluebear601,order,4600,0,paid_orders_08-15-2026_08-15-2026.xlsx,21,1499,200,3
upright:65926020:sale,upright,shopgoodwill,sale,2026-08-15,65926020,rustyfox273,order,14895,0,paid_orders_08-15-2026_08-15-2026.xlsx,22,999,200,2
upright:65926012:sale,upright,shopgoodwill,sale,2026-08-15,65926012,swiftpicker831,order,13547,0,paid_orders_08-15-2026_08-15-2026.xlsx,23,1499,200,2
upright:65926013:sale,upright,shopgoodwill,sale,2026-08-15,65926013,retropicker520,order,13304,0,paid_orders_08-15-2026_08-15-2026.xlsx,24,1129,200,1
upright:65927001:sale,upright,shopgoodwill,sale,2026-08-16,65927001,sunnythrift160,order,12671,0,paid_orders_08-16-2026_08-16-2026.xlsx,1,1499,200,1
upright:65927005:sale,upright,shopgoodwill,sale,2026-08-16,65927005,bluefinds550,order,10250,0,paid_orders_08-16-2026_08-16-2026.xlsx,2,1099,200,1
upright:65927008:sale,upright,shopgoodwill,sale,2026-08-16,65927008,luckydeals883,order,9848,0,paid_orders_08-16-2026_08-16-2026.xlsx,3,999,200,1
upright:65927002:sale,upright,shopgoodwill,sale,2026-08-16,65927002,bluehound73,order,8113,0,paid_orders_08-16-2026_08-16-2026.xlsx,4,999,200,2
upright:65927011:sale,upright,shopgoodwill,sale,2026-08-16,65927011,sunnypicker381,order,10176,0,paid_orders_08-16-2026_08-16-2026.xlsx,5,1129,200,3
upright:65927003:sale,upright,shopgoodwill,sale,2026-08-16,65927003,sunnypicker609,order,11453,0,paid_orders_08-16-2026_08-16-2026.xlsx,6,999,200,3
upright:65927015:sale,upright,shopgoodwill,sale,2026-08-16,65927015,brightfox552,order,10888,0,paid_orders_08-16-2026_08-16-2026.xlsx,7,1099,200,2
upright:65927010:sale,upright,shopgoodwill,sale,2026-08-16,65927010,bluepicker859,order,2866,0,paid_orders_08-16-2026_08-16-2026.xlsx,8,1499,200,3
upright:65927014:sale,upright,shopgoodwill,sale,2026-08-16,65927014,quietfinds886,order,3115,0,paid_orders_08-16-2026_08-16-2026.xlsx,9,999,200,3
upright:65927013:sale,upright,shopgoodwill,sale,2026-08-16,65927013,rustypicker167,order,11047,0,paid_orders_08-16-2026_08-16-2026.xlsx,10,1499,200,3
upright:65927009:sale,upright,shopgoodwill,sale,2026-08-16,65927009,happyfinds490,order,9168,0,paid_orders_08-16-2026_08-16-2026.xlsx,11,1499,200,3
upright:65927022:sale,upright,shopgoodwill,sale,2026-08-16,65927022,bluedeals695,order,11802,0,paid_orders_08-16-2026_08-16-2026.xlsx,12,1499,200,2
upright:65927004:sale,upright,shopgoodwill,sale,2026-08-16,65927004,happybear330,order,9258,0,paid_orders_08-16-2026_08-16-2026.xlsx,13,999,200,1
upright:65927024:sale,upright,shopgoodwill,sale,2026-08-16,65927024,brightfinds398,order,6363,0,paid_orders_08-16-2026_08-16-2026.xlsx,14,1129,200,2
upright:65927020:sale,upright,shopgoodwill,sale,2026-08-16,65927020,brightfinds12,order,501,0,paid_orders_08-16-2026_08-16-2026.xlsx,15,1099,200,1
upright:65927018:sale,upright,shopgoodwill,sale,2026-08-16,65927018,swiftowl519,order,8107,0,paid_orders_08-16-2026_08-16-2026.xlsx,16,1129,200,3
upright:65927007:sale,upright,shopgoodwill,sale,2026-08-16,65927007,swifthound959,order,6434,0,paid_orders_08-16-2026_08-16-2026.xlsx,17,999,200,3
upright:65927019:sale,upright,shopgoodwill,sale,2026-08-16,65927019,retrowolf929,order,1150,0,paid_orders_08-16-2026_08-16-2026.xlsx,18,1499,200,1
upright:65927016:sale,upright,shopgoodwill,sale,2026-08-16,65927016,luckythrift392,order,10935,0,paid_orders_08-16-2026_08-16-2026.xlsx,19,1499,200,3
upright:65927023:sale,upright,shopgoodwill,sale,2026-08-16,65927023,quietthrift459,order,2701,0,paid_orders_08-16-2026_08-16-2026.xlsx,20,1099,200,2
upright:65927012:sale,upright,shopgoodwill,sale,2026-08-16,65927012,swiftbear547,order,5893,0,paid_orders_08-16-2026_08-16-2026.xlsx,21,999,200,1
upright:65927006:sale,upright,shopgoodwill,sale,2026-08-16,65927006,happywolf255,order,4536,0,paid_orders_08-16-2026_08-16-2026.xlsx,22,1099,200,2
upright:65927017:sale,upright,shopgoodwill,sale,2026-08-16,65927017,sunnyowl504,order,12483,0,paid_orders_08-16-2026_08-16-2026.xlsx,23,999,200,1
upright:65927021:sale,upright,shopgoodwill,sale,2026-08-16,65927021,happypicker625,order,6574,0,paid_orders_08-16-2026_08-16-2026.xlsx,24,1129,200,2
upright:65928001:sale,upright,shopgoodwill,sale,2026-08-17,65928001,quietcat210,order,8888,0,paid_orders_08-17-2026_08-17-2026.xlsx,1,1499,200,1
upright:65928015:sale,upright,shopgoodwill,sale,2026-08-17,65928015,retrowolf334,order,8607,0,paid_orders_08-17-2026_08-17-2026.xlsx,2,1499,200,1
upright:65928005:sale,upright,shopgoodwill,sale,2026-08-17,65928005,bluewolf204,order,9145,0,paid_orders_08-17-2026_08-17-2026.xlsx,3,1499,200,1
upright:65928002:sale,upright,shopgoodwill,sale,2026-08-17,65928002,retrodeals89,order,9782,0,paid_orders_08-17-2026_08-17-2026.xlsx,4,1499,200,3
upright:65928007:sale,upright,shopgoodwill,sale,2026-08-17,65928007,quietbear698,order,7356,0,paid_orders_08-17-2026_08-17-2026.xlsx,5,1129,200,2
upright:65928013:sale,upright,shopgoodwill,sale,2026-08-17,65928013,luckywolf97,order,10144,0,paid_orders_08-17-2026_08-17-2026.xlsx,6,1129,200,2
upright:65928024:sale,upright,shopgoodwill,sale,2026-08-17,65928024,rustythrift802,order,12769,0,paid_orders_08-17-2026_08-17-2026.xlsx,7,999,200,1
upright:65928004:sale,upright,shopgoodwill,sale,2026-08-17,65928004,swiftpicker158,order,12718,0,paid_orders_08-17-2026_08-17-2026.xlsx,8,1129,200,3
upright:65928023:sale,upright,shopgoodwill,sale,2026-08-17,65928023,rustyfinds190,order,2542,0,paid_orders_08-17-2026_08-17-2026.xlsx,9,1129,200,1
upright:65928003:sale,upright,shopgoodwill,sale,2026-08-17,65928003,rustyfox20,order,10247,0,paid_orders_08-17-2026_08-17-2026.xlsx,10,1099,200,1
upright:65928006:sale,upright,shopgoodwill,sale,2026-08-17,65928006,retrocat789,order,5274,0,paid_orders_08-17-2026_08-17-2026.xlsx,11,1129,200,1
upright:65928016:sale,upright,shopgoodwill,sale,2026-08-17,65928016,quietfinds190,order,13701,0,paid_orders_08-17-2026_08-17-2026.xlsx,12,1129,200,1
upright:65928017:sale,upright,shopgoodwill,sale,2026-08-17,65928017,rustypicker946,order,6420,0,paid_orders_08-17-2026_08-17-2026.xlsx,13,1099,200,3
upright:65928022:sale,upright,shopgoodwill,sale,2026-08-17,65928022,brightbear913,order,7617,0,paid_orders_08-17-2026_08-17-2026.xlsx,14,1499,200,1
upright:65928021:sale,upright,shopgoodwill,sale,2026-08-17,65928021,luckybear601,order,12999,0,paid_orders_08-17-2026_08-17-2026.xlsx,15,999,200,1
upright:65928008:sale,upright,shopgoodwill,sale,2026-08-17,65928008,happybear460,order,4775,0,paid_orders_08-17-2026_08-17-2026.xlsx,16,1099,200,3
upright:65928019:sale,upright,shopgoodwill,sale,2026-08-17,65928019,rustythrift553,order,5955,0,paid_orders_08-17-2026_08-17-2026.xlsx,17,1129,200,1
upright:65928018:sale,upright,shopgoodwill,sale,2026-08-17,65928018,swiftowl802,order,9844,0,paid_orders_08-17-2026_08-17-2026.xlsx,18,999,200,1
upright:65928009:sale,upright,shopgoodwill,sale,2026-08-17,65928009,brighthound939,order,1380,0,paid_orders_08-17-2026_08-17-2026.xlsx,19,1129,200,1
upright:65928020:sale,upright,shopgoodwill,sale,2026-08-17,65928020,quietthrift851,order,4535,0,paid_orders_08-17-2026_08-17-2026.xlsx,20,1099,200,1
upright:65928011:sale,upright,shopgoodwill,sale,2026-08-17,65928011,bluebear936,order,3047,0,paid_orders_08-17-2026_08-17-2026.xlsx,21,999,200,1
upright:65928014:sale,upright,shopgoodwill,sale,2026-08-17,65928014,bluebear505,order,9168,0,paid_orders_08-17-2026_08-17-2026.xlsx,22,1499,200,2
upright:65928012:sale,upright,shopgoodwill,sale,2026-08-17,65928012,rustybear724,order,6705,0,paid_orders_08-17-2026_08-17-2026.xlsx,23,1099,200,1
upright:65928010:sale,upright,shopgoodwill,sale,2026-08-17,65928010,bluefox163,order,10170,0,paid_orders_08-17-2026_08-17-2026.xlsx,24,1099,200,1
upright:65929003:sale,upright,shopgoodwill,sale,2026-08-18,65929003,quietthrift780,order,2139,0,paid_orders_08-18-2026_08-18-2026.xlsx,1,1499,200,1
upright:65929001:sale,upright,shopgoodwill,sale,2026-08-18,65929001,rustywolf811,order,8819,0,paid_orders_08-18-2026_08-18-2026.xlsx,2,1499,200,1
upright:65929009:sale,upright,shopgoodwill,sale,2026-08-18,65929009,luckyowl763,order,13412,0,paid_orders_08-18-2026_08-18-2026.xlsx,3,1099,200,1
upright:65929002:sale,upright,shopgoodwill,sale,2026-08-18,65929002,rustyhound646,order,9699,0,paid_orders_08-18-2026_08-18-2026.xlsx,4,1099,200,1
upright:65929013:sale,upright,shopgoodwill,sale,2026-08-18,65929013,quietfinds26,order,4231,0,paid_orders_08-18-2026_08-18-2026.xlsx,5,1499,200,1
upright:65929021:sale,upright,shopgoodwill,sale,2026-08-18,65929021,rustythrift723,order,5289,0,paid_orders_08-18-2026_08-18-2026.xlsx,6,999,200,2
upright:65929007:sale,upright,shopgoodwill,sale,2026-08-18,65929007,happyfinds970,order,10829,0,paid_orders_08-18-2026_08-18-2026.xlsx,7,999,200,1
upright:65929019:sale,upright,shopgoodwill,sale,2026-08-18,65929019,calmhound936,order,4544,0,paid_orders_08-18-2026_08-18-2026.xlsx,8,1099,200,3
upright:65929018:sale,upright,shopgoodwill,sale,2026-08-18,65929018,calmdeals717,order,690,0,paid_orders_08-18-2026_08-18-2026.xlsx,9,1499,200,3
upright:65929024:sale,upright,shopgoodwill,sale,2026-08-18,65929024,rustyhound645,order,1277,0,paid_orders_08-18-2026_08-18-2026.xlsx,10,1099,200,2
upright:65929014:sale,upright,shopgoodwill,sale,2026-08-18,65929014,happypicker197,order,13464,0,paid_orders_08-18-2026_08-18-2026.xlsx,11,1099,200,1
upright:65929022:sale,upright,shopgoodwill,sale,2026-08-18,65929022,bluepicker529,order,13389,0,paid_orders_08-18-2026_08-18-2026.xlsx,12,999,200,3
upright:65929010:sale,upright,shopgoodwill,sale,2026-08-18,65929010,swiftpicker463,order,6802,0,paid_orders_08-18-2026_08-18-2026.xlsx,13,999,200,1
upright:65929012:sale,upright,shopgoodwill,sale,2026-08-18,65929012,sunnywolf429,order,9738,0,paid_orders_08-18-2026_08-18-2026.xlsx,14,1499,200,2
upright:65929023:sale,upright,shopgoodwill,sale,2026-08-18,65929023,bluebear589,order,11352,0,paid_orders_08-18-2026_08-18-2026.xlsx,15,999,200,1
upright:65929006:sale,upright,shopgoodwill,sale,2026-08-18,65929006,luckyfox496,order,11560,0,paid_orders_08-18-2026_08-18-2026.xlsx,16,999,200,1
upright:65929005:sale,upright,shopgoodwill,sale,2026-08-18,65929005,happyfinds245,order,13676,0,paid_orders_08-18-2026_08-18-2026.xlsx,17,1099,200,1
upright:65929017:sale,upright,shopgoodwill,sale,2026-08-18,65929017,swiftowl505,order,7818,0,paid_orders_08-18-2026_08-18-2026.xlsx,18,1099,200,1
upright:65929011:sale,upright,shopgoodwill,sale,2026-08-18,65929011,retrofinds179,order,8004,0,paid_orders_08-18-2026_08-18-2026.xlsx,19,1129,200,1
upright:65929016:sale,upright,shopgoodwill,sale,2026-08-18,65929016,quiethound82,order,14043,0,paid_orders_08-18-2026_08-18-2026.xlsx,20,1099,200,1
upright:65929015:sale,upright,shopgoodwill,sale,2026-08-18,65929015,rustythrift992,order,13999,0,paid_orders_08-18-2026_08-18-2026.xlsx,21,1099,200,3
upright:65929008:sale,upright,shopgoodwill,sale,2026-08-18,65929008,brightthrift764,order,7734,0,paid_orders_08-18-2026_08-18-2026.xlsx,22,1129,200,3
upright:65929004:sale,upright,shopgoodwill,sale,2026-08-18,65929004,retroowl245,order,7267,0,paid_orders_08-18-2026_08-18-2026.xlsx,23,999,200,1
upright:65929020:sale,upright,shopgoodwill,sale,2026-08-18,65929020,rustyfox436,order,7361,0,paid_orders_08-18-2026_08-18-2026.xlsx,24,1499,200,1
upright:65930017:sale,upright,shopgoodwill,sale,2026-08-19,65930017,bluewolf218,order,4022,0,paid_orders_08-19-2026_08-19-2026.xlsx,1,1129,200,3
upright:65930001:sale,upright,shopgoodwill,sale,2026-08-19,65930001,quietthrift89,order,13409,0,paid_orders_08-19-2026_08-19-2026.xlsx,2,1499,200,3
upright:65930002:sale,upright,shopgoodwill,sale,2026-08-19,65930002,happyowl614,order,14574,0,paid_orders_08-19-2026_08-19-2026.xlsx,3,1499,200,1
upright:65930015:sale,upright,shopgoodwill,sale,2026-08-19,65930015,sunnywolf219,order,8110,0,paid_orders_08-19-2026_08-19-2026.xlsx,4,1499,200,1
upright:65930011:sale,upright,shopgoodwill,sale,2026-08-19,65930011,swiftowl597,order,1524,0,paid_orders_08-19-2026_08-19-2026.xlsx,5,1099,200,1
upright:65930022:sale,upright,shopgoodwill,sale,2026-08-19,65930022,bluebear700,order,11260,0,paid_orders_08-19-2026_08-19-2026.xlsx,6,1129,200,1
upright:65930003:sale,upright,shopgoodwill,sale,2026-08-19,65930003,sunnyowl134,order,3712,0,paid_orders_08-19-2026_08-19-2026.xlsx,7,1129,200,1
upright:65930004:sale,upright,shopgoodwill,sale,2026-08-19,65930004,quietpicker419,order,4805,0,paid_orders_08-19-2026_08-19-2026.xlsx,8,1499,200,3
upright:65930020:sale,upright,shopgoodwill,sale,2026-08-19,65930020,happyfinds877,order,867,0,paid_orders_08-19-2026_08-19-2026.xlsx,9,1099,200,2
upright:65930023:sale,upright,shopgoodwill,sale,2026-08-19,65930023,brighthound278,order,9195,0,paid_orders_08-19-2026_08-19-2026.xlsx,10,1129,200,3
upright:65930016:sale,upright,shopgoodwill,sale,2026-08-19,65930016,swiftfinds538,order,1076,0,paid_orders_08-19-2026_08-19-2026.xlsx,11,1499,200,3
upright:65930013:sale,upright,shopgoodwill,sale,2026-08-19,65930013,sunnydeals288,order,13060,0,paid_orders_08-19-2026_08-19-2026.xlsx,12,1499,200,1
upright:65930006:sale,upright,shopgoodwill,sale,2026-08-19,65930006,happyfinds573,order,9299,0,paid_orders_08-19-2026_08-19-2026.xlsx,13,1499,200,1
upright:65930005:sale,upright,shopgoodwill,sale,2026-08-19,65930005,sunnydeals234,order,12967,0,paid_orders_08-19-2026_08-19-2026.xlsx,14,999,200,3
upright:65930024:sale,upright,shopgoodwill,sale,2026-08-19,65930024,calmcat438,order,9987,0,paid_orders_08-19-2026_08-19-2026.xlsx,15,999,200,3
upright:65930019:sale,upright,shopgoodwill,sale,2026-08-19,65930019,quietfinds61,order,2245,0,paid_orders_08-19-2026_08-19-2026.xlsx,16,1099,200,1
upright:65930010:sale,upright,shopgoodwill,sale,2026-08-19,65930010,swiftfinds35,order,12040,0,paid_orders_08-19-2026_08-19-2026.xlsx,17,1129,200,3
upright:65930014:sale,upright,shopgoodwill,sale,2026-08-19,65930014,brightwolf481,order,14258,0,paid_orders_08-19-2026_08-19-2026.xlsx,18,999,200,2
upright:65930012:sale,upright,shopgoodwill,sale,2026-08-19,65930012,luckypicker709,order,14219,0,paid_orders_08-19-2026_08-19-2026.xlsx,19,1099,200,1
upright:65930009:sale,upright,shopgoodwill,sale,2026-08-19,65930009,sunnyowl111,order,8006,0,paid_orders_08-19-2026_08-19-2026.xlsx,20,1129,200,1
upright:65930018:sale,upright,shopgoodwill,sale,2026-08-19,65930018,calmthrift282,order,11294,0,paid_orders_08-19-2026_08-19-2026.xlsx,21,999,200,1
upright:65930021:sale,upright,shopgoodwill,sale,2026-08-19,65930021,retrodeals261,order,2644,0,paid_orders_08-19-2026_08-19-2026.xlsx,22,1499,200,2
upright:65930008:sale,upright,shopgoodwill,sale,2026-08-19,65930008,swiftowl465,order,12986,0,paid_orders_08-19-2026_08-19-2026.xlsx,23,1129,200,1
upright:65930007:sale,upright,shopgoodwill,sale,2026-08-19,65930007,calmbear759,order,6653,0,paid_orders_08-19-2026_08-19-2026.xlsx,24,1099,200,1
upright:65931001:sale,upright,shopgoodwill,sale,2026-08-20,65931001,bluedeals656,order,10523,0,paid_orders_08-20-2026_08-20-2026.xlsx,1,1129,200,2
upright:65931006:sale,upright,shopgoodwill,sale,2026-08-20,65931006,quietpicker165,order,3946,0,paid_orders_08-20-2026_08-20-2026.xlsx,2,1099,200,1
upright:65931008:sale,upright,shopgoodwill,sale,2026-08-20,65931008,retroowl906,order,1225,0,paid_orders_08-20-2026_08-20-2026.xlsx,3,1099,200,2
upright:65931002:sale,upright,shopgoodwill,sale,2026-08-20,65931002,luckythrift960,order,11227,0,paid_orders_08-20-2026_08-20-2026.xlsx,4,1099,200,2
upright:65931014:sale,upright,shopgoodwill,sale,2026-08-20,65931014,calmthrift937,order,11134,0,paid_orders_08-20-2026_08-20-2026.xlsx,5,1099,200,1
upright:65931020:sale,upright,shopgoodwill,sale,2026-08-20,65931020,rustyowl706,order,14990,0,paid_orders_08-20-2026_08-20-2026.xlsx,6,1499,200,2
upright:65931021:sale,upright,shopgoodwill,sale,2026-08-20,65931021,swiftwolf597,order,14803,0,paid_orders_08-20-2026_08-20-2026.xlsx,7,999,200,1
upright:65931003:sale,upright,shopgoodwill,sale,2026-08-20,65931003,calmcat607,order,1635,0,paid_orders_08-20-2026_08-20-2026.xlsx,8,1499,200,2
upright:65931022:sale,upright,shopgoodwill,sale,2026-08-20,65931022,luckypicker876,order,4314,0,paid_orders_08-20-2026_08-20-2026.xlsx,9,1499,200,1
upright:65931005:sale,upright,shopgoodwill,sale,2026-08-20,65931005,rustywolf771,order,1687,0,paid_orders_08-20-2026_08-20-2026.xlsx,10,1099,200,1
upright:65931018:sale,upright,shopgoodwill,sale,2026-08-20,65931018,retrohound449,order,12242,0,paid_orders_08-20-2026_08-20-2026.xlsx,11,1129,200,3
upright:65931009:sale,upright,shopgoodwill,sale,2026-08-20,65931009,rustyhound921,order,9522,0,paid_orders_08-20-2026_08-20-2026.xlsx,12,999,200,2
upright:65931010:sale,upright,shopgoodwill,sale,2026-08-20,65931010,sunnycat723,order,1031,0,paid_orders_08-20-2026_08-20-2026.xlsx,13,1499,200,1
upright:65931019:sale,upright,shopgoodwill,sale,2026-08-20,65931019,sunnyowl227,order,9806,0,paid_orders_08-20-2026_08-20-2026.xlsx,14,1099,200,3
upright:65931023:sale,upright,shopgoodwill,sale,2026-08-20,65931023,luckywolf201,order,6759,0,paid_orders_08-20-2026_08-20-2026.xlsx,15,1129,200,1
upright:65931007:sale,upright,shopgoodwill,sale,2026-08-20,65931007,swiftthrift337,order,7198,0,paid_orders_08-20-2026_08-20-2026.xlsx,16,1099,200,1
upright:65931024:sale,upright,shopgoodwill,sale,2026-08-20,65931024,swifthound894,order,779,0,paid_orders_08-20-2026_08-20-2026.xlsx,17,1099,200,2
upright:65931011:sale,upright,shopgoodwill,sale,2026-08-20,65931011,brightcat602,order,7577,0,paid_orders_08-20-2026_08-20-2026.xlsx,18,1129,200,1
upright:65931012:sale,upright,shopgoodwill,sale,2026-08-20,65931012,rustyfinds846,order,13046,0,paid_orders_08-20-2026_08-20-2026.xlsx,19,999,200,1
upright:65931015:sale,upright,shopgoodwill,sale,2026-08-20,65931015,rustyfinds74,order,13784,0,paid_orders_08-20-2026_08-20-2026.xlsx,20,1499,200,2
upright:65931016:sale,upright,shopgoodwill,sale,2026-08-20,65931016,quietbear47,order,7465,0,paid_orders_08-20-2026_08-20-2026.xlsx,21,1129,200,1
upright:65931017:sale,upright,shopgoodwill,sale,2026-08-20,65931017,calmfinds242,order,14936,0,paid_orders_08-20-2026_08-20-2026.xlsx,22,1129,200,2
upright:65931004:sale,upright,shopgoodwill,sale,2026-08-20,65931004,calmpicker711,order,1236,0,paid_orders_08-20-2026_08-20-2026.xlsx,23,999,200,1
upright:65931013:sale,upright,shopgoodwill,sale,2026-08-20,65931013,quietdeals629,order,4659,0,paid_orders_08-20-2026_08-20-2026.xlsx,24,1499,200,2
upright:65932014:sale,upright,shopgoodwill,sale,2026-08-21,65932014,brightbear405,order,1466,0,paid_orders_08-21-2026_08-21-2026.xlsx,1,1499,200,1
upright:65932001:sale,upright,shopgoodwill,sale,2026-08-21,65932001,quietpicker436,order,4830,0,paid_orders_08-21-2026_08-21-2026.xlsx,2,999,200,1
upright:65932018:sale,upright,shopgoodwill,sale,2026-08-21,65932018,retropicker803,order,11329,0,paid_orders_08-21-2026_08-21-2026.xlsx,3,1499,200,1
upright:65932005:sale,upright,shopgoodwill,sale,2026-08-21,65932005,swiftowl905,order,9642,0,paid_orders_08-21-2026_08-21-2026.xlsx,4,1499,200,2
upright:65932002:sale,upright,shopgoodwill,sale,2026-08-21,65932002,bluefox494,order,6253,0,paid_orders_08-21-2026_08-21-2026.xlsx,5,1499,200,2
upright:65932024:sale,upright,shopgoodwill,sale,2026-08-21,65932024,quietcat45,order,4821,0,paid_orders_08-21-2026_08-21-2026.xlsx,6,1499,200,1
upright:65932019:sale,upright,shopgoodwill,sale,2026-08-21,65932019,happyhound921,order,14039,0,paid_orders_08-21-2026_08-21-2026.xlsx,7,999,200,3
upright:65932021:sale,upright,shopgoodwill,sale,2026-08-21,65932021,bluefox330,order,4672,0,paid_orders_08-21-2026_08-21-2026.xlsx,8,999,200,1
upright:65932010:sale,upright,shopgoodwill,sale,2026-08-21,65932010,calmwolf354,order,13695,0,paid_orders_08-21-2026_08-21-2026.xlsx,9,1099,200,3
upright:65932011:sale,upright,shopgoodwill,sale,2026-08-21,65932011,swiftowl115,order,5805,0,paid_orders_08-21-2026_08-21-2026.xlsx,10,999,200,3
upright:65932012:sale,upright,shopgoodwill,sale,2026-08-21,65932012,luckypicker400,order,3628,0,paid_orders_08-21-2026_08-21-2026.xlsx,11,1499,200,1
upright:65932022:sale,upright,shopgoodwill,sale,2026-08-21,65932022,swiftfox167,order,4086,0,paid_orders_08-21-2026_08-21-2026.xlsx,12,999,200,1
upright:65932003:sale,upright,shopgoodwill,sale,2026-08-21,65932003,quietthrift114,order,14024,0,paid_orders_08-21-2026_08-21-2026.xlsx,13,1099,200,3
upright:65932007:sale,upright,shopgoodwill,sale,2026-08-21,65932007,rustycat38,order,11489,0,paid_orders_08-21-2026_08-21-2026.xlsx,14,1129,200,3
upright:65932013:sale,upright,shopgoodwill,sale,2026-08-21,65932013,quietbear194,order,11526,0,paid_orders_08-21-2026_08-21-2026.xlsx,15,1129,200,1
upright:65932004:sale,upright,shopgoodwill,sale,2026-08-21,65932004,happyfinds664,order,4788,0,paid_orders_08-21-2026_08-21-2026.xlsx,16,999,200,2
upright:65932020:sale,upright,shopgoodwill,sale,2026-08-21,65932020,brightpicker808,order,13133,0,paid_orders_08-21-2026_08-21-2026.xlsx,17,1499,200,1
upright:65932009:sale,upright,shopgoodwill,sale,2026-08-21,65932009,brightowl213,order,7607,0,paid_orders_08-21-2026_08-21-2026.xlsx,18,1099,200,2
upright:65932017:sale,upright,shopgoodwill,sale,2026-08-21,65932017,sunnybear470,order,5934,0,paid_orders_08-21-2026_08-21-2026.xlsx,19,999,200,1
upright:65932016:sale,upright,shopgoodwill,sale,2026-08-21,65932016,quietthrift888,order,7019,0,paid_orders_08-21-2026_08-21-2026.xlsx,20,1129,200,1
upright:65932008:sale,upright,shopgoodwill,sale,2026-08-21,65932008,retrofinds261,order,10174,0,paid_orders_08-21-2026_08-21-2026.xlsx,21,1099,200,1
upright:65932015:sale,upright,shopgoodwill,sale,2026-08-21,65932015,retrocat659,order,13687,0,paid_orders_08-21-2026_08-21-2026.xlsx,22,1129,200,3
upright:65932023:sale,upright,shopgoodwill,sale,2026-08-21,65932023,happyhound918,order,2989,0,paid_orders_08-21-2026_08-21-2026.xlsx,23,999,200,2
upright:65932006:sale,upright,shopgoodwill,sale,2026-08-21,65932006,happythrift674,order,13200,0,paid_orders_08-21-2026_08-21-2026.xlsx,24,1499,200,3
upright:65933001:sale,upright,shopgoodwill,sale,2026-08-22,65933001,quietowl285,order,2861,0,paid_orders_08-22-2026_08-22-2026.xlsx,1,1099,200,1
upright:65933002:sale,upright,shopgoodwill,sale,2026-08-22,65933002,calmowl375,order,11076,0,paid_orders_08-22-2026_08-22-2026.xlsx,2,999,200,3
upright:65933016:sale,upright,shopgoodwill,sale,2026-08-22,65933016,retrofox275,order,3419,0,paid_orders_08-22-2026_08-22-2026.xlsx,3,1129,200,1
upright:65933009:sale,upright,shopgoodwill,sale,2026-08-22,65933009,calmfinds206,order,6978,0,paid_orders_08-22-2026_08-22-2026.xlsx,4,1129,200,2
upright:65933005:sale,upright,shopgoodwill,sale,2026-08-22,65933005,brightowl445,order,1953,0,paid_orders_08-22-2026_08-22-2026.xlsx,5,1499,200,1
upright:65933020:sale,upright,shopgoodwill,sale,2026-08-22,65933020,bluehound77,order,2314,0,paid_orders_08-22-2026_08-22-2026.xlsx,6,1499,200,2
upright:65933024:sale,upright,shopgoodwill,sale,2026-08-22,65933024,retrodeals632,order,10289,0,paid_orders_08-22-2026_08-22-2026.xlsx,7,1499,200,1
upright:65933007:sale,upright,shopgoodwill,sale,2026-08-22,65933007,calmpicker85,order,4660,0,paid_orders_08-22-2026_08-22-2026.xlsx,8,999,200,1
upright:65933021:sale,upright,shopgoodwill,sale,2026-08-22,65933021,happyowl588,order,8824,0,paid_orders_08-22-2026_08-22-2026.xlsx,9,1099,200,1
upright:65933006:sale,upright,shopgoodwill,sale,2026-08-22,65933006,quietfox526,order,6030,0,paid_orders_08-22-2026_08-22-2026.xlsx,10,999,200,2
upright:65933018:sale,upright,shopgoodwill,sale,2026-08-22,65933018,luckypicker305,order,8225,0,paid_orders_08-22-2026_08-22-2026.xlsx,11,1099,200,1
upright:65933008:sale,upright,shopgoodwill,sale,2026-08-22,65933008,happycat658,order,13044,0,paid_orders_08-22-2026_08-22-2026.xlsx,12,1129,200,1
upright:65933015:sale,upright,shopgoodwill,sale,2026-08-22,65933015,retrobear162,order,827,0,paid_orders_08-22-2026_08-22-2026.xlsx,13,1099,200,2
upright:65933017:sale,upright,shopgoodwill,sale,2026-08-22,65933017,quietwolf171,order,2650,0,paid_orders_08-22-2026_08-22-2026.xlsx,14,999,200,1
upright:65933012:sale,upright,shopgoodwill,sale,2026-08-22,65933012,sunnythrift429,order,6134,0,paid_orders_08-22-2026_08-22-2026.xlsx,15,1099,200,1
upright:65933011:sale,upright,shopgoodwill,sale,2026-08-22,65933011,quietfinds597,order,10687,0,paid_orders_08-22-2026_08-22-2026.xlsx,16,999,200,1
upright:65933004:sale,upright,shopgoodwill,sale,2026-08-22,65933004,happybear661,order,10694,0,paid_orders_08-22-2026_08-22-2026.xlsx,17,1499,200,1
upright:65933023:sale,upright,shopgoodwill,sale,2026-08-22,65933023,rustyfox762,order,10247,0,paid_orders_08-22-2026_08-22-2026.xlsx,18,999,200,2
upright:65933003:sale,upright,shopgoodwill,sale,2026-08-22,65933003,swiftpicker864,order,6128,0,paid_orders_08-22-2026_08-22-2026.xlsx,19,1499,200,1
upright:65933014:sale,upright,shopgoodwill,sale,2026-08-22,65933014,retrocat124,order,3978,0,paid_orders_08-22-2026_08-22-2026.xlsx,20,1129,200,1
upright:65933022:sale,upright,shopgoodwill,sale,2026-08-22,65933022,luckypicker529,order,4864,0,paid_orders_08-22-2026_08-22-2026.xlsx,21,999,200,2
upright:65933010:sale,upright,shopgoodwill,sale,2026-08-22,65933010,bluethrift649,order,2662,0,paid_orders_08-22-2026_08-22-2026.xlsx,22,1499,200,1
upright:65933013:sale,upright,shopgoodwill,sale,2026-08-22,65933013,quietfinds978,order,12034,0,paid_orders_08-22-2026_08-22-2026.xlsx,23,1099,200,2
upright:65933019:sale,upright,shopgoodwill,sale,2026-08-22,65933019,retrofox401,order,13645,0,paid_orders_08-22-2026_08-22-2026.xlsx,24,1129,200,1
upright:65934001:sale,upright,shopgoodwill,sale,2026-08-23,65934001,calmcat765,order,10696,0,paid_orders_08-23-2026_08-23-2026.xlsx,1,1499,200,1
upright:65934023:sale,upright,shopgoodwill,sale,2026-08-23,65934023,quietthrift48,order,10840,0,paid_orders_08-23-2026_08-23-2026.xlsx,2,1129,200,1
upright:65934013:sale,upright,shopgoodwill,sale,2026-08-23,65934013,luckyhound930,order,10443,0,paid_orders_08-23-2026_08-23-2026.xlsx,3,1499,200,1
upright:65934002:sale,upright,shopgoodwill,sale,2026-08-23,65934002,happywolf686,order,14092,0,paid_orders_08-23-2026_08-23-2026.xlsx,4,1099,200,1
upright:65934009:sale,upright,shopgoodwill,sale,2026-08-23,65934009,sunnypicker737,order,13900,0,paid_orders_08-23-2026_08-23-2026.xlsx,5,999,200,3
upright:65934020:sale,upright,shopgoodwill,sale,2026-08-23,65934020,calmowl302,order,1391,0,paid_orders_08-23-2026_08-23-2026.xlsx,6,1099,200,3
upright:65934005:sale,upright,shopgoodwill,sale,2026-08-23,65934005,swiftfox117,order,5237,0,paid_orders_08-23-2026_08-23-2026.xlsx,7,1129,200,1
upright:65934022:sale,upright,shopgoodwill,sale,2026-08-23,65934022,happycat614,order,4403,0,paid_orders_08-23-2026_08-23-2026.xlsx,8,1499,200,3
upright:65934019:sale,upright,shopgoodwill,sale,2026-08-23,65934019,quietcat725,order,8701,0,paid_orders_08-23-2026_08-23-2026.xlsx,9,999,200,1
upright:65934024:sale,upright,shopgoodwill,sale,2026-08-23,65934024,swiftfox281,order,12537,0,paid_orders_08-23-2026_08-23-2026.xlsx,10,999,200,3
upright:65934006:sale,upright,shopgoodwill,sale,2026-08-23,65934006,bluethrift844,order,10452,0,paid_orders_08-23-2026_08-23-2026.xlsx,11,999,200,1
upright:65934011:sale,upright,shopgoodwill,sale,2026-08-23,65934011,luckyowl465,order,10032,0,paid_orders_08-23-2026_08-23-2026.xlsx,12,1099,200,1
upright:65934012:sale,upright,shopgoodwill,sale,2026-08-23,65934012,sunnycat287,order,2885,0,paid_orders_08-23-2026_08-23-2026.xlsx,13,1499,200,1
upright:65934003:sale,upright,shopgoodwill,sale,2026-08-23,65934003,bluedeals153,order,3550,0,paid_orders_08-23-2026_08-23-2026.xlsx,14,999,200,1
upright:65934004:sale,upright,shopgoodwill,sale,2026-08-23,65934004,swiftwolf721,order,1158,0,paid_orders_08-23-2026_08-23-2026.xlsx,15,999,200,1
upright:65934018:sale,upright,shopgoodwill,sale,2026-08-23,65934018,swiftcat417,order,8178,0,paid_orders_08-23-2026_08-23-2026.xlsx,16,1129,200,2
upright:65934007:sale,upright,shopgoodwill,sale,2026-08-23,65934007,happydeals732,order,6229,0,paid_orders_08-23-2026_08-23-2026.xlsx,17,999,200,1
upright:65934017:sale,upright,shopgoodwill,sale,2026-08-23,65934017,brightdeals867,order,7179,0,paid_orders_08-23-2026_08-23-2026.xlsx,18,999,200,2
upright:65934010:sale,upright,shopgoodwill,sale,2026-08-23,65934010,rustydeals197,order,6422,0,paid_orders_08-23-2026_08-23-2026.xlsx,19,999,200,1
upright:65934021:sale,upright,shopgoodwill,sale,2026-08-23,65934021,retrohound330,order,1861,0,paid_orders_08-23-2026_08-23-2026.xlsx,20,1129,200,1
upright:65934014:sale,upright,shopgoodwill,sale,2026-08-23,65934014,swiftdeals346,order,9173,0,paid_orders_08-23-2026_08-23-2026.xlsx,21,1499,200,2
upright:65934015:sale,upright,shopgoodwill,sale,2026-08-23,65934015,luckyowl715,order,6445,0,paid_orders_08-23-2026_08-23-2026.xlsx,22,1099,200,2
upright:65934008:sale,upright,shopgoodwill,sale,2026-08-23,65934008,quietthrift345,order,13907,0,paid_orders_08-23-2026_08-23-2026.xlsx,23,1099,200,3
upright:65934016:sale,upright,shopgoodwill,sale,2026-08-23,65934016,calmowl960,order,6687,0,paid_orders_08-23-2026_08-23-2026.xlsx,24,1099,200,1
upright:65935001:sale,upright,shopgoodwill,sale,2026-08-24,65935001,retroowl598,order,12819,0,paid_orders_08-24-2026_08-24-2026.xlsx,1,1499,200,1
upright:65935021:sale,upright,shopgoodwill,sale,2026-08-24,65935021,brighthound332,order,1195,0,paid_orders_08-24-2026_08-24-2026.xlsx,2,1099,200,3
upright:65935016:sale,upright,shopgoodwill,sale,2026-08-24,65935016,swiftbear595,order,12335,0,paid_orders_08-24-2026_08-24-2026.xlsx,3,999,200,1
upright:65935002:sale,upright,shopgoodwill,sale,2026-08-24,65935002,sunnydeals861,order,10118,0,paid_orders_08-24-2026_08-24-2026.xlsx,4,1499,200,1
upright:65935009:sale,upright,shopgoodwill,sale,2026-08-24,65935009,luckywolf614,order,1072,0,paid_orders_08-24-2026_08-24-2026.xlsx,5,1499,200,1
upright:65935018:sale,upright,shopgoodwill,sale,2026-08-24,65935018,luckyowl154,order,1067,0,paid_orders_08-24-2026_08-24-2026.xlsx,6,1129,200,1
upright:65935011:sale,upright,shopgoodwill,sale,2026-08-24,65935011,happypicker57,order,630,0,paid_orders_08-24-2026_08-24-2026.xlsx,7,1099,200,1
upright:65935008:sale,upright,shopgoodwill,sale,2026-08-24,65935008,retrodeals509,order,4018,0,paid_orders_08-24-2026_08-24-2026.xlsx,8,1129,200,1
upright:65935017:sale,upright,shopgoodwill,sale,2026-08-24,65935017,blueowl750,order,6085,0,paid_orders_08-24-2026_08-24-2026.xlsx,9,1129,200,1
upright:65935012:sale,upright,shopgoodwill,sale,2026-08-24,65935012,swifthound995,order,14343,0,paid_orders_08-24-2026_08-24-2026.xlsx,10,1099,200,1
upright:65935013:sale,upright,shopgoodwill,sale,2026-08-24,65935013,brightfox957,order,14893,0,paid_orders_08-24-2026_08-24-2026.xlsx,11,1499,200,3
upright:65935004:sale,upright,shopgoodwill,sale,2026-08-24,65935004,brightfinds854,order,5731,0,paid_orders_08-24-2026_08-24-2026.xlsx,12,999,200,1
upright:65935020:sale,upright,shopgoodwill,sale,2026-08-24,65935020,retrofox527,order,6530,0,paid_orders_08-24-2026_08-24-2026.xlsx,13,1129,200,1
upright:65935007:sale,upright,shopgoodwill,sale,2026-08-24,65935007,rustyfox652,order,6566,0,paid_orders_08-24-2026_08-24-2026.xlsx,14,1099,200,3
upright:65935024:sale,upright,shopgoodwill,sale,2026-08-24,65935024,rustybear573,order,10843,0,paid_orders_08-24-2026_08-24-2026.xlsx,15,1499,200,1
upright:65935015:sale,upright,shopgoodwill,sale,2026-08-24,65935015,quietdeals468,order,13082,0,paid_orders_08-24-2026_08-24-2026.xlsx,16,1099,200,1
upright:65935022:sale,upright,shopgoodwill,sale,2026-08-24,65935022,bluefox300,order,6615,0,paid_orders_08-24-2026_08-24-2026.xlsx,17,1129,200,2
upright:65935006:sale,upright,shopgoodwill,sale,2026-08-24,65935006,quietowl286,order,501,0,paid_orders_08-24-2026_08-24-2026.xlsx,18,999,200,1
upright:65935003:sale,upright,shopgoodwill,sale,2026-08-24,65935003,brightfox406,order,4439,0,paid_orders_08-24-2026_08-24-2026.xlsx,19,1129,200,2
upright:65935005:sale,upright,shopgoodwill,sale,2026-08-24,65935005,rustydeals817,order,11122,0,paid_orders_08-24-2026_08-24-2026.xlsx,20,1129,200,1
upright:65935010:sale,upright,shopgoodwill,sale,2026-08-24,65935010,calmhound262,order,12746,0,paid_orders_08-24-2026_08-24-2026.xlsx,21,1129,200,1
upright:65935023:sale,upright,shopgoodwill,sale,2026-08-24,65935023,bluewolf625,order,12573,0,paid_orders_08-24-2026_08-24-2026.xlsx,22,999,200,3
upright:65935019:sale,upright,shopgoodwill,sale,2026-08-24,65935019,rustydeals675,order,14085,0,paid_orders_08-24-2026_08-24-2026.xlsx,23,1499,200,1
upright:65935014:sale,upright,shopgoodwill,sale,2026-08-24,65935014,retrothrift398,order,1156,0,paid_orders_08-24-2026_08-24-2026.xlsx,24,1099,200,3
upright:65936001:sale,upright,shopgoodwill,sale,2026-08-25,65936001,swiftowl207,order,14186,0,paid_orders_08-25-2026_08-25-2026.xlsx,1,1499,200,3
upright:65936016:sale,upright,shopgoodwill,sale,2026-08-25,65936016,luckyowl841,order,5138,0,paid_orders_08-25-2026_08-25-2026.xlsx,2,1099,200,3
upright:65936002:sale,upright,shopgoodwill,sale,2026-08-25,65936002,luckybear483,order,13801,0,paid_orders_08-25-2026_08-25-2026.xlsx,3,1129,200,2
upright:65936004:sale,upright,shopgoodwill,sale,2026-08-25,65936004,happywolf721,order,11544,0,paid_orders_08-25-2026_08-25-2026.xlsx,4,1129,200,1
upright:65936022:sale,upright,shopgoodwill,sale,2026-08-25,65936022,retrohound982,order,3906,0,paid_orders_08-25-2026_08-25-2026.xlsx,5,1499,200,1
upright:65936003:sale,upright,shopgoodwill,sale,2026-08-25,65936003,brightdeals760,order,10687,0,paid_orders_08-25-2026_08-25-2026.xlsx,6,999,200,3
upright:65936013:sale,upright,shopgoodwill,sale,2026-08-25,65936013,luckyfinds613,order,9752,0,paid_orders_08-25-2026_08-25-2026.xlsx,7,1099,200,1
upright:65936019:sale,upright,shopgoodwill,sale,2026-08-25,65936019,happythrift422,order,13455,0,paid_orders_08-25-2026_08-25-2026.xlsx,8,1499,200,1
upright:65936010:sale,upright,shopgoodwill,sale,2026-08-25,65936010,retrofox783,order,8908,0,paid_orders_08-25-2026_08-25-2026.xlsx,9,1499,200,2
upright:65936018:sale,upright,shopgoodwill,sale,2026-08-25,65936018,sunnyhound255,order,12306,0,paid_orders_08-25-2026_08-25-2026.xlsx,10,1129,200,1
upright:65936012:sale,upright,shopgoodwill,sale,2026-08-25,65936012,bluedeals848,order,5582,0,paid_orders_08-25-2026_08-25-2026.xlsx,11,1499,200,1
upright:65936020:sale,upright,shopgoodwill,sale,2026-08-25,65936020,retrofox57,order,11659,0,paid_orders_08-25-2026_08-25-2026.xlsx,12,1129,200,3
upright:65936007:sale,upright,shopgoodwill,sale,2026-08-25,65936007,swiftthrift134,order,10732,0,paid_orders_08-25-2026_08-25-2026.xlsx,13,1099,200,2
upright:65936005:sale,upright,shopgoodwill,sale,2026-08-25,65936005,retrofox377,order,5210,0,paid_orders_08-25-2026_08-25-2026.xlsx,14,1129,200,3
upright:65936014:sale,upright,shopgoodwill,sale,2026-08-25,65936014,quietpicker952,order,9950,0,paid_orders_08-25-2026_08-25-2026.xlsx,15,999,200,3
upright:65936006:sale,upright,shopgoodwill,sale,2026-08-25,65936006,luckyowl553,order,6222,0,paid_orders_08-25-2026_08-25-2026.xlsx,16,1099,200,1
upright:65936024:sale,upright,shopgoodwill,sale,2026-08-25,65936024,bluehound25,order,11436,0,paid_orders_08-25-2026_08-25-2026.xlsx,17,1499,200,1
upright:65936015:sale,upright,shopgoodwill,sale,2026-08-25,65936015,rustydeals416,order,7350,0,paid_orders_08-25-2026_08-25-2026.xlsx,18,999,200,2
upright:65936023:sale,upright,shopgoodwill,sale,2026-08-25,65936023,bluethrift381,order,12679,0,paid_orders_08-25-2026_08-25-2026.xlsx,19,1129,200,1
upright:65936021:sale,upright,shopgoodwill,sale,2026-08-25,65936021,happyowl555,order,5066,0,paid_orders_08-25-2026_08-25-2026.xlsx,20,1129,200,1
upright:65936011:sale,upright,shopgoodwill,sale,2026-08-25,65936011,luckyfox259,order,11937,0,paid_orders_08-25-2026_08-25-2026.xlsx,21,1099,200,1
upright:65936017:sale,upright,shopgoodwill,sale,2026-08-25,65936017,brightowl59,order,5864,0,paid_orders_08-25-2026_08-25-2026.xlsx,22,999,200,1
upright:65936009:sale,upright,shopgoodwill,sale,2026-08-25,65936009,brighthound976,order,8078,0,paid_orders_08-25-2026_08-25-2026.xlsx,23,1499,200,2
upright:65936008:sale,upright,shopgoodwill,sale,2026-08-25,65936008,bluethrift606,order,5179,0,paid_orders_08-25-2026_08-25-2026.xlsx,24,1099,200,3
upright:65937001:sale,upright,shopgoodwill,sale,2026-08-26,65937001,brighthound139,order,3023,0,paid_orders_08-26-2026_08-26-2026.xlsx,1,1099,200,2
upright:65937002:sale,upright,shopgoodwill,sale,2026-08-26,65937002,happyhound131,order,14822,0,paid_orders_08-26-2026_08-26-2026.xlsx,2,1499,200,1
upright:65937019:sale,upright,shopgoodwill,sale,2026-08-26,65937019,brightbear239,order,2774,0,paid_orders_08-26-2026_08-26-2026.xlsx,3,1499,200,1
upright:65937009:sale,upright,shopgoodwill,sale,2026-08-26,65937009,retrocat33,order,12909,0,paid_orders_08-26-2026_08-26-2026.xlsx,4,1099,200,1
upright:65937006:sale,upright,shopgoodwill,sale,2026-08-26,65937006,retrofinds854,order,8607,0,paid_orders_08-26-2026_08-26-2026.xlsx,5,1099,200,3
upright:65937011:sale,upright,shopgoodwill,sale,2026-08-26,65937011,calmpicker808,order,11054,0,paid_orders_08-26-2026_08-26-2026.xlsx,6,1099,200,3
upright:65937022:sale,upright,shopgoodwill,sale,2026-08-26,65937022,retrofox334,order,12010,0,paid_orders_08-26-2026_08-26-2026.xlsx,7,1499,200,3
upright:65937007:sale,upright,shopgoodwill,sale,2026-08-26,65937007,luckydeals868,order,11982,0,paid_orders_08-26-2026_08-26-2026.xlsx,8,1099,200,3
upright:65937013:sale,upright,shopgoodwill,sale,2026-08-26,65937013,rustyowl485,order,14279,0,paid_orders_08-26-2026_08-26-2026.xlsx,9,1099,200,1
upright:65937008:sale,upright,shopgoodwill,sale,2026-08-26,65937008,calmfox669,order,6904,0,paid_orders_08-26-2026_08-26-2026.xlsx,10,1499,200,2
upright:65937010:sale,upright,shopgoodwill,sale,2026-08-26,65937010,happybear15,order,13875,0,paid_orders_08-26-2026_08-26-2026.xlsx,11,999,200,1
upright:65937017:sale,upright,shopgoodwill,sale,2026-08-26,65937017,luckycat109,order,4518,0,paid_orders_08-26-2026_08-26-2026.xlsx,12,1129,200,1
upright:65937003:sale,upright,shopgoodwill,sale,2026-08-26,65937003,swiftcat798,order,4308,0,paid_orders_08-26-2026_08-26-2026.xlsx,13,1099,200,1
upright:65937016:sale,upright,shopgoodwill,sale,2026-08-26,65937016,bluecat358,order,6900,0,paid_orders_08-26-2026_08-26-2026.xlsx,14,999,200,1
upright:65937004:sale,upright,shopgoodwill,sale,2026-08-26,65937004,brightowl660,order,13097,0,paid_orders_08-26-2026_08-26-2026.xlsx,15,999,200,1
upright:65937024:sale,upright,shopgoodwill,sale,2026-08-26,65937024,quietfox393,order,7662,0,paid_orders_08-26-2026_08-26-2026.xlsx,16,1099,200,2
upright:65937020:sale,upright,shopgoodwill,sale,2026-08-26,65937020,luckydeals215,order,8641,0,paid_orders_08-26-2026_08-26-2026.xlsx,17,999,200,2
upright:65937018:sale,upright,shopgoodwill,sale,2026-08-26,65937018,luckydeals301,order,5034,0,paid_orders_08-26-2026_08-26-2026.xlsx,18,1129,200,1
upright:65937021:sale,upright,shopgoodwill,sale,2026-08-26,65937021,happyowl204,order,1909,0,paid_orders_08-26-2026_08-26-2026.xlsx,19,1499,200,3
upright:65937023:sale,upright,shopgoodwill,sale,2026-08-26,65937023,swiftpicker983,order,6626,0,paid_orders_08-26-2026_08-26-2026.xlsx,20,999,200,2
upright:65937005:sale,upright,shopgoodwill,sale,2026-08-26,65937005,brightpicker127,order,13352,0,paid_orders_08-26-2026_08-26-2026.xlsx,21,1099,200,2
upright:65937015:sale,upright,shopgoodwill,sale,2026-08-26,65937015,calmcat365,order,2483,0,paid_orders_08-26-2026_08-26-2026.xlsx,22,1499,200,1
upright:65937014:sale,upright,shopgoodwill,sale,2026-08-26,65937014,quietdeals731,order,13150,0,paid_orders_08-26-2026_08-26-2026.xlsx,23,1129,200,1
upright:65937012:sale,upright,shopgoodwill,sale,2026-08-26,65937012,calmfox893,order,4646,0,paid_orders_08-26-2026_08-26-2026.xlsx,24,999,200,1
upright:65938001:sale,upright,shopgoodwill,sale,2026-08-27,65938001,blueowl425,order,11471,0,paid_orders_08-27-2026_08-27-2026.xlsx,1,1499,200,1
upright:65938002:sale,upright,shopgoodwill,sale,2026-08-27,65938002,luckyowl597,order,1033,0,paid_orders_08-27-2026_08-27-2026.xlsx,2,1129,200,1
upright:65938014:sale,upright,shopgoodwill,sale,2026-08-27,65938014,luckywolf781,order,13424,0,paid_orders_08-27-2026_08-27-2026.xlsx,3,1499,200,3
upright:65938015:sale,upright,shopgoodwill,sale,2026-08-27,65938015,brightfox335,order,11814,0,paid_orders_08-27-2026_08-27-2026.xlsx,4,1129,200,1
upright:65938007:sale,upright,shopgoodwill,sale,2026-08-27,65938007,luckyowl364,order,2877,0,paid_orders_08-27-2026_08-27-2026.xlsx,5,1129,200,3
upright:65938012:sale,upright,shopgoodwill,sale,2026-08-27,65938012,brightthrift248,order,12647,0,paid_orders_08-27-2026_08-27-2026.xlsx,6,999,200,1
upright:65938020:sale,upright,shopgoodwill,sale,2026-08-27,65938020,happyowl683,order,3398,0,paid_orders_08-27-2026_08-27-2026.xlsx,7,1099,200,2
upright:65938017:sale,upright,shopgoodwill,sale,2026-08-27,65938017,luckyfox629,order,12112,0,paid_orders_08-27-2026_08-27-2026.xlsx,8,1099,200,1
upright:65938018:sale,upright,shopgoodwill,sale,2026-08-27,65938018,rustywolf769,order,1241,0,paid_orders_08-27-2026_08-27-2026.xlsx,9,1499,200,1
upright:65938016:sale,upright,shopgoodwill,sale,2026-08-27,65938016,luckywolf719,order,7365,0,paid_orders_08-27-2026_08-27-2026.xlsx,10,1129,200,1
upright:65938009:sale,upright,shopgoodwill,sale,2026-08-27,65938009,brightcat664,order,14814,0,paid_orders_08-27-2026_08-27-2026.xlsx,11,1499,200,2
upright:65938011:sale,upright,shopgoodwill,sale,2026-08-27,65938011,quietbear994,order,5115,0,paid_orders_08-27-2026_08-27-2026.xlsx,12,1129,200,3
upright:65938021:sale,upright,shopgoodwill,sale,2026-08-27,65938021,happypicker649,order,10795,0,paid_orders_08-27-2026_08-27-2026.xlsx,13,1129,200,3
upright:65938022:sale,upright,shopgoodwill,sale,2026-08-27,65938022,bluehound366,order,2803,0,paid_orders_08-27-2026_08-27-2026.xlsx,14,1499,200,1
upright:65938024:sale,upright,shopgoodwill,sale,2026-08-27,65938024,swiftwolf847,order,13563,0,paid_orders_08-27-2026_08-27-2026.xlsx,15,999,200,1
upright:65938019:sale,upright,shopgoodwill,sale,2026-08-27,65938019,happycat173,order,1729,0,paid_orders_08-27-2026_08-27-2026.xlsx,16,999,200,2
upright:65938003:sale,upright,shopgoodwill,sale,2026-08-27,65938003,brightcat837,order,7443,0,paid_orders_08-27-2026_08-27-2026.xlsx,17,1129,200,2
upright:65938004:sale,upright,shopgoodwill,sale,2026-08-27,65938004,quietowl888,order,5102,0,paid_orders_08-27-2026_08-27-2026.xlsx,18,1099,200,1
upright:65938008:sale,upright,shopgoodwill,sale,2026-08-27,65938008,rustywolf204,order,11376,0,paid_orders_08-27-2026_08-27-2026.xlsx,19,1099,200,1
upright:65938010:sale,upright,shopgoodwill,sale,2026-08-27,65938010,swiftdeals529,order,11274,0,paid_orders_08-27-2026_08-27-2026.xlsx,20,1129,200,1
upright:65938006:sale,upright,shopgoodwill,sale,2026-08-27,65938006,brightowl507,order,11999,0,paid_orders_08-27-2026_08-27-2026.xlsx,21,1129,200,1
upright:65938023:sale,upright,shopgoodwill,sale,2026-08-27,65938023,calmpicker775,order,12878,0,paid_orders_08-27-2026_08-27-2026.xlsx,22,1099,200,1
upright:65938005:sale,upright,shopgoodwill,sale,2026-08-27,65938005,quietfinds771,order,13004,0,paid_orders_08-27-2026_08-27-2026.xlsx,23,999,200,1
upright:65938013:sale,upright,shopgoodwill,sale,2026-08-27,65938013,swiftcat32,order,5644,0,paid_orders_08-27-2026_08-27-2026.xlsx,24,1099,200,3
upright:65939001:sale,upright,shopgoodwill,sale,2026-08-28,65939001,calmhound39,order,11454,0,paid_orders_08-28-2026_08-28-2026.xlsx,1,999,200,1
upright:65939019:sale,upright,shopgoodwill,sale,2026-08-28,65939019,brightdeals321,order,11096,0,paid_orders_08-28-2026_08-28-2026.xlsx,2,1099,200,2
upright:65939013:sale,upright,shopgoodwill,sale,2026-08-28,65939013,rustydeals999,order,1014,0,paid_orders_08-28-2026_08-28-2026.xlsx,3,1129,200,1
upright:65939017:sale,upright,shopgoodwill,sale,2026-08-28,65939017,luckycat75,order,6433,0,paid_orders_08-28-2026_08-28-2026.xlsx,4,1129,200,2
upright:65939002:sale,upright,shopgoodwill,sale,2026-08-28,65939002,brightfox787,order,9984,0,paid_orders_08-28-2026_08-28-2026.xlsx,5,999,200,1
upright:65939022:sale,upright,shopgoodwill,sale,2026-08-28,65939022,sunnyowl827,order,6831,0,paid_orders_08-28-2026_08-28-2026.xlsx,6,999,200,1
upright:65939010:sale,upright,shopgoodwill,sale,2026-08-28,65939010,rustyhound859,order,11377,0,paid_orders_08-28-2026_08-28-2026.xlsx,7,1129,200,1
upright:65939009:sale,upright,shopgoodwill,sale,2026-08-28,65939009,rustyowl254,order,1421,0,paid_orders_08-28-2026_08-28-2026.xlsx,8,1129,200,2
upright:65939015:sale,upright,shopgoodwill,sale,2026-08-28,65939015,calmthrift791,order,6161,0,paid_orders_08-28-2026_08-28-2026.xlsx,9,1129,200,1
upright:65939021:sale,upright,shopgoodwill,sale,2026-08-28,65939021,sunnyfox387,order,1927,0,paid_orders_08-28-2026_08-28-2026.xlsx,10,1499,200,1
upright:65939005:sale,upright,shopgoodwill,sale,2026-08-28,65939005,quietowl32,order,9874,0,paid_orders_08-28-2026_08-28-2026.xlsx,11,1499,200,1
upright:65939011:sale,upright,shopgoodwill,sale,2026-08-28,65939011,quietfox338,order,3862,0,paid_orders_08-28-2026_08-28-2026.xlsx,12,1099,200,3
upright:65939007:sale,upright,shopgoodwill,sale,2026-08-28,65939007,retrodeals711,order,9488,0,paid_orders_08-28-2026_08-28-2026.xlsx,13,1129,200,1
upright:65939014:sale,upright,shopgoodwill,sale,2026-08-28,65939014,quietwolf246,order,8364,0,paid_orders_08-28-2026_08-28-2026.xlsx,14,999,200,2
upright:65939003:sale,upright,shopgoodwill,sale,2026-08-28,65939003,luckypicker311,order,6623,0,paid_orders_08-28-2026_08-28-2026.xlsx,15,999,200,3
upright:65939006:sale,upright,shopgoodwill,sale,2026-08-28,65939006,luckywolf868,order,9669,0,paid_orders_08-28-2026_08-28-2026.xlsx,16,1499,200,2
upright:65939016:sale,upright,shopgoodwill,sale,2026-08-28,65939016,brightcat240,order,10460,0,paid_orders_08-28-2026_08-28-2026.xlsx,17,1099,200,1
upright:65939012:sale,upright,shopgoodwill,sale,2026-08-28,65939012,rustybear727,order,7376,0,paid_orders_08-28-2026_08-28-2026.xlsx,18,1099,200,1
upright:65939004:sale,upright,shopgoodwill,sale,2026-08-28,65939004,happydeals330,order,2131,0,paid_orders_08-28-2026_08-28-2026.xlsx,19,1099,200,2
upright:65939023:sale,upright,shopgoodwill,sale,2026-08-28,65939023,happydeals789,order,8697,0,paid_orders_08-28-2026_08-28-2026.xlsx,20,1099,200,3
upright:65939008:sale,upright,shopgoodwill,sale,2026-08-28,65939008,bluepicker66,order,4274,0,paid_orders_08-28-2026_08-28-2026.xlsx,21,1099,200,3
upright:65939024:sale,upright,shopgoodwill,sale,2026-08-28,65939024,sunnycat220,order,7880,0,paid_orders_08-28-2026_08-28-2026.xlsx,22,999,200,1
upright:65939020:sale,upright,shopgoodwill,sale,2026-08-28,65939020,quietpicker985,order,8460,0,paid_orders_08-28-2026_08-28-2026.xlsx,23,1499,200,3
upright:65939018:sale,upright,shopgoodwill,sale,2026-08-28,65939018,sunnyfinds792,order,13063,0,paid_orders_08-28-2026_08-28-2026.xlsx,24,999,200,1
upright:65940001:sale,upright,shopgoodwill,sale,2026-08-29,65940001,happybear833,order,1184,0,paid_orders_08-29-2026_08-29-2026.xlsx,1,1499,200,3
upright:65940004:sale,upright,shopgoodwill,sale,2026-08-29,65940004,bluebear972,order,4584,0,paid_orders_08-29-2026_08-29-2026.xlsx,2,1129,200,1
upright:65940010:sale,upright,shopgoodwill,sale,2026-08-29,65940010,calmhound231,order,12107,0,paid_orders_08-29-2026_08-29-2026.xlsx,3,1099,200,3
upright:65940007:sale,upright,shopgoodwill,sale,2026-08-29,65940007,brightdeals498,order,2303,0,paid_orders_08-29-2026_08-29-2026.xlsx,4,1129,200,1
upright:65940002:sale,upright,shopgoodwill,sale,2026-08-29,65940002,retrobear579,order,12020,0,paid_orders_08-29-2026_08-29-2026.xlsx,5,1499,200,3
upright:65940021:sale,upright,shopgoodwill,sale,2026-08-29,65940021,happyhound994,order,6535,0,paid_orders_08-29-2026_08-29-2026.xlsx,6,1499,200,2
upright:65940017:sale,upright,shopgoodwill,sale,2026-08-29,65940017,calmcat417,order,1339,0,paid_orders_08-29-2026_08-29-2026.xlsx,7,1129,200,1
upright:65940003:sale,upright,shopgoodwill,sale,2026-08-29,65940003,quietfox777,order,14847,0,paid_orders_08-29-2026_08-29-2026.xlsx,8,1129,200,1
upright:65940019:sale,upright,shopgoodwill,sale,2026-08-29,65940019,quiethound594,order,12427,0,paid_orders_08-29-2026_08-29-2026.xlsx,9,999,200,3
upright:65940014:sale,upright,shopgoodwill,sale,2026-08-29,65940014,quietowl174,order,12391,0,paid_orders_08-29-2026_08-29-2026.xlsx,10,1499,200,1
upright:65940006:sale,upright,shopgoodwill,sale,2026-08-29,65940006,retropicker102,order,1602,0,paid_orders_08-29-2026_08-29-2026.xlsx,11,1499,200,2
upright:65940016:sale,upright,shopgoodwill,sale,2026-08-29,65940016,retrothrift198,order,14991,0,paid_orders_08-29-2026_08-29-2026.xlsx,12,1499,200,1
upright:65940008:sale,upright,shopgoodwill,sale,2026-08-29,65940008,retrofox181,order,12657,0,paid_orders_08-29-2026_08-29-2026.xlsx,13,999,200,1
upright:65940011:sale,upright,shopgoodwill,sale,2026-08-29,65940011,luckywolf250,order,916,0,paid_orders_08-29-2026_08-29-2026.xlsx,14,1099,200,1
upright:65940013:sale,upright,shopgoodwill,sale,2026-08-29,65940013,luckythrift812,order,3304,0,paid_orders_08-29-2026_08-29-2026.xlsx,15,1499,200,1
upright:65940024:sale,upright,shopgoodwill,sale,2026-08-29,65940024,happyhound489,order,3452,0,paid_orders_08-29-2026_08-29-2026.xlsx,16,1099,200,3
upright:65940022:sale,upright,shopgoodwill,sale,2026-08-29,65940022,retrothrift688,order,3521,0,paid_orders_08-29-2026_08-29-2026.xlsx,17,1129,200,3
upright:65940009:sale,upright,shopgoodwill,sale,2026-08-29,65940009,rustydeals704,order,8242,0,paid_orders_08-29-2026_08-29-2026.xlsx,18,1099,200,1
upright:65940012:sale,upright,shopgoodwill,sale,2026-08-29,65940012,rustyowl282,order,7648,0,paid_orders_08-29-2026_08-29-2026.xlsx,19,1099,200,3
upright:65940018:sale,upright,shopgoodwill,sale,2026-08-29,65940018,luckyfinds55,order,10170,0,paid_orders_08-29-2026_08-29-2026.xlsx,20,999,200,1
upright:65940015:sale,upright,shopgoodwill,sale,2026-08-29,65940015,rustydeals244,order,12803,0,paid_orders_08-29-2026_08-29-2026.xlsx,21,1129,200,1
upright:65940005:sale,upright,shopgoodwill,sale,2026-08-29,65940005,brightfinds783,order,10407,0,paid_orders_08-29-2026_08-29-2026.xlsx,22,1099,200,2
upright:65940023:sale,upright,shopgoodwill,sale,2026-08-29,65940023,happybear372,order,2252,0,paid_orders_08-29-2026_08-29-2026.xlsx,23,1129,200,1
upright:65940020:sale,upright,shopgoodwill,sale,2026-08-29,65940020,rustywolf621,order,8383,0,paid_orders_08-29-2026_08-29-2026.xlsx,24,1099,200,1
upright:65941001:sale,upright,shopgoodwill,sale,2026-08-30,65941001,brightwolf938,order,1036,0,paid_orders_08-30-2026_08-30-2026.xlsx,1,1099,200,1
upright:65941024:sale,upright,shopgoodwill,sale,2026-08-30,65941024,sunnybear917,order,6526,0,paid_orders_08-30-2026_08-30-2026.xlsx,2,1099,200,1
upright:65941014:sale,upright,shopgoodwill,sale,2026-08-30,65941014,quietwolf168,order,926,0,paid_orders_08-30-2026_08-30-2026.xlsx,3,1129,200,1
upright:65941002:sale,upright,shopgoodwill,sale,2026-08-30,65941002,brightcat341,order,10558,0,paid_orders_08-30-2026_08-30-2026.xlsx,4,1499,200,1
upright:65941021:sale,upright,shopgoodwill,sale,2026-08-30,65941021,bluehound288,order,3943,0,paid_orders_08-30-2026_08-30-2026.xlsx,5,999,200,1
upright:65941009:sale,upright,shopgoodwill,sale,2026-08-30,65941009,sunnyowl550,order,11767,0,paid_orders_08-30-2026_08-30-2026.xlsx,6,1099,200,2
upright:65941013:sale,upright,shopgoodwill,sale,2026-08-30,65941013,luckywolf431,order,14815,0,paid_orders_08-30-2026_08-30-2026.xlsx,7,999,200,1
upright:65941007:sale,upright,shopgoodwill,sale,2026-08-30,65941007,happyhound273,order,2629,0,paid_orders_08-30-2026_08-30-2026.xlsx,8,1129,200,3
upright:65941023:sale,upright,shopgoodwill,sale,2026-08-30,65941023,calmhound545,order,5619,0,paid_orders_08-30-2026_08-30-2026.xlsx,9,1129,200,1
upright:65941017:sale,upright,shopgoodwill,sale,2026-08-30,65941017,happydeals510,order,5541,0,paid_orders_08-30-2026_08-30-2026.xlsx,10,1099,200,1
upright:65941020:sale,upright,shopgoodwill,sale,2026-08-30,65941020,sunnyowl661,order,13399,0,paid_orders_08-30-2026_08-30-2026.xlsx,11,1129,200,1
upright:65941018:sale,upright,shopgoodwill,sale,2026-08-30,65941018,brightcat970,order,8303,0,paid_orders_08-30-2026_08-30-2026.xlsx,12,1129,200,1
upright:65941005:sale,upright,shopgoodwill,sale,2026-08-30,65941005,bluebear867,order,4361,0,paid_orders_08-30-2026_08-30-2026.xlsx,13,1129,200,1
upright:65941010:sale,upright,shopgoodwill,sale,2026-08-30,65941010,quietthrift779,order,11395,0,paid_orders_08-30-2026_08-30-2026.xlsx,14,999,200,1
upright:65941012:sale,upright,shopgoodwill,sale,2026-08-30,65941012,happyhound589,order,5243,0,paid_orders_08-30-2026_08-30-2026.xlsx,15,999,200,1
upright:65941003:sale,upright,shopgoodwill,sale,2026-08-30,65941003,quietbear693,order,11448,0,paid_orders_08-30-2026_08-30-2026.xlsx,16,1129,200,2
upright:65941004:sale,upright,shopgoodwill,sale,2026-08-30,65941004,luckypicker896,order,14361,0,paid_orders_08-30-2026_08-30-2026.xlsx,17,1099,200,1
upright:65941006:sale,upright,shopgoodwill,sale,2026-08-30,65941006,calmfox822,order,6445,0,paid_orders_08-30-2026_08-30-2026.xlsx,18,1099,200,1
upright:65941008:sale,upright,shopgoodwill,sale,2026-08-30,65941008,calmhound858,order,2288,0,paid_orders_08-30-2026_08-30-2026.xlsx,19,999,200,3
upright:65941019:sale,upright,shopgoodwill,sale,2026-08-30,65941019,calmpicker216,order,5420,0,paid_orders_08-30-2026_08-30-2026.xlsx,20,1099,200,1
upright:65941022:sale,upright,shopgoodwill,sale,2026-08-30,65941022,quietbear906,order,6477,0,paid_orders_08-30-2026_08-30-2026.xlsx,21,1499,200,2
upright:65941011:sale,upright,shopgoodwill,sale,2026-08-30,65941011,swiftpicker358,order,14914,0,paid_orders_08-30-2026_08-30-2026.xlsx,22,1499,200,1
upright:65941015:sale,upright,shopgoodwill,sale,2026-08-30,65941015,happywolf353,order,2105,0,paid_orders_08-30-2026_08-30-2026.xlsx,23,1099,200,2
upright:65941016:sale,upright,shopgoodwill,sale,2026-08-30,65941016,retrocat558,order,14541,0,paid_orders_08-30-2026_08-30-2026.xlsx,24,999,200,3
upright:65942019:sale,upright,shopgoodwill,sale,2026-08-31,65942019,rustypicker724,order,9019,0,paid_orders_08-31-2026_08-31-2026.xlsx,1,1099,200,1
upright:65942001:sale,upright,shopgoodwill,sale,2026-08-31,65942001,brightwolf772,order,7728,0,paid_orders_08-31-2026_08-31-2026.xlsx,2,1499,200,2
upright:65942002:sale,upright,shopgoodwill,sale,2026-08-31,65942002,sunnycat243,order,12430,0,paid_orders_08-31-2026_08-31-2026.xlsx,3,999,200,1
upright:65942007:sale,upright,shopgoodwill,sale,2026-08-31,65942007,swiftowl994,order,5837,0,paid_orders_08-31-2026_08-31-2026.xlsx,4,1499,200,3
upright:65942022:sale,upright,shopgoodwill,sale,2026-08-31,65942022,sunnyhound637,order,12317,0,paid_orders_08-31-2026_08-31-2026.xlsx,5,1099,200,3
upright:65942014:sale,upright,shopgoodwill,sale,2026-08-31,65942014,swiftwolf205,order,5494,0,paid_orders_08-31-2026_08-31-2026.xlsx,6,1129,200,3
upright:65942003:sale,upright,shopgoodwill,sale,2026-08-31,65942003,happybear109,order,6712,0,paid_orders_08-31-2026_08-31-2026.xlsx,7,1499,200,1
upright:65942015:sale,upright,shopgoodwill,sale,2026-08-31,65942015,swifthound598,order,3016,0,paid_orders_08-31-2026_08-31-2026.xlsx,8,999,200,1
upright:65942012:sale,upright,shopgoodwill,sale,2026-08-31,65942012,retrothrift936,order,9361,0,paid_orders_08-31-2026_08-31-2026.xlsx,9,999,200,1
upright:65942018:sale,upright,shopgoodwill,sale,2026-08-31,65942018,happydeals909,order,12980,0,paid_orders_08-31-2026_08-31-2026.xlsx,10,999,200,2
upright:65942023:sale,upright,shopgoodwill,sale,2026-08-31,65942023,calmthrift407,order,2972,0,paid_orders_08-31-2026_08-31-2026.xlsx,11,1129,200,1
upright:65942010:sale,upright,shopgoodwill,sale,2026-08-31,65942010,calmcat810,order,11132,0,paid_orders_08-31-2026_08-31-2026.xlsx,12,999,200,2
upright:65942004:sale,upright,shopgoodwill,sale,2026-08-31,65942004,sunnyfox476,order,13119,0,paid_orders_08-31-2026_08-31-2026.xlsx,13,1129,200,3
upright:65942021:sale,upright,shopgoodwill,sale,2026-08-31,65942021,quietdeals872,order,6692,0,paid_orders_08-31-2026_08-31-2026.xlsx,14,1099,200,1
upright:65942009:sale,upright,shopgoodwill,sale,2026-08-31,65942009,bluebear392,order,14328,0,paid_orders_08-31-2026_08-31-2026.xlsx,15,999,200,1
upright:65942024:sale,upright,shopgoodwill,sale,2026-08-31,65942024,swifthound835,order,5830,0,paid_orders_08-31-2026_08-31-2026.xlsx,16,1129,200,1
upright:65942013:sale,upright,shopgoodwill,sale,2026-08-31,65942013,sunnywolf91,order,13859,0,paid_orders_08-31-2026_08-31-2026.xlsx,17,1099,200,1
upright:65942011:sale,upright,shopgoodwill,sale,2026-08-31,65942011,calmowl901,order,11379,0,paid_orders_08-31-2026_08-31-2026.xlsx,18,999,200,2
upright:65942017:sale,upright,shopgoodwill,sale,2026-08-31,65942017,sunnywolf380,order,7103,0,paid_orders_08-31-2026_08-31-2026.xlsx,19,999,200,2
upright:65942008:sale,upright,shopgoodwill,sale,2026-08-31,65942008,luckybear473,order,11258,0,paid_orders_08-31-2026_08-31-2026.xlsx,20,1499,200,3
upright:65942006:sale,upright,shopgoodwill,sale,2026-08-31,65942006,calmwolf466,order,11110,0,paid_orders_08-31-2026_08-31-2026.xlsx,21,1499,200,1
upright:65942020:sale,upright,shopgoodwill,sale,2026-08-31,65942020,rustycat657,order,13138,0,paid_orders_08-31-2026_08-31-2026.xlsx,22,1129,200,1
upright:65942016:sale,upright,shopgoodwill,sale,2026-08-31,65942016,brightdeals465,order,5209,0,paid_orders_08-31-2026_08-31-2026.xlsx,23,1129,200,2
upright:65942005:sale,upright,shopgoodwill,sale,2026-08-31,65942005,retrocat222,order,6016,0,paid_orders_08-31-2026_08-31-2026.xlsx,24,1129,200,1
